averageRating,numVotes,primaryTitle,startYear,genres
7.1,4225,Dante's Inferno,1911,"Adventure,Drama,Fantasy"
6.9,2746,Fantômas: In the Shadow of the Guillotine,1913,"Crime,Drama"
7.0,1623,Ingeborg Holm,1913,Drama
6.9,1864,Fantomas: The Man in Black,1913,"Crime,Drama"
7.1,4381,Cabiria,1914,"Adventure,Drama,History"
6.8,1579,Fantomas: The Mysterious Finger Print,1914,"Crime,Drama"
6.8,1579,The Regeneration,1915,"Biography,Crime,Drama"
7.3,5896,Les Vampires,1915,"Action,Adventure,Crime"
7.6,18102,Intolerance,1916,"Drama,History"
6.7,1682,The Poor Little Rich Girl,1917,"Comedy,Drama,Family"
7.3,2613,A Man There Was,1917,"Drama,War"
7.2,2341,The Outlaw and His Wife,1918,Drama
6.9,1746,Stella Maris,1918,Drama
7.0,1740,Different from the Others,1919,"Crime,Drama,History"
7.2,2425,The Oyster Princess,1919,Comedy
6.9,1823,Blind Husbands,1919,"Drama,Romance"
7.2,11828,Broken Blossoms,1919,"Drama,Romance"
6.6,1522,Daddy-Long-Legs,1919,"Comedy,Drama,Musical"
7.1,1708,Sir Arne's Treasure,1919,"Drama,History"
6.8,1846,I Don't Want to Be a Man,1918,"Comedy,Romance"
7.7,2461,J'accuse!,1919,"Drama,Horror,War"
8.0,76700,The Cabinet of Dr. Caligari,1920,"Horror,Mystery,Thriller"
7.0,2084,Male and Female,1919,"Adventure,Drama"
7.4,2712,The Doll,1919,"Comedy,Fantasy,Romance"
6.9,2158,True Heart Susie,1919,"Comedy,Drama,Romance"
6.9,6715,Dr. Jekyll and Mr. Hyde,1920,"Drama,Horror,Sci-Fi"
7.2,9604,The Golem,1920,"Fantasy,Horror"
6.6,1590,The Last of the Mohicans,1920,"Action,Adventure,Drama"
7.0,3116,The Mark of Zorro,1920,"Adventure,Drama,Romance"
7.3,2871,The Penalty,1920,"Crime,Drama,Horror"
7.1,1668,The Parson's Widow,1920,"Comedy,Drama"
7.3,6349,Way Down East,1920,"Drama,Romance"
6.7,1564,Why Change Your Wife?,1920,"Comedy,Drama"
6.8,1519,The Wildcat,1921,"Comedy,Drama,Romance"
7.1,3845,The Four Horsemen of the Apocalypse,1921,"Drama,Romance,War"
8.2,146663,The Kid,1921,"Comedy,Drama,Family"
8.0,15938,The Phantom Carriage,1921,"Drama,Fantasy,Horror"
7.6,7406,Destiny,1921,"Drama,Fantasy,Horror"
7.3,5788,Orphans of the Storm,1921,"Drama,History,Romance"
7.1,2040,Tol'able David,1921,Drama
6.7,2476,Beyond the Rocks,1922,"Drama,Romance"
7.1,1820,Dr. Jack,1922,"Comedy,Romance"
7.8,10018,"Dr. Mabuse, the Gambler",1922,"Crime,Mystery,Thriller"
7.0,4373,Foolish Wives,1922,"Drama,Thriller"
7.0,2214,Grandma's Boy,1922,"Comedy,Family"
7.6,19432,Häxan,1922,"Documentary,Fantasy,Horror"
7.6,14489,Nanook of the North,1922,Documentary
7.8,124073,Nosferatu,1922,"Fantasy,Horror"
6.7,2108,Phantom,1922,"Drama,Romance"
7.0,2726,Robin Hood,1922,"Adventure,Family,Romance"
7.4,1600,The Faithful Heart,1923,"Drama,Romance"
7.0,1556,The Saga of Gösta Berling,1924,"Drama,Romance"
7.2,6884,The Hunchback of Notre Dame,1923,"Drama,Horror,Romance"
7.7,13647,Our Hospitality,1923,"Comedy,Romance,Thriller"
7.2,6269,The Pilgrim,1923,"Comedy,Western"
7.4,2829,The Wheel,1923,Drama
8.1,25065,Safety Last!,1923,"Action,Comedy,Romance"
6.8,2997,The Ten Commandments,1923,"Biography,Drama,History"
7.0,5816,Three Ages,1923,Comedy
6.6,2619,Waxworks,1924,"Fantasy,Horror"
7.3,2282,Why Worry?,1923,"Adventure,Comedy,Family"
6.9,7021,A Woman of Paris: A Drama of Fate,1923,"Drama,Romance"
7.6,3980,Girl Shy,1924,"Comedy,Romance"
7.7,4935,He Who Gets Slapped,1924,"Drama,Horror,Romance"
7.1,1743,Hot Water,1924,Comedy
7.2,2774,The Iron Horse,1924,"Drama,History,Romance"
8.0,16641,The Last Laugh,1924,Drama
7.0,1662,The Marriage Circle,1924,Comedy
7.1,2262,Michael,1924,"Drama,Romance"
7.5,12159,The Navigator,1924,"Action,Adventure,Comedy"
7.9,5645,Die Nibelungen: Kriemhild's Revenge,1924,"Adventure,Drama,Fantasy"
8.1,7363,Die Nibelungen: Siegfried,1924,"Adventure,Drama,Fantasy"
7.0,3893,The Hands of Orlac,1924,"Crime,Horror,Mystery"
7.1,2159,Paris Asleep,1925,"Comedy,Sci-Fi"
7.1,1502,Peter Pan,1924,"Adventure,Family,Fantasy"
8.1,66649,Sherlock Jr.,1924,"Action,Comedy,Romance"
7.6,9583,Strike,1925,Drama
7.7,7763,The Thief of Bagdad,1924,"Adventure,Family,Fantasy"
7.8,7820,The Adventures of Prince Achmed,1926,"Adventure,Animation,Drama"
7.9,7894,The Big Parade,1925,"Drama,Romance,War"
7.9,65496,Battleship Potemkin,1925,"Drama,History,Thriller"
7.0,2682,Master of the House,1925,"Comedy,Drama"
6.6,2523,The Eagle,1925,"Action,Adventure,Comedy"
7.5,6658,The Freshman,1925,"Comedy,Family,Romance"
7.0,1902,The Joyless Street,1925,Drama
7.1,5677,Go West,1925,"Comedy,Western"
8.1,128824,The Gold Rush,1925,"Adventure,Comedy,Drama"
8.0,11655,Greed,1924,"Drama,Thriller,Western"
7.2,1580,Lady Windermere's Fan,1925,Comedy
7.0,2093,The Little Colonel,1935,"Comedy,Family,Musical"
7.0,6674,The Lost World,1925,"Adventure,Fantasy,Horror"
7.2,2743,The Merry Widow,1925,"Drama,Romance"
7.5,22407,The Phantom of the Opera,1925,"Horror,Music"
7.8,13348,Seven Chances,1925,"Comedy,Romance"
7.1,2521,The Unholy Three,1925,"Crime,Drama,Romance"
7.4,1581,Variety,1925,"Crime,Drama,Romance"
7.0,4523,Battling Butler,1926,"Comedy,Romance,Sport"
7.8,8437,Ben-Hur: A Tale of the Christ,1925,"Action,Adventure,Drama"
7.0,2414,The Black Pirate,1926,"Action,Adventure"
7.2,1777,La Bohème,1926,"Drama,Romance"
8.1,18523,Faust,1926,"Drama,Fantasy,Horror"
7.6,4968,Flesh and the Devil,1926,"Drama,Romance"
7.5,2184,For Heaven's Sake,1926,"Action,Comedy,Romance"
7.3,5472,A Page of Madness,1926,"Drama,Horror,Thriller"
7.3,15229,The Lodger: A Story of the London Fog,1927,"Crime,Drama,Mystery"
7.4,3338,Mother,1926,Drama
8.2,202490,Metropolis,1927,"Drama,Sci-Fi"
7.6,2162,The Scarlet Letter,1926,Drama
7.3,1673,Sparrows,1926,Drama
7.1,2964,Tartuffe,1925,"Comedy,Drama"
7.5,1739,3 Bad Men,1926,"Drama,Romance,Western"
6.6,2037,West Point,1927,"Drama,Romance,Sport"
7.6,5204,Berlin: Symphony of Metropolis,1927,Documentary
7.1,3844,The Cat and the Canary,1927,"Comedy,Horror,Mystery"
6.9,5892,College,1927,"Comedy,Drama,Sport"
8.1,105789,The General,1926,"Action,Adventure,Comedy"
7.2,4020,It,1927,"Comedy,Romance"
7.6,5312,The Kid Brother,1927,"Comedy,Drama,Family"
7.3,2717,The King of Kings,1927,"Biography,Drama,Family"
7.3,1995,The End of St. Petersburg,1927,Drama
6.7,1588,London After Midnight,1927,"Horror,Mystery,Thriller"
8.2,9839,Napoleon,1927,"Biography,Drama,History"
7.4,9063,October (Ten Days that Shook the World),1928,"Drama,History"
6.8,1576,The Red Mill,1927,"Comedy,Romance"
7.5,4726,7th Heaven,1927,"Drama,Romance"
7.5,1844,The Student Prince in Old Heidelberg,1927,"Drama,Romance"
8.1,56977,Sunrise,1927,"Drama,Romance"
7.1,1712,Tell It to the Marines,1926,"Comedy,Drama,Romance"
7.5,3939,Underworld,1927,"Crime,Drama,Film-Noir"
7.7,10371,The Unknown,1927,"Drama,Horror,Romance"
7.5,16474,Wings,1927,"Action,Drama,Romance"
7.4,1555,Beggars of Life,1928,"Adventure,Crime,Drama"
7.7,13014,Pandora's Box,1929,"Crime,Drama,Romance"
8.0,14705,The Cameraman,1928,"Comedy,Drama,Family"
7.2,5094,The Fall of the House of Usher,1928,"Drama,Fantasy,Horror"
8.1,38800,The Circus,1928,"Comedy,Family,Romance"
8.0,10096,The Crowd,1928,"Drama,Romance"
7.5,5552,The Docks of New York,1928,"Crime,Drama,Film-Noir"
7.9,5121,The Last Command,1928,"Drama,Romance,War"
7.5,2302,"Laugh, Clown, Laugh",1928,"Drama,Romance"
7.7,2987,Lonesome,1928,"Comedy,Drama,Romance"
7.6,9306,The Man Who Laughs,1928,"Drama,Horror,Mystery"
7.2,1548,The Mysterious Lady,1928,"Drama,Romance,Thriller"
6.7,2215,Our Dancing Daughters,1928,Drama
8.1,68958,The Passion of Joan of Arc,1928,"Biography,Drama,History"
7.4,2914,The Patsy,1928,"Comedy,Drama,Romance"
6.9,2515,Storm Over Asia,1928,"Drama,War"
7.2,3015,Sadie Thompson,1928,Drama
7.6,4270,Show People,1928,"Comedy,Romance"
7.6,4847,Speedy,1928,"Action,Comedy,Family"
7.5,4372,Spies,1928,"Romance,Thriller"
7.8,17697,"Steamboat Bill, Jr.",1928,"Action,Comedy,Drama"
7.2,2820,Street Angel,1928,Drama
7.3,2050,The Wedding March,1928,"Drama,Romance"
7.2,2134,West of Zanzibar,1928,"Drama,Horror,Mystery"
8.0,7871,The Wind,1928,"Drama,Romance,Thriller"
7.1,1865,A Woman of Affairs,1928,Drama
7.1,1646,Applause,1929,"Drama,Musical,Romance"
7.1,2530,Arsenal,1929,"Drama,War"
7.4,1869,Asphalt,1929,"Crime,Drama,Romance"
6.9,13655,Blackmail,1929,"Crime,Drama,Mystery"
8.3,30605,Man with a Movie Camera,1929,Documentary
6.8,8906,The Cocoanuts,1929,"Comedy,Musical,Romance"
7.3,4281,Woman in the Moon,1929,"Adventure,Comedy,Drama"
6.7,2244,Hallelujah,1929,"Drama,Musical"
7.0,1574,The Iron Mask,1929,"Adventure,Drama,History"
6.9,2956,The Love Parade,1929,"Comedy,Musical,Romance"
7.6,1698,Lucky Star,1929,"Drama,Romance"
7.2,3995,People on Sunday,1930,"Comedy,Drama,Romance"
7.1,2110,Piccadilly,1929,"Crime,Drama"
7.1,3582,Queen Kelly,1929,"Drama,Romance"
6.9,2837,Spite Marriage,1929,Comedy
7.1,1882,The General Line,1929,Drama
7.8,5230,Diary of a Lost Girl,1929,Drama
8.1,72516,All Quiet on the Western Front,1930,"Drama,War"
7.4,16250,Animal Crackers,1930,"Comedy,Family,Musical"
7.1,3045,The Big House,1930,"Crime,Drama,Thriller"
7.2,5241,The Big Trail,1930,"Adventure,Drama,Romance"
7.6,17771,The Blue Angel,1930,"Drama,Music,Romance"
7.7,4108,City Girl,1930,"Drama,Romance"
7.1,2327,The Dawn Patrol,1930,"Action,Drama,War"
6.6,4168,The Divorcee,1930,"Drama,Romance"
7.2,6825,Hell's Angels,1930,"Drama,War"
6.7,1948,King of Jazz,1930,"Comedy,Musical"
6.7,1993,Ladies of Leisure,1930,"Drama,Romance"
7.1,16127,Little Caesar,1931,"Action,Crime,Drama"
6.7,2143,Min and Bill,1930,"Comedy,Drama"
6.6,1686,Monte Carlo,1930,"Comedy,Musical,Romance"
7.0,8493,Morocco,1930,"Drama,Romance"
7.6,1795,The Story of the Fox,1937,"Adventure,Animation,Comedy"
7.2,8057,The Blood of a Poet,1932,Fantasy
7.0,2713,Under the Roofs of Paris,1930,"Comedy,Drama,Musical"
6.7,1571,The Unholy Three,1930,"Crime,Drama,Romance"
7.3,2945,Westfront 1918,1930,"Drama,Romance,War"
7.2,7053,Earth,1930,Drama
7.2,15797,L'Age d'Or,1930,"Comedy,Drama"
6.6,1882,The Black Camel,1931,"Crime,Mystery,Thriller"
7.1,2616,Blonde Crazy,1931,"Comedy,Crime,Drama"
7.2,3998,The Champ,1931,"Drama,Family,Sport"
7.5,5387,The Bitch,1931,"Crime,Drama,Romance"
8.5,217699,City Lights,1931,"Comedy,Drama,Romance"
7.0,2116,City Streets,1931,"Crime,Drama,Film-Noir"
6.9,1802,The Criminal Code,1931,"Crime,Drama,Romance"
7.2,3601,Dishonored,1931,"Drama,Romance,War"
7.3,65214,Dracula,1931,"Drama,Fantasy,Horror"
7.0,5661,Drácula,1931,"Drama,Fantasy,Horror"
7.2,2751,The Threepenny Opera,1931,"Comedy,Crime,Drama"
7.3,2962,Five Star Final,1931,"Crime,Drama"
7.7,88425,Frankenstein,1931,"Drama,Horror,Sci-Fi"
6.6,3219,A Free Soul,1931,"Crime,Drama,Romance"
6.7,3889,The Front Page,1931,"Comedy,Crime,Drama"
7.7,1925,"Hyppolit, the Butler",1931,Comedy
7.5,2085,Comradeship,1931,"Drama,Thriller"
7.1,4451,The Smiling Lieutenant,1931,"Comedy,Musical,Romance"
7.0,3337,Limit,1931,"Drama,Romance"
8.3,183896,M,1931,"Crime,Mystery,Thriller"
6.8,3597,The Maltese Falcon,1931,"Crime,Drama,Film-Noir"
7.8,2906,Marius,1931,"Comedy,Drama,Romance"
7.3,4103,Le Million,1931,"Comedy,Musical"
7.2,2768,The Miracle Woman,1931,"Drama,Romance"
7.4,13789,Monkey Business,1931,"Comedy,Family,Musical"
7.5,4415,Mädchen in Uniform,1931,"Drama,Romance"
7.0,5155,Night Nurse,1931,"Comedy,Crime,Drama"
6.8,3103,Pardon Us,1931,Comedy
6.7,3993,Platinum Blonde,1931,"Comedy,Romance"
6.9,2615,Possessed,1931,"Drama,Romance"
7.6,23732,The Public Enemy,1931,"Crime,Drama"
6.9,2366,Safe in Hell,1931,"Crime,Drama,Romance"
6.8,2532,Smart Money,1931,"Crime,Drama"
7.6,2489,Street Scene,1931,"Drama,Romance"
6.8,2964,Svengali,1931,"Drama,Horror,Romance"
7.3,6965,Tabu: A Story of the South Seas,1931,"Adventure,Drama,Romance"
7.1,1712,Tokyo Chorus,1931,"Comedy,Drama"
7.4,3442,Waterloo Bridge,1931,"Drama,Romance,War"
7.4,5368,À Nous la Liberté,1931,"Comedy,Musical"
7.4,2676,American Madness,1932,"Drama,Mystery"
6.7,1685,The Beast of the City,1932,"Crime,Drama,Film-Noir"
6.8,1568,The Blue Light,1932,"Drama,Fantasy,Mystery"
7.1,6385,Blonde Venus,1932,Drama
7.2,6690,Boudu Saved from Drowning,1932,Comedy
7.6,1932,Broken Lullaby,1932,Drama
6.6,2005,The Cabin in the Cotton,1932,Drama
7.7,1968,Wooden Crosses,1932,"Drama,War"
7.0,1964,Downstairs,1932,"Drama,Romance"
7.6,17902,Dr. Jekyll and Mr. Hyde,1931,"Horror,Sci-Fi"
6.6,3162,Ecstasy,1933,"Drama,Romance"
7.7,2170,Fanny,1932,"Comedy,Drama"
6.9,2407,Forbidden,1932,"Drama,Romance"
7.8,55175,Freaks,1932,"Drama,Horror"
7.3,22857,Grand Hotel,1932,"Drama,Romance"
7.5,14220,Horse Feathers,1932,"Comedy,Family,Musical"
8.2,15775,I Am a Fugitive from a Chain Gang,1932,"Crime,Drama,Film-Noir"
6.9,2570,If I Had a Million,1932,"Comedy,Drama"
7.2,3043,Jewel Robbery,1932,"Comedy,Crime,Romance"
7.5,5162,Love Me Tonight,1932,"Comedy,Musical,Romance"
6.6,1613,Me and My Gal,1932,"Comedy,Drama,Romance"
6.9,2366,Merrily We Go to Hell,1932,"Comedy,Drama,Romance"
6.8,1553,Million Dollar Legs,1932,"Comedy,Sport"
7.0,15611,The Most Dangerous Game,1932,"Action,Adventure,Horror"
7.1,1838,Movie Crazy,1932,"Comedy,Family,Romance"
6.9,33580,The Mummy,1932,"Fantasy,Horror"
6.6,1832,No Man of Her Own,1932,"Comedy,Drama,Romance"
7.0,14887,The Old Dark House,1932,"Adventure,Comedy,Drama"
7.0,3279,One Hour with You,1932,"Comedy,Musical,Romance"
7.5,5021,One Way Passage,1932,"Comedy,Drama,Romance"
7.2,2970,Pack Up Your Troubles,1932,"Comedy,War"
6.9,1697,The Penguin Pool Murder,1932,"Comedy,Drama,Mystery"
6.9,3541,Rain,1932,Drama
7.2,5359,Red Dust,1932,"Comedy,Drama,Romance"
7.0,3978,Red-Headed Woman,1932,"Comedy,Drama,Romance"
7.7,33664,Scarface,1932,"Action,Crime,Drama"
7.3,11897,Shanghai Express,1932,"Adventure,Drama,Film-Noir"
6.8,3092,The Sign of the Cross,1932,"Drama,History"
6.8,1795,Smilin' Through,1932,"Drama,Romance"
6.8,1987,So Big!,1932,"Drama,Romance"
6.9,8989,Tarzan the Ape Man,1932,"Action,Adventure,Romance"
6.6,1816,Taxi,1931,"Crime,Drama,Romance"
7.9,14719,The Testament of Dr. Mabuse,1933,"Crime,Mystery,Thriller"
7.1,5010,Three on a Match,1932,"Crime,Drama,Romance"
7.9,17646,Trouble in Paradise,1932,"Comedy,Crime,Romance"
7.8,6820,"I Was Born, But...",1932,"Comedy,Drama"
7.4,23004,Vampyr,1932,"Fantasy,Horror"
7.0,2924,What Price Hollywood?,1932,"Drama,Romance"
6.8,3210,"20,000 Years in Sing Sing",1932,"Crime,Drama,Film-Noir"
7.5,9325,Baby Face,1933,"Drama,Romance"
6.9,4831,The Bitter Tea of General Yen,1932,"Drama,Romance,War"
7.0,3455,Bombshell,1933,"Comedy,Drama,Mystery"
7.7,1642,A Song of Lisbon,1933,"Comedy,Musical"
7.5,1693,Counsellor at Law,1933,"Comedy,Drama"
6.8,2917,Dancing Lady,1933,"Comedy,Musical,Romance"
7.2,1610,Passing Fancy,1933,"Drama,Romance"
7.4,8669,Design for Living,1933,"Comedy,Mystery,Romance"
7.0,2234,The Devil's Brother,1933,"Comedy,Musical"
7.5,9787,Dinner at Eight,1933,Drama
7.7,64299,Duck Soup,1933,"Comedy,Musical"
7.0,1552,The Eagle and the Hawk,1933,"Action,Drama,War"
7.2,1871,Employees' Entrance,1933,"Drama,Romance"
6.7,2134,Female,1933,"Comedy,Drama,Romance"
6.6,4375,Flying Down to Rio,1933,"Comedy,Musical,Romance"
7.5,6712,Footlight Parade,1933,"Comedy,Musical,Romance"
7.3,13957,42nd Street,1933,"Comedy,Drama,Musical"
7.7,10133,Gold Diggers of 1933,1933,"Comedy,Drama,Musical"
7.3,2739,Heroes for Sale,1933,"Drama,Romance,War"
6.9,2049,Hold Your Man,1933,"Crime,Drama,Romance"
6.9,4376,I'm No Angel,1933,"Comedy,Music,Romance"
6.9,1664,International House,1933,Comedy
7.6,44482,The Invisible Man,1933,"Horror,Sci-Fi"
7.3,12364,Island of Lost Souls,1932,"Horror,Sci-Fi"
6.8,4669,The Kennel Murder Case,1933,"Crime,Drama,Mystery"
7.9,96430,King Kong,1933,"Adventure,Horror"
6.6,2290,Ladies They Talk About,1933,Drama
7.0,2304,Lady Killer,1933,"Comedy,Crime,Drama"
7.4,5263,Lady for a Day,1933,"Comedy,Drama"
7.5,1671,Playing at Love,1933,"Drama,Romance"
7.0,1547,The Little Giant,1933,"Comedy,Crime,Romance"
7.1,8583,Little Women,1933,"Drama,Family,Romance"
7.1,2180,Man's Castle,1933,"Drama,Romance"
6.9,2143,The Mayor of Hell,1933,"Crime,Drama,Romance"
7.0,1935,Midnight Mary,1933,"Crime,Drama,Romance"
6.8,7692,Mystery of the Wax Museum,1933,"Horror,Mystery,Thriller"
7.0,2063,Picture Snatcher,1933,"Crime,Drama"
7.0,5478,The Private Life of Henry VIII,1933,"Biography,Drama,History"
7.5,9395,Queen Christina,1933,"Biography,Drama,History"
7.5,10467,Sons of the Desert,1933,"Comedy,Family"
7.1,2251,The Story of Temple Drake,1933,"Crime,Drama"
7.5,2679,Wild Boys of the Road,1933,"Adventure,Drama"
7.2,10105,Zero de Conduite,1933,Drama
7.0,1571,Anne of Green Gables,1934,"Comedy,Drama,Family"
7.7,18765,L'Atalante,1934,"Adventure,Drama,Romance"
7.1,8304,March of the Wooden Soldiers,1934,"Comedy,Family,Fantasy"
6.9,2432,The Barretts of Wimpole Street,1934,"Biography,Drama,Romance"
6.9,14534,The Black Cat,1934,"Crime,Horror,Romance"
7.2,2748,Bright Eyes,1934,"Comedy,Drama,Family"
7.0,1621,Chapayev,1934,"Biography,Drama,History"
6.9,2321,Charlie Chan in London,1934,"Crime,Drama,Mystery"
6.8,5213,Cleopatra,1934,"Biography,Drama,History"
7.3,3858,The Count of Monte Cristo,1934,"Action,Adventure,Crime"
7.0,2713,Dames,1934,"Comedy,Music,Musical"
6.9,2679,Death Takes a Holiday,1934,"Drama,Fantasy,Romance"
6.9,2008,Evelyn Prentice,1934,"Drama,Mystery,Romance"
6.6,2180,Fashions of 1934,1934,"Comedy,Drama,Musical"
7.3,9402,The Gay Divorcee,1934,"Comedy,Musical,Romance"
6.6,1577,The Girl from Missouri,1934,"Comedy,Drama,Romance"
7.5,6239,Imitation of Life,1934,"Comedy,Drama,Romance"
8.1,120325,It Happened One Night,1934,"Comedy,Romance"
7.0,6126,It's a Gift,1934,Comedy
6.6,2237,Jimmy the Gent,1934,"Comedy,Crime,Drama"
7.0,1624,Little Miss Marker,1934,"Adventure,Comedy,Drama"
6.8,4002,The Lost Patrol,1934,"Action,Adventure,Drama"
6.7,23698,The Man Who Knew Too Much,1934,"Crime,Drama,Mystery"
7.1,2542,Man of Aran,1934,"Documentary,Drama"
7.1,5356,Manhattan Melodrama,1934,"Crime,Drama,Romance"
7.1,3597,The Merry Widow,1934,"Comedy,Musical,Romance"
8.3,2251,Les Misérables,1934,Drama
7.0,9243,Of Human Bondage,1934,"Drama,Film-Noir,Romance"
7.0,2384,Our Daily Bread,1934,"Drama,Romance"
6.9,1996,Sadie McKee,1934,"Drama,Romance"
7.5,7987,The Scarlet Empress,1934,"Drama,History,Romance"
7.3,5254,The Scarlet Pimpernel,1934,"Adventure,Drama"
7.2,6128,Tarzan and His Mate,1934,"Action,Adventure,Romance"
7.9,35486,The Thin Man,1934,"Comedy,Crime,Mystery"
7.2,2314,Toni,1935,"Crime,Drama,Romance"
7.1,3572,Treasure Island,1934,"Adventure,Drama,Family"
7.1,18568,Triumph of the Will,1935,"Documentary,History"
7.2,7925,Twentieth Century,1934,"Comedy,Romance"
7.6,3858,A Story of Floating Weeds,1934,Drama
7.6,66648,The 39 Steps,1935,"Crime,Mystery,Thriller"
6.8,4922,Alice Adams,1935,"Comedy,Drama,Romance"
7.0,6254,Anna Karenina,1935,"Drama,Romance"
6.6,2106,Annie Oakley,1935,"Biography,Drama,Western"
6.7,2427,Barbary Coast,1935,"Adventure,Drama,Romance"
6.9,2795,The Black Room,1935,Horror
6.7,2258,Bonnie Scotland,1935,Comedy
6.6,2137,Bordertown,1935,"Crime,Drama,Film-Noir"
7.8,59381,Bride of Frankenstein,1935,"Drama,Horror,Sci-Fi"
6.7,2288,Broadway Melody of 1936,1935,"Comedy,Musical,Romance"
6.8,2910,Call of the Wild,1935,"Adventure,Drama,Family"
7.7,17514,Captain Blood,1935,"Action,Adventure,History"
6.6,2291,Charlie Chan in Egypt,1935,"Crime,Drama,Mystery"
7.1,1902,Charlie Chan in Paris,1935,"Crime,Mystery"
6.9,1743,Charlie Chan in Shanghai,1935,"Crime,Drama,Mystery"
6.9,3280,China Seas,1935,"Action,Adventure,Drama"
6.9,2506,Crime and Punishment,1935,"Crime,Drama"
6.8,2308,Curly Top,1935,"Family,Musical,Romance"
6.8,4017,Dangerous,1935,"Drama,Romance"
7.3,5181,David Copperfield,1935,"Adventure,Drama,Family"
6.9,4338,The Devil Is a Woman,1935,"Comedy,Drama,Romance"
7.1,4689,'G' Men,1935,"Crime,Drama,Film-Noir"
6.7,2377,The Ghost Goes West,1935,"Comedy,Fantasy,Horror"
6.8,3167,Gold Diggers of 1935,1935,"Comedy,Musical,Romance"
7.4,1846,The Good Fairy,1935,"Comedy,Romance"
6.9,2397,Hands Across the Table,1935,"Comedy,Romance"
7.0,1748,If You Could Only Cook,1935,"Comedy,Romance"
7.3,7912,The Informer,1935,"Crime,Drama"
7.4,1568,Carnival in Flanders,1935,"Comedy,History,Romance"
6.7,1837,The Littlest Rebel,1935,"Comedy,Drama,Family"
7.0,3585,The Lives of a Bengal Lancer,1935,"Adventure,Drama,War"
7.2,6540,Mad Love,1935,"Horror,Romance,Sci-Fi"
6.8,4213,A Midsummer Night's Dream,1935,"Comedy,Fantasy,Romance"
7.6,4255,Les Misérables,1935,"Drama,History,Romance"
7.6,26878,Mutiny on the Bounty,1935,"Adventure,Biography,Drama"
7.8,36680,A Night at the Opera,1935,"Comedy,Music,Musical"
6.9,2944,Peter Ibbetson,1935,"Drama,Fantasy,Romance"
6.8,7314,The Raven,1935,"Crime,Horror"
7.0,3988,Roberta,1935,"Comedy,Musical,Romance"
7.5,4906,Ruggles of Red Gap,1935,"Comedy,Mystery,Romance"
6.7,1920,Star of Midnight,1935,"Comedy,Mystery,Romance"
7.8,6979,A Tale of Two Cities,1935,"Drama,History,Romance"
7.4,1846,An Inn in Tokyo,1935,Drama
7.7,22308,Top Hat,1935,"Comedy,Musical,Romance"
7.3,3941,The Whole Town's Talking,1935,"Comedy,Crime,Drama"
7.6,13264,After the Thin Man,1936,"Comedy,Crime,Mystery"
7.5,3965,The Lower Depths,1936,"Crime,Drama,Romance"
7.5,1624,They Were Five,1936,Drama
7.0,4256,Black Legion,1937,"Crime,Drama,Film-Noir"
6.6,2444,The Bohemian Girl,1936,"Comedy,Musical"
6.7,2157,Born to Dance,1936,"Comedy,Musical,Romance"
7.0,3775,Bullets or Ballots,1936,"Crime,Drama,Film-Noir"
7.0,1657,Captain January,1936,"Comedy,Family,Musical"
7.0,5894,The Charge of the Light Brigade,1936,"Action,Adventure,Romance"
6.8,1928,Charlie Chan at the Circus,1936,"Crime,Mystery"
7.1,2475,Charlie Chan at the Opera,1936,"Crime,Mystery"
7.1,1742,Charlie Chan at the Race Track,1936,"Crime,Mystery"
6.9,1950,Charlie Chan's Secret,1935,"Crime,Mystery"
6.8,2661,Come and Get It,1936,"Drama,Romance"
7.2,4101,The Crime of Monsieur Lange,1936,"Comedy,Crime,Drama"
7.6,1862,César,1936,Drama
7.1,3406,Desire,1936,"Comedy,Crime,Romance"
7.0,5521,The Devil-Doll,1936,"Drama,Horror,Sci-Fi"
7.7,11194,Dodsworth,1936,"Drama,Romance"
7.4,2139,"Bizarre, Bizarre",1937,Comedy
6.9,2499,The Ex-Mrs. Bradford,1936,"Comedy,Mystery"
6.9,2945,Flash Gordon,1936,"Action,Adventure,Family"
7.1,5072,Follow the Fleet,1936,"Comedy,Musical,Romance"
7.8,14850,Fury,1936,"Crime,Drama,Film-Noir"
7.4,3299,Sisters of the Gion,1936,Drama
6.6,9872,The Great Ziegfeld,1936,"Drama,Musical"
7.7,4623,The Only Son,1936,Drama
6.6,1963,The Last of the Mohicans,1936,"Adventure,Drama,Western"
7.8,9726,Libeled Lady,1936,"Comedy,Romance"
7.3,2861,Little Lord Fauntleroy,1936,"Drama,Family"
8.5,287018,Modern Times,1936,"Comedy,Drama,Romance"
7.8,25151,Mr. Deeds Goes to Town,1936,"Comedy,Drama,Romance"
7.9,28850,My Man Godfrey,1936,"Comedy,Drama,Romance"
7.2,2828,Osaka Elegy,1936,"Comedy,Drama"
7.3,3790,Our Relations,1936,"Comedy,Family"
7.5,16014,The Petrified Forest,1936,"Drama,Thriller"
6.8,2738,The Plainsman,1936,"Drama,Western"
7.0,1729,Poor Little Rich Girl,1936,"Adventure,Comedy,Family"
7.2,2872,The Prisoner of Shark Island,1936,"Biography,Drama,History"
7.0,2237,Rembrandt,1936,"Biography,Drama"
7.5,2800,The Story of a Cheat,1936,Comedy
6.7,1505,Rose-Marie,1936,"Adventure,Drama,Musical"
7.0,20899,Sabotage,1936,"Crime,Thriller"
7.1,6679,San Francisco,1936,"Drama,Music,Romance"
7.4,4089,Show Boat,1936,"Comedy,Drama,Musical"
7.2,3579,The Story of Louis Pasteur,1936,"Biography,Drama,History"
7.1,1617,Stowaway,1936,"Adventure,Family,Musical"
7.4,15692,Swing Time,1936,"Comedy,Musical,Romance"
7.1,3279,Theodora Goes Wild,1936,"Comedy,Mystery,Romance"
7.4,3583,These Three,1936,"Drama,Romance"
6.6,10260,Things to Come,1936,"Drama,Sci-Fi,War"
6.6,1722,Three Smart Girls,1936,"Comedy,Musical,Romance"
6.8,1554,The Trail of the Lonesome Pine,1936,"Adventure,Drama,Romance"
6.6,3693,The Walking Dead,1936,"Crime,Drama,Horror"
7.0,4371,Wife vs. Secretary,1936,"Comedy,Drama,Romance"
7.2,3816,Angel,1937,"Comedy,Drama,Romance"
7.6,23461,The Awful Truth,1937,"Comedy,Romance"
6.7,1526,Broadway Melody of 1938,1937,"Musical,Romance"
7.3,9580,Camille,1936,"Drama,Romance"
7.9,12060,Captains Courageous,1937,"Adventure,Drama,Family"
6.7,1809,Charlie Chan at Monte Carlo,1937,"Crime,Mystery,Thriller"
7.0,1974,Charlie Chan at the Olympics,1937,"Crime,Mystery"
7.1,1764,Charlie Chan on Broadway,1937,"Crime,Mystery"
6.8,2639,A Damsel in Distress,1937,"Comedy,Musical,Romance"
7.5,15447,A Day at the Races,1937,"Comedy,Family,Musical"
7.2,9695,Dead End,1937,"Crime,Drama,Film-Noir"
6.9,2877,Double Wedding,1937,"Comedy,Romance"
7.5,4772,Easy Living,1937,"Comedy,Romance"
7.3,2399,The Edge of the World,1937,"Drama,History,Romance"
6.6,1697,Ever Since Eve,1937,"Comedy,Romance"
7.4,5791,The Good Earth,1937,"Drama,Romance"
8.0,41283,Grand Illusion,1937,"Drama,War"
7.2,5423,Heidi,1937,"Drama,Family,Musical"
7.3,2988,History Is Made at Night,1937,"Comedy,Drama,Romance"
7.1,3421,The Hurricane,1937,"Action,Adventure,Drama"
6.7,2874,In Old Chicago,1938,"Action,Drama,Musical"
7.3,3028,It's Love I'm After,1937,"Comedy,Romance"
7.2,4392,Kid Galahad,1937,"Crime,Drama,Film-Noir"
6.8,1613,Knight Without Armor,1937,"Adventure,Drama,History"
6.7,1989,The Last Gangster,1937,"Crime,Drama,Thriller"
7.1,10093,The Life of Emile Zola,1937,"Biography,Drama"
7.6,15833,Lost Horizon,1937,"Adventure,Drama,Fantasy"
8.1,10708,Make Way for Tomorrow,1937,"Drama,Romance"
6.9,1791,The Man Who Could Work Miracles,1936,"Comedy,Family,Fantasy"
7.1,5550,Marked Woman,1937,"Crime,Drama,Film-Noir"
7.2,12710,My Favorite Wife,1940,"Comedy,Romance"
7.2,3358,Night Must Fall,1937,"Drama,Mystery,Thriller"
7.6,2481,Humanity and Paper Balloons,1937,Drama
6.8,7840,Nothing Sacred,1937,"Comedy,Drama,Fantasy"
7.4,1996,"Oh, Mr. Porter!",1937,"Adventure,Comedy,Crime"
7.2,3171,The Prince and the Pauper,1937,"Adventure,Drama,Family"
7.6,5498,The Prisoner of Zenda,1937,"Adventure,Drama,Romance"
7.6,8785,Pépé le Moko,1937,"Crime,Drama,Romance"
7.4,8441,Shall We Dance,1937,"Comedy,Musical,Romance"
7.0,1530,What Did the Lady Forget?,1937,"Comedy,Drama"
7.6,239566,Snow White and the Seven Dwarfs,1937,"Adventure,Animation,Family"
7.7,9893,Stage Door,1937,"Comedy,Drama,Romance"
7.3,11978,A Star Is Born,1937,"Drama,Romance"
7.4,7080,Stella Dallas,1937,"Drama,Romance"
7.2,2153,They Won't Forget,1937,"Drama,Film-Noir,Mystery"
7.2,9164,Topper,1937,"Comedy,Fantasy,Romance"
6.7,1895,True Confession,1937,"Comedy,Crime"
7.6,9624,Way Out West,1937,"Comedy,Family,Western"
6.9,2152,Wee Willie Winkie,1937,"Adventure,Family"
7.2,8385,You Only Live Once,1937,"Crime,Drama,Film-Noir"
6.8,12199,Young and Innocent,1937,"Crime,Drama,Mystery"
7.9,58001,The Adventures of Robin Hood,1938,"Action,Adventure,Romance"
7.0,2536,The Adventures of Tom Sawyer,1938,"Adventure,Drama,Family"
7.4,13259,Alexander Nevsky,1938,"Action,Biography,Drama"
6.8,2507,Alexander's Ragtime Band,1938,"Drama,Music,Musical"
6.6,3688,Algiers,1938,"Drama,Mystery,Romance"
7.0,3348,The Amazing Dr. Clitterhouse,1938,"Crime,Drama"
7.8,25007,Angels with Dirty Faces,1938,"Crime,Drama,Film-Noir"
7.5,5004,Block-Heads,1938,"Comedy,Family,War"
7.1,5290,Bluebeard's Eighth Wife,1938,"Comedy,Romance"
7.2,6964,Boys Town,1938,"Biography,Drama,Family"
7.8,69607,Bringing Up Baby,1938,Comedy
7.5,9082,The Human Beast,1938,"Crime,Drama"
6.9,4684,Carefree,1938,"Comedy,Musical,Romance"
6.7,1973,Charlie Chan in Honolulu,1938,"Crime,Drama,Mystery"
7.5,10034,A Christmas Carol,1938,"Drama,Family,Fantasy"
7.0,2646,The Citadel,1938,Drama
6.6,2016,The Cowboy and the Lady,1938,"Comedy,Western"
6.6,1572,Crime School,1938,"Crime,Drama"
7.5,3689,The Dawn Patrol,1938,"Drama,War"
6.6,1849,The Divorce of Lady X,1938,"Comedy,Drama,Romance"
7.5,2759,The Baker's Wife,1938,"Comedy,Drama"
6.9,2491,Four Daughters,1938,"Drama,Music,Romance"
7.7,20309,Holiday,1938,"Comedy,Romance"
7.5,3656,Hotel du Nord,1938,"Comedy,Drama,Romance"
7.4,16549,Jezebel,1938,"Drama,Romance"
7.7,61808,The Lady Vanishes,1938,"Crime,Drama,Mystery"
6.7,2248,Love Finds Andy Hardy,1938,"Comedy,Romance"
6.7,3191,The Mad Miss Manton,1938,"Comedy,Mystery"
6.6,1617,Mannequin,1937,Drama
7.3,3611,Marie Antoinette,1938,"Biography,Drama,History"
7.0,1537,La Marseillaise,1938,"Drama,History,War"
7.3,2602,Merrily We Live,1938,"Comedy,Romance"
6.8,1569,Of Human Hearts,1938,"Drama,Western"
7.7,5763,Olympia Part One: Festival of the Nations,1938,"Documentary,Sport"
7.6,4737,Olympia Part Two: Festival of Beauty,1938,"Documentary,Sport"
7.7,10575,Pygmalion,1938,"Comedy,Drama,Romance"
7.7,10943,Port of Shadows,1938,"Crime,Drama,Romance"
7.0,2152,Rebecca of Sunnybrook Farm,1938,"Comedy,Drama,Family"
6.6,5955,Room Service,1938,Comedy
6.9,1804,The Shopworn Angel,1938,"Drama,Romance"
6.9,1694,Sidewalks of London,1938,Comedy
6.8,2249,The Sisters,1938,Drama
7.0,2765,A Slight Case of Murder,1938,"Comedy,Crime"
6.6,2554,Swiss Miss,1938,"Comedy,Musical"
6.8,2988,Test Pilot,1938,"Drama,Romance"
7.1,2359,Three Comrades,1938,"Drama,Romance"
6.6,1790,Too Hot to Handle,1938,"Adventure,Comedy,Drama"
7.1,5035,Vivacious Lady,1938,"Comedy,Romance"
7.8,30588,You Can't Take It with You,1938,"Comedy,Drama,Romance"
6.8,2166,You and Me,1938,"Crime,Film-Noir"
7.3,1907,The Young in Heart,1938,"Comedy,Drama"
6.8,1580,The Adventures of Huckleberry Finn,1939,"Adventure,Drama,Family"
7.2,8286,The Adventures of Sherlock Holmes,1939,"Crime,Mystery,Thriller"
7.4,8931,Another Thin Man,1939,"Comedy,Crime,Mystery"
6.8,6896,At the Circus,1939,"Comedy,Musical"
7.5,5270,Bachelor Mother,1939,"Comedy,Romance"
7.5,7135,Beau Geste,1939,"Action,Adventure,Drama"
7.1,4261,The Cat and the Canary,1939,"Comedy,Horror,Mystery"
7.2,2035,Charlie Chan at Treasure Island,1939,"Action,Crime,Mystery"
7.0,1666,Charlie Chan in Reno,1939,Mystery
6.7,2471,Confessions of a Nazi Spy,1939,"Drama,War"
7.4,13566,Dark Victory,1939,"Drama,Romance"
7.6,13608,Destry Rides Again,1939,"Comedy,Western"
7.1,6387,Dodge City,1939,Western
7.0,7478,Drums Along the Mohawk,1939,"Drama,Romance,War"
7.2,4229,Each Dawn I Die,1939,"Crime,Drama,Film-Noir"
6.8,2062,Fifth Avenue Girl,1939,"Comedy,Romance"
7.1,2623,Five Came Back,1939,"Adventure,Crime,Drama"
6.7,6320,The Flying Deuces,1939,"Comedy,Family,War"
7.4,7152,The Four Feathers,1939,"Adventure,Drama,History"
7.3,5942,Angel Street,1940,"Drama,Mystery,Romance"
6.8,2443,Golden Boy,1939,"Drama,Romance,Sport"
8.2,357671,Gone with the Wind,1939,"Drama,Romance,War"
7.9,12425,"Goodbye, Mr. Chips",1939,"Drama,Romance"
6.6,5468,Gulliver's Travels,1939,"Adventure,Animation,Comedy"
7.2,13671,Gunga Din,1939,"Adventure,Comedy,War"
7.4,13072,The Hound of the Baskervilles,1939,"Crime,Mystery,Thriller"
7.8,13407,The Hunchback of Notre Dame,1939,"Drama,Romance"
7.0,3959,In Name Only,1939,"Drama,Romance"
6.6,3166,Intermezzo,1939,"Drama,Music,Romance"
6.8,3761,It's a Wonderful World,1939,"Comedy,Crime,Mystery"
7.0,5555,Jesse James,1939,"Drama,Western"
7.6,8925,Daybreak,1939,"Crime,Drama,Romance"
6.8,2783,Juarez,1939,"Biography,Drama,History"
7.2,7353,The Little Princess,1939,"Comedy,Drama,Family"
7.3,7310,Love Affair,1939,"Comedy,Drama,Romance"
6.8,2254,The Man They Could Not Hang,1939,"Crime,Horror,Sci-Fi"
7.0,2293,The Man in the Iron Mask,1939,"Adventure,History,Romance"
7.8,6502,Midnight,1939,"Comedy,Romance"
8.1,130180,Mr. Smith Goes to Washington,1939,"Comedy,Drama"
7.8,25041,Ninotchka,1939,"Comedy,Romance"
7.8,7618,Of Mice and Men,1939,"Adventure,Drama"
7.4,4463,The Old Maid,1939,Drama
7.7,2527,On Borrowed Time,1939,"Drama,Family,Fantasy"
7.6,17550,Only Angels Have Wings,1939,"Adventure,Drama,Romance"
7.0,6712,The Private Lives of Elizabeth and Essex,1939,"Biography,Drama,History"
6.9,2519,The Rains Came,1939,Drama
7.9,17651,The Roaring Twenties,1939,"Crime,Drama,Thriller"
7.9,33559,The Rules of the Game,1939,"Comedy,Drama"
7.1,13525,Son of Frankenstein,1939,"Drama,Horror,Sci-Fi"
6.9,2928,U-Boat 29,1939,"Thriller,War"
7.8,59418,Stagecoach,1939,"Adventure,Drama,Western"
7.0,1673,Stanley and Livingstone,1939,"Adventure,Drama,History"
6.9,2984,The Story of Vernon and Irene Castle,1939,"Biography,Drama,Musical"
6.8,2859,They Made Me a Criminal,1938,"Crime,Drama,Film-Noir"
6.6,2499,Tower of London,1939,"Drama,History"
7.0,3918,Union Pacific,1939,"Drama,Western"
8.1,471169,The Wizard of Oz,1939,"Adventure,Family,Fantasy"
7.7,16207,The Women,1939,"Comedy,Drama"
7.5,22973,Wuthering Heights,1939,"Drama,Romance"
6.9,2021,You Can't Cheat an Honest Man,1939,"Comedy,Family"
7.5,10013,Young Mr. Lincoln,1939,"Biography,Drama"
7.7,4935,The Story of the Last Chrysanthemum,1939,"Drama,Romance"
7.3,2281,Abe Lincoln in Illinois,1940,"Biography,Drama,History"
7.9,1715,You're Missing the Point,1940,Comedy
7.4,5918,"All This, and Heaven Too",1940,"Drama,Romance"
6.8,1797,Arizona,1940,"Drama,Western"
7.1,8299,The Bank Dick,1940,Comedy
7.0,4173,Boom Town,1940,"Adventure,Drama,Romance"
7.2,3077,Broadway Melody of 1940,1940,Musical
7.0,3469,Brother Orchid,1940,"Comedy,Crime,Drama"
7.0,1906,Charlie Chan at the Wax Museum,1940,Mystery
7.1,1667,Charlie Chan in Panama,1940,"Adventure,Mystery"
7.1,1630,Charlie Chan's Murder Cruise,1940,"Crime,Drama,Mystery"
7.3,4785,Christmas in July,1940,"Comedy,Drama,Romance"
7.2,4742,A Chump at Oxford,1940,"Comedy,Family"
7.2,3004,City for Conquest,1940,"Drama,Sport"
6.6,2035,Comrade X,1940,"Comedy,Romance"
6.9,1537,Blackout,1940,"Crime,Drama,Romance"
6.8,3570,"Dance, Girl, Dance",1940,"Comedy,Drama,Music"
6.7,3343,Dark Command,1940,"Drama,Romance,War"
7.4,2017,Dr. Ehrlich's Magic Bullet,1940,"Biography,Drama"
7.0,1976,"Edison, the Man",1940,"Biography,Drama"
7.7,112004,Fantasia,1940,"Animation,Family,Fantasy"
6.6,2238,The Fighting 69th,1940,"Action,Adventure,Biography"
6.6,1648,Flash Gordon Conquers the Universe,1940,"Action,Adventure,Family"
7.4,26285,Foreign Correspondent,1940,"Action,Drama,Romance"
7.0,4593,The Ghost Breakers,1940,"Comedy,Horror,Mystery"
6.8,6145,Go West,1940,"Comedy,Musical,Western"
8.1,107415,The Grapes of Wrath,1940,Drama
8.4,259689,The Great Dictator,1940,"Comedy,Drama,War"
7.2,4943,The Great McGinty,1940,"Comedy,Drama"
7.8,68384,His Girl Friday,1940,"Comedy,Drama,Romance"
7.0,1729,The House of the Seven Gables,1940,"Drama,Romance,Thriller"
7.4,4269,I Love You Again,1940,"Comedy,Romance"
6.7,2242,Invisible Stripes,1939,"Action,Crime,Drama"
6.6,1729,It All Came True,1940,"Comedy,Crime,Drama"
6.9,1743,Johnny Apollo,1940,"Crime,Drama,Film-Noir"
6.9,4543,Kitty Foyle,1940,"Drama,Romance"
6.7,2340,Knute Rockne All American,1940,"Biography,Drama,Family"
7.5,16001,The Letter,1940,"Crime,Drama,Film-Noir"
6.9,5572,The Long Voyage Home,1940,"Drama,War"
7.5,12039,The Mark of Zorro,1940,"Action,Adventure,Drama"
7.7,6963,The Mortal Storm,1940,Drama
6.9,1504,Murder Over New York,1940,"Crime,Mystery"
6.8,3362,My Little Chickadee,1940,"Comedy,Western"
7.2,6310,Night Train to Munich,1940,"Drama,Romance,Thriller"
7.0,4342,Northwest Passage,1940,"Adventure,Drama,History"
7.8,79001,The Philadelphia Story,1940,"Comedy,Romance"
7.4,173959,Pinocchio,1940,"Adventure,Animation,Comedy"
7.3,10137,Pride and Prejudice,1940,"Comedy,Drama,Romance"
6.8,2049,Primrose Path,1940,"Drama,Mystery,Romance"
8.0,161847,Rebecca,1940,"Drama,Mystery,Romance"
7.5,8386,Remember the Night,1939,"Comedy,Drama,Romance"
6.6,4144,The Return of Frank James,1940,"Drama,Western"
6.6,4302,Road to Singapore,1940,"Comedy,Musical,Romance"
7.1,3419,Saps at Sea,1940,Comedy
7.6,11633,The Sea Hawk,1940,"Action,Adventure,History"
8.0,44546,The Shop Around the Corner,1940,"Comedy,Drama,Romance"
6.9,3316,Strange Cargo,1940,"Adventure,Drama,Romance"
6.8,5198,Stranger on the Third Floor,1940,"Crime,Drama,Film-Noir"
6.8,2142,Strike Up the Band,1940,"Comedy,Musical,Romance"
7.2,10140,They Drive by Night,1940,"Crime,Drama,Film-Noir"
7.4,16036,The Thief of Bagdad,1940,"Adventure,Family,Fantasy"
6.7,1600,Torrid Zone,1940,"Action,Adventure,Comedy"
6.8,3309,Virginia City,1940,Western
7.7,11955,Waterloo Bridge,1940,"Drama,Romance,War"
7.2,7621,The Westerner,1940,"Drama,Western"
6.7,1591,Adam Had Four Sons,1941,Drama
7.1,1717,Adventures of Captain Marvel,1941,"Action,Adventure,Family"
7.7,16127,Ball of Fire,1941,"Comedy,Romance"
6.7,3455,Blood and Sand,1941,"Drama,Romance,Sport"
6.9,2539,Blossoms in the Dust,1941,"Biography,Drama,Romance"
6.7,1705,Blues in the Night,1941,"Crime,Drama,Film-Noir"
6.9,4122,The Bride Came C.O.D.,1941,"Comedy,Romance"
7.0,5055,Buck Privates,1941,"Comedy,Musical,War"
6.9,1613,Charlie Chan in Rio,1941,"Crime,Mystery"
8.2,495446,Citizen Kane,1941,"Drama,Mystery"
7.0,2896,Come Live with Me,1941,"Comedy,Romance"
6.7,1601,Bombsight Stolen,1941,"Comedy,Mystery,Thriller"
7.5,6598,The Devil and Daniel Webster,1941,"Drama,Fantasy,Romance"
7.6,5347,The Devil and Miss Jones,1941,"Comedy,Romance"
6.8,10856,Dr. Jekyll and Mr. Hyde,1941,"Drama,Horror,Sci-Fi"
7.2,151336,Dumbo,1941,"Adventure,Animation,Drama"
7.1,2445,The Face Behind the Mask,1941,"Crime,Drama,Film-Noir"
6.7,1701,Footsteps in the Dark,1941,"Comedy,Crime,Mystery"
7.3,8581,The 49th Parallel,1941,"Drama,Thriller,War"
7.2,2968,The 47 Ronin,1941,"Drama,History"
7.1,4722,The Great Lie,1941,Drama
6.9,1588,"H.M. Pulham, Esq.",1941,"Drama,Romance"
7.4,3964,Hellzapoppin',1941,"Action,Comedy,Musical"
7.5,8127,Here Comes Mr. Jordan,1941,"Comedy,Fantasy,Romance"
7.5,21181,High Sierra,1941,"Action,Adventure,Drama"
7.3,3154,Hold Back the Dawn,1941,"Drama,Romance"
7.2,4664,Hold That Ghost,1941,"Comedy,Crime,Horror"
6.9,1603,Mr. Bug Goes to Town,1941,"Animation,Comedy,Family"
7.7,29442,How Green Was My Valley,1941,"Drama,Family"
7.2,5913,I Wake Up Screaming,1941,"Crime,Drama,Film-Noir"
6.7,3358,In the Navy,1941,Comedy
7.6,2237,It Started with Eve,1941,"Comedy,Music,Romance"
7.1,3882,Johnny Eager,1941,"Crime,Film-Noir,Mystery"
7.1,2211,Ladies in Retirement,1941,"Crime,Drama,Film-Noir"
7.7,25660,The Lady Eve,1941,"Comedy,Romance"
7.9,14259,The Little Foxes,1941,"Drama,Romance"
7.4,3844,Love Crazy,1941,"Comedy,Romance"
6.8,1683,Major Barbara,1941,Comedy
7.9,175043,The Maltese Falcon,1941,"Crime,Drama,Film-Noir"
7.1,7191,Man Hunt,1941,"Crime,Drama,Romance"
7.5,9875,The Man Who Came to Dinner,1941,"Comedy,Romance"
7.6,16518,Meet John Doe,1941,"Comedy,Drama,Romance"
6.7,1536,Moon Over Miami,1941,"Comedy,Musical,Romance"
7.0,2871,Never Give a Sucker an Even Break,1941,"Comedy,Musical"
6.6,1685,One Foot in Heaven,1941,"Biography,Drama,Romance"
6.7,2785,Out of the Fog,1941,"Crime,Drama,Film-Noir"
7.1,8962,Penny Serenade,1941,"Drama,Romance"
7.2,2026,Mister V,1941,"Adventure,Drama,Thriller"
6.7,4309,The Reluctant Dragon,1941,"Animation,Comedy,Family"
7.2,1834,Stormy Waters,1941,"Action,Drama,Romance"
6.7,3549,Road to Zanzibar,1941,"Adventure,Comedy,Musical"
7.5,5130,The Sea Wolf,1941,"Adventure,Drama"
7.7,20097,Sergeant York,1941,"Biography,Drama,History"
7.2,7666,Shadow of the Thin Man,1941,"Drama,Mystery"
6.9,2895,The Shepherd of the Hills,1941,"Adventure,Drama,Romance"
7.2,4685,The Strawberry Blonde,1941,"Comedy,Romance"
7.9,31037,Sullivan's Travels,1941,"Adventure,Comedy,Drama"
7.1,2205,Sun Valley Serenade,1941,Comedy
7.2,45474,Suspicion,1941,"Drama,Film-Noir,Mystery"
7.0,2439,Swamp Water,1941,"Crime,Drama,Mystery"
6.7,1598,Texas,1941,"Drama,Western"
7.2,5609,That Hamilton Woman,1941,"Drama,History,Romance"
6.6,3354,That Uncertain Feeling,1941,Comedy
7.2,7586,They Died with Their Boots On,1941,"Drama,War,Western"
6.6,1525,They Met in Bombay,1941,"Adventure,Comedy,Crime"
7.2,1666,The Brothers and Sisters of the Toda Family,1941,Drama
6.8,3865,Topper Returns,1941,"Comedy,Fantasy,Mystery"
6.7,3696,Western Union,1941,"History,Western"
7.2,34656,The Wolf Man,1941,"Horror,Mystery,Romance"
7.2,4374,A Woman's Face,1941,"Drama,Film-Noir,Thriller"
6.7,3279,You'll Never Get Rich,1941,"Comedy,Musical,Romance"
6.7,3794,Ziegfeld Girl,1941,"Drama,Musical,Romance"
6.8,5841,Across the Pacific,1942,"Action,Adventure,Drama"
7.1,5507,All Through the Night,1942,"Action,Comedy,Crime"
7.6,2114,Aniki Bobo,1942,"Drama,Family"
7.3,3983,The Murderer Lives at Number 21,1942,"Comedy,Crime,Mystery"
6.6,1774,Babes on Broadway,1941,"Comedy,Family,Musical"
7.3,166446,Bambi,1942,"Adventure,Animation,Drama"
7.6,3395,The Children Are Watching Us,1943,Drama
6.7,1580,The Big Shot,1942,"Crime,Drama,Film-Noir"
6.7,5621,The Black Swan,1942,"Adventure,Drama"
8.5,659023,Casablanca,1942,"Drama,Romance,War"
7.0,1585,Castle in the Desert,1942,Mystery
7.2,28928,Cat People,1942,"Fantasy,Horror,Thriller"
7.5,3589,There Was a Father,1942,Drama
6.7,2024,Crossroads,1942,"Crime,Drama,Film-Noir"
6.9,2895,Desperate Journey,1942,"Drama,War"
7.2,3482,Edge of Darkness,1943,"Drama,War"
6.7,2202,Eyes in the Night,1942,"Crime,Mystery"
7.0,2383,Spitfire,1942,"Adventure,Biography,Drama"
6.7,4573,Flying Tigers,1942,"Action,Drama,Romance"
7.0,4173,For Me and My Gal,1942,"Musical,Romance,War"
7.5,4590,Gentleman Jim,1942,"Biography,Drama,Romance"
6.8,2133,George Washington Slept Here,1942,Comedy
7.0,7930,The Glass Key,1942,"Crime,Drama,Film-Noir"
7.1,1749,The Hard Way,1943,"Drama,Music,Romance"
7.3,19583,Holiday Inn,1942,"Comedy,Drama,Music"
7.1,10954,I Married a Witch,1942,"Comedy,Fantasy,Romance"
7.3,5743,In This Our Life,1942,Drama
7.2,7158,In Which We Serve,1942,"Drama,War"
6.7,5107,The Jungle Book,1942,"Action,Adventure,Family"
6.7,3796,Keeper of the Flame,1942,"Drama,Mystery"
7.5,5489,Kings Row,1942,Drama
7.3,3544,"Larceny, Inc",1942,Comedy
7.6,28889,The Magnificent Ambersons,1942,"Drama,Romance"
7.3,2086,Carnival of Sinners,1943,"Fantasy,Horror"
7.3,8592,The Major and the Minor,1942,"Comedy,Romance"
6.6,1568,The Male Animal,1942,"Comedy,Romance"
6.6,1946,Manpower,1941,Drama
6.8,2623,Moontide,1942,"Crime,Drama,Film-Noir"
7.6,21477,Mrs. Miniver,1942,"Drama,Romance,War"
7.0,1762,My Favorite Blonde,1942,Comedy
7.0,2007,My Sister Eileen,1942,Comedy
7.8,20968,"Now, Voyager",1942,"Drama,Romance"
7.0,3027,One of Our Aircraft Is Missing,1942,"Action,Adventure,Drama"
7.5,9108,Obsession,1943,"Crime,Drama,Romance"
7.4,13849,The Palm Beach Story,1942,"Comedy,Romance"
6.7,2552,Pardon My Sarong,1942,Comedy
7.0,2603,Why We Fight,1942,"Documentary,War"
7.6,13000,The Pride of the Yankees,1942,"Biography,Drama,Romance"
7.9,9383,Random Harvest,1942,"Drama,Romance"
6.6,3864,Reap the Wild Wind,1942,"Action,Adventure,Drama"
7.0,6281,Road to Morocco,1942,"Adventure,Comedy,Family"
6.9,2117,Roxie Hart,1942,Comedy
7.1,29858,Saboteur,1942,"Drama,Thriller,War"
7.0,2059,Son of Fury: The Story of Benjamin Blake,1942,"Drama,Romance"
6.7,3653,The Spoilers,1942,"Drama,Western"
7.3,2778,Tales of Manhattan,1942,"Comedy,Drama,Romance"
7.5,10062,The Talk of the Town,1942,"Comedy,Drama,Romance"
7.5,4869,Went the Day Well?,1942,"Thriller,War"
6.6,1570,This Above All,1942,"Drama,Romance,War"
7.3,11726,This Gun for Hire,1942,"Crime,Drama,Film-Noir"
8.1,50201,To Be or Not to Be,1942,"Comedy,Romance,War"
7.2,2670,The Devil's Envoys,1942,"Drama,Fantasy,Romance"
6.6,2511,Wake Island,1942,"Action,Drama,War"
7.3,2953,Who Done It?,1942,"Comedy,Mystery"
7.1,11950,Woman of the Year,1942,"Comedy,Drama,Romance"
7.6,18238,Yankee Doodle Dandy,1942,"Biography,Drama,Family"
7.2,4544,You Were Never Lovelier,1942,"Comedy,Musical,Romance"
7.0,5027,Action in the North Atlantic,1943,"Drama,War"
7.0,4203,Air Force,1943,"Action,Drama,History"
7.2,1979,Angels of Sin,1943,Drama
7.0,3001,Bataan,1943,"Drama,History,War"
7.1,3879,Cabin in the Sky,1943,"Comedy,Drama,Fantasy"
6.7,1754,The Constant Nymph,1943,"Drama,Music,Mystery"
7.8,11994,Le Corbeau,1943,"Crime,Drama,Mystery"
7.1,6263,Destination Tokyo,1943,"Adventure,War"
6.6,2156,The Fallen Sparrow,1943,"Crime,Drama,Film-Noir"
7.3,7699,Five Graves to Cairo,1943,"Drama,Thriller,War"
6.8,11205,For Whom the Bell Tolls,1943,"Adventure,Drama,History"
6.6,2245,The Gang's All Here,1943,"Musical,Romance"
6.6,4190,The Ghost Ship,1943,"Drama,Mystery,Thriller"
6.8,2473,Girl Crazy,1943,"Comedy,Musical"
6.6,2443,Guadalcanal Diary,1943,"Drama,War"
6.9,3296,A Guy Named Joe,1943,"Drama,Fantasy,Romance"
7.4,7435,Hangmen Also Die!,1943,"Drama,Film-Noir,Thriller"
7.3,13526,Heaven Can Wait,1943,"Comedy,Drama,Fantasy"
6.7,1870,Hit the Ice,1943,Comedy
7.0,2794,The Human Comedy,1943,"Comedy,Drama,Family"
7.0,15603,I Walked with a Zombie,1943,"Drama,Fantasy,Horror"
7.1,6480,Lassie Come Home,1943,"Adventure,Drama,Family"
6.7,6576,The Leopard Man,1943,"Film-Noir,Horror,Thriller"
8.0,18392,The Life and Death of Colonel Blimp,1943,"Drama,Romance,War"
7.2,3656,Madame Curie,1943,"Biography,Drama,Romance"
7.4,2116,The Memphis Belle: A Story of a Flying Fortress,1944,"Documentary,History,War"
7.6,8377,The More the Merrier,1943,"Comedy,Romance"
7.1,3942,Mr. Lucky,1943,"Comedy,Crime,Romance"
7.0,2411,The Adventures of Baron Munchausen,1943,"Adventure,Comedy,Fantasy"
6.7,1619,A Night to Remember,1942,"Comedy,Crime,Mystery"
6.6,1779,Northern Pursuit,1943,"Adventure,Drama,Romance"
7.4,4281,Old Acquaintance,1943,"Drama,Romance"
8.0,27430,The Ox-Bow Incident,1943,"Drama,Western"
7.2,6588,Phantom Lady,1944,"Crime,Drama,Film-Noir"
6.7,1680,Princess O'Rourke,1943,"Comedy,Romance"
7.5,11122,Sahara,1943,"Action,Drama,War"
6.7,9019,The Seventh Victim,1943,"Drama,Horror,Mystery"
7.7,75850,Shadow of a Doubt,1943,"Drama,Film-Noir,Mystery"
6.9,5772,Sherlock Holmes Faces Death,1943,"Crime,Horror,Mystery"
6.6,5320,Sherlock Holmes in Washington,1942,"Horror,Mystery,Thriller"
7.4,2296,So Proudly We Hail!,1943,"Drama,Romance,War"
7.6,8494,The Song of Bernadette,1943,"Biography,Drama,Mystery"
7.3,3216,Stormy Weather,1943,"Comedy,Drama,Music"
6.7,6319,Sanshiro Sugata,1943,"Action,Adventure,Drama"
6.7,2335,Thank Your Lucky Stars,1943,"Comedy,Music"
7.6,4272,This Land Is Mine,1943,"Drama,War"
8.0,12138,Day of Wrath,1943,"Drama,History"
7.1,5517,Watch on the Rhine,1943,"Drama,Thriller"
6.7,1913,We Dive at Dawn,1943,"Action,Drama,War"
7.9,77923,Arsenic and Old Lace,1944,"Comedy,Crime,Thriller"
7.1,1750,The Battle of Russia,1943,"Documentary,History,War"
7.1,2620,Between Two Worlds,1944,"Action,Adventure,Drama"
7.3,7329,A Canterbury Tale,1944,"Comedy,Drama,Mystery"
6.9,3656,The Canterville Ghost,1944,"Comedy,Family,Fantasy"
6.6,1797,The Conspirators,1944,"Drama,Romance,Thriller"
6.7,6471,Cover Girl,1944,"Comedy,Music,Musical"
6.7,7964,The Curse of the Cat People,1944,"Drama,Fantasy,Horror"
8.3,182712,Double Indemnity,1944,"Crime,Drama,Film-Noir"
7.7,7063,The Punch Bowl,1944,"Comedy,Family"
7.8,38200,Gaslight,1944,"Crime,Drama,Mystery"
8.1,76851,The Best Years of Our Lives,1946,"Drama,Romance,War"
7.0,14918,Going My Way,1944,"Comedy,Drama,Music"
7.6,5591,Hail the Conquering Hero,1944,"Comedy,War"
7.0,7744,Henry V,1944,"Biography,Drama,History"
7.2,4164,Torment,1944,"Drama,Romance"
7.0,2677,Hollywood Canteen,1944,"Comedy,Music,Romance"
7.1,2859,I'll Be Seeing You,1944,"Drama,Family,Romance"
6.6,2250,In Society,1944,"Action,Comedy,Crime"
7.0,3423,It Happened Tomorrow,1944,"Comedy,Fantasy,Romance"
7.4,10409,Jane Eyre,1943,"Drama,Romance"
7.2,3470,The Keys of the Kingdom,1944,"Drama,War"
7.9,56423,Laura,1944,"Drama,Film-Noir,Mystery"
7.6,33972,Lifeboat,1944,"Drama,War"
7.0,4441,The Lodger,1944,"Crime,Horror,Mystery"
7.2,4560,The Mask of Dimitrios,1944,"Crime,Drama,Film-Noir"
7.5,31311,Meet Me in St. Louis,1944,"Comedy,Drama,Family"
7.1,9744,Ministry of Fear,1944,"Crime,Drama,Film-Noir"
7.5,8445,The Miracle of Morgan's Creek,1943,"Comedy,Romance,War"
7.5,7345,Mr. Skeffington,1944,"Drama,Romance"
7.0,2114,Mrs. Parkington,1944,"Drama,Romance"
7.5,16490,"Murder, My Sweet",1944,"Crime,Drama,Film-Noir"
7.3,8940,National Velvet,1944,"Drama,Family,Sport"
6.8,5721,Passage to Marseille,1944,"Adventure,Drama,Romance"
7.1,5468,The Pearl of Death,1944,"Crime,Drama,Horror"
6.8,2663,The Princess and the Pirate,1944,"Adventure,Comedy,Romance"
7.2,6606,The Scarlet Claw,1944,"Crime,Horror,Mystery"
7.4,3332,The Seventh Cross,1944,"Drama,Film-Noir,Mystery"
7.5,5548,Since You Went Away,1944,"Drama,Romance,War"
7.0,5777,The Spider Woman,1943,"Horror,Mystery,Thriller"
7.4,2575,The Fighting Sullivans,1944,"Biography,Drama,History"
7.3,3966,The Suspect,1944,"Drama,Film-Noir,Thriller"
6.9,4072,Tall in the Saddle,1944,"Drama,Western"
7.3,6980,The Thin Man Goes Home,1944,"Comedy,Crime,Film-Noir"
7.2,7176,Thirty Seconds Over Tokyo,1944,"Drama,History,War"
7.3,4653,This Happy Breed,1944,"Comedy,Drama"
7.8,41445,To Have and Have Not,1944,"Adventure,Comedy,Drama"
7.1,1675,Uncertain Glory,1944,"Crime,Drama,Romance"
7.2,13667,The Uninvited,1944,"Fantasy,Horror,Mystery"
6.9,2513,The Way Ahead,1944,"Drama,War"
7.0,2021,The White Cliffs of Dover,1944,"Drama,Romance,War"
6.6,1797,Wing and a Prayer,1944,"Action,Drama,War"
7.6,19709,The Woman in the Window,1944,"Crime,Drama,Film-Noir"
7.0,10087,Anchors Aweigh,1945,"Comedy,Fantasy,Musical"
7.3,18753,And Then There Were None,1945,"Crime,Drama,Mystery"
6.6,4695,Back to Bataan,1945,"Drama,War"
7.2,10632,The Bells of St. Mary's,1945,Drama
7.3,11280,The Body Snatcher,1945,"Horror,Thriller"
6.6,1740,Brewster's Millions,1945,"Comedy,Romance"
8.0,49041,Brief Encounter,1945,"Drama,Romance"
7.3,13819,Christmas in Connecticut,1945,"Comedy,Romance"
7.3,4466,The Clock,1945,"Comedy,Drama,Romance"
7.2,5461,Conflict,1945,"Drama,Film-Noir,Mystery"
7.3,3521,The Corn Is Green,1945,Drama
6.7,2817,Cornered,1945,"Drama,Film-Noir,Thriller"
7.1,5214,Les dames du Bois de Boulogne,1945,"Drama,Romance"
7.5,15997,Dead of Night,1945,"Drama,Fantasy,Horror"
7.3,22366,Detour,1945,"Crime,Drama,Film-Noir"
7.5,3965,The Enchanted Cottage,1945,"Drama,Fantasy,Romance"
8.3,22660,Children of Paradise,1945,"Drama,Romance"
7.0,7349,Fallen Angel,1945,"Crime,Film-Noir,Mystery"
7.3,4605,Hangover Square,1945,"Crime,Drama,Horror"
6.6,1595,Here Come the Co-eds,1945,Comedy
6.6,1657,The Horn Blows at Midnight,1945,"Comedy,Fantasy,Music"
7.1,6237,The House of Fear,1945,"Crime,Drama,Film-Noir"
6.6,3560,The House on 92nd Street,1945,"Crime,Drama,Film-Noir"
7.4,11497,I Know Where I'm Going!,1945,"Drama,Romance"
7.6,11862,"Ivan the Terrible, Part I",1944,"Biography,Drama,History"
6.7,2901,Lady on a Train,1945,"Comedy,Crime,Film-Noir"
7.6,17088,Leave Her to Heaven,1945,"Drama,Film-Noir,Romance"
7.8,43549,The Lost Weekend,1945,"Drama,Film-Noir"
7.0,2047,Love Letters,1945,"Drama,Mystery,Romance"
7.9,31679,Mildred Pierce,1945,"Crime,Drama,Film-Noir"
6.8,2372,"Murder, He Says",1945,"Comedy,Horror,Mystery"
7.0,4212,My Name Is Julia Ross,1945,"Crime,Drama,Film-Noir"
7.0,2330,The Naughty Nineties,1945,Comedy
7.3,5988,"Objective, Burma!",1945,"Action,Adventure,Drama"
7.6,2709,Our Vines Have Tender Grapes,1945,"Drama,Family"
7.1,1818,Vacation from Marriage,1945,"Drama,Romance"
7.5,16205,The Picture of Dorian Gray,1945,"Drama,Fantasy,Horror"
7.3,1839,Pride of the Marines,1945,"Biography,Drama,Romance"
6.7,4599,Pursuit to Algiers,1945,"Adventure,Crime,Mystery"
7.1,1927,Rhapsody in Blue,1945,"Biography,Drama,Music"
7.1,3994,Road to Utopia,1945,"Adventure,Comedy,Family"
7.7,21542,Scarlet Street,1945,"Crime,Drama,Film-Noir"
6.6,1762,A Song to Remember,1945,"Biography,Drama,Music"
7.1,4356,The Southerner,1945,"Drama,Western"
7.5,55710,Spellbound,1945,"Drama,Film-Noir,Mystery"
7.0,4911,State Fair,1945,"Comedy,Drama,Musical"
7.2,4378,Story of G.I. Joe,1945,"Biography,Drama,War"
6.8,2249,The Strange Affair of Uncle Harry,1945,"Drama,Film-Noir"
7.2,10332,They Were Expendable,1945,"Drama,War"
6.7,4928,The Men Who Tread on the Tiger's Tail,1945,"Adventure,Drama,Thriller"
8.0,9110,A Tree Grows in Brooklyn,1945,"Drama,Family,Romance"
7.3,2790,The Valley of Decision,1945,"Drama,Romance"
6.9,4565,A Walk in the Sun,1945,"Drama,War"
7.3,1827,Johnny in the Clouds,1945,"Drama,Romance,War"
6.6,1534,Week-End at the Waldorf,1945,"Comedy,Drama,Music"
6.8,1969,The Wicked Lady,1945,"Adventure,Drama,Romance"
6.6,3063,Without Love,1945,"Comedy,Romance"
6.6,7795,The Woman in Green,1945,"Crime,Drama,Horror"
6.8,2762,Wonder Man,1945,"Comedy,Fantasy,Musical"
6.9,3324,13 Rue Madeleine,1947,"Action,Adventure,Drama"
6.9,2043,I See a Dark Stranger,1946,"Comedy,Drama,Thriller"
6.8,3469,Angel on My Shoulder,1946,"Adventure,Comedy,Fantasy"
7.0,2857,Anna and the King of Siam,1946,"Biography,Drama,Romance"
7.0,1513,The Battle of the Rails,1946,"Drama,History,War"
6.8,4779,Bedlam,1946,"Drama,Horror,Thriller"
7.9,29997,Beauty and the Beast,1946,"Drama,Fantasy,Romance"
7.9,94757,The Big Sleep,1946,"Crime,Drama,Film-Noir"
6.9,4513,Black Angel,1946,"Adventure,Crime,Drama"
7.0,9397,Blithe Spirit,1945,"Comedy,Fantasy"
7.1,10666,The Blue Dahlia,1946,"Crime,Drama,Film-Noir"
6.9,3053,Canyon Passage,1946,"Drama,Western"
6.6,3970,Cloak and Dagger,1946,"Adventure,Drama,Film-Noir"
7.4,4682,Cluny Brown,1946,"Comedy,Romance,War"
7.1,5788,The Dark Corner,1946,"Crime,Drama,Film-Noir"
7.0,6382,The Dark Mirror,1946,"Crime,Drama,Film-Noir"
6.8,2724,Deadline at Dawn,1946,"Crime,Drama,Film-Noir"
7.1,4648,Deception,1946,"Drama,Music,Romance"
6.7,2433,Decoy,1946,"Crime,Drama,Film-Noir"
6.6,1886,It Rains on Our Love,1946,"Drama,Romance"
6.9,6229,Dragonwyck,1946,"Drama,Mystery,Romance"
6.8,7720,Dressed to Kill,1946,"Crime,Drama,Mystery"
6.7,10562,Duel in the Sun,1946,"Drama,Romance,Western"
7.6,37645,Gilda,1946,"Drama,Film-Noir,Romance"
7.8,28535,Great Expectations,1946,"Adventure,Drama,Mystery"
7.3,6366,Green for Danger,1946,"Comedy,Crime,Mystery"
7.0,5450,The Harvey Girls,1946,"Comedy,Drama,History"
7.3,5477,Humoresque,1946,"Drama,Film-Noir,Music"
8.6,557515,It's a Wonderful Life,1946,"Drama,Family,Fantasy"
7.2,1969,The Jolson Story,1946,"Biography,Drama,Music"
7.7,26355,The Killers,1946,"Crime,Drama,Film-Noir"
7.4,2191,Let There Be Light,1946,"Documentary,War"
6.7,1512,Little Giant,1946,"Comedy,Romance"
7.1,3746,The Locket,1946,"Crime,Drama,Film-Noir"
6.6,2004,The Man I Love,1946,"Drama,Film-Noir,Music"
8.0,28153,A Matter of Life and Death,1946,"Drama,Fantasy,Romance"
7.7,28761,My Darling Clementine,1946,"Drama,Romance,Western"
7.0,2333,My Reputation,1946,"Drama,Romance"
7.4,3189,Murderers Among Us,1946,"Crime,Drama,Romance"
6.9,8134,A Night in Casablanca,1946,"Comedy,Family"
7.1,2296,Nobody Lives Forever,1946,"Crime,Drama,Film-Noir"
7.9,113214,Notorious,1946,"Drama,Film-Noir,Mystery"
7.6,10806,Paisan,1946,"Drama,War"
7.9,2975,Panique,1946,"Crime,Drama"
7.4,25069,The Postman Always Rings Twice,1946,"Crime,Drama,Film-Noir"
7.3,7486,The Razor's Edge,1946,"Drama,Romance"
8.0,34317,"Rome, Open City",1945,"Drama,Thriller,War"
8.0,9095,Shoeshine,1946,Drama
6.7,2652,The Seventh Veil,1945,"Drama,Music"
7.0,3983,Somewhere in the Night,1946,"Crime,Drama,Film-Noir"
6.9,15315,Song of the South,1946,"Animation,Comedy,Family"
7.3,12627,The Spiral Staircase,1946,"Drama,Horror,Mystery"
7.2,4714,A Stolen Life,1946,Drama
7.4,12474,The Strange Love of Martha Ivers,1946,"Drama,Film-Noir,Romance"
7.3,31129,The Stranger,1946,"Crime,Drama,Film-Noir"
6.7,7774,Terror by Night,1946,"Crime,Drama,Film-Noir"
6.9,2932,Three Strangers,1946,"Crime,Drama,Film-Noir"
6.7,1814,Till the End of Time,1946,"Drama,Romance,War"
7.5,4146,The Time of Their Lives,1946,"Comedy,Fantasy,History"
7.6,3268,To Each His Own,1946,"Drama,Romance"
7.3,3424,Tomorrow Is Forever,1946,"Drama,Romance,War"
7.0,1557,Utamaro and His Five Women,1946,Drama
7.2,3388,The Verdict,1946,"Crime,Drama,Film-Noir"
7.1,4528,No Regrets for Our Youth,1946,Drama
7.1,7095,The Yearling,1946,"Drama,Family,Western"
6.8,7468,Angel and the Badman,1947,"Drama,Romance,Western"
7.2,10387,The Bachelor and the Bobby-Soxer,1947,"Comedy,Romance"
7.6,23950,The Bishop's Wife,1947,"Comedy,Drama,Fantasy"
7.7,31698,Black Narcissus,1947,"Drama,Thriller"
7.6,5911,Body and Soul,1947,"Drama,Film-Noir,Sport"
7.2,5499,Boomerang!,1947,"Crime,Drama,Film-Noir"
7.2,6755,Born to Kill,1947,"Crime,Drama,Film-Noir"
7.2,7686,Brighton Rock,1948,"Crime,Drama,Film-Noir"
7.5,12834,Brute Force,1947,"Crime,Drama,Film-Noir"
6.8,2333,Buck Privates Come Home,1947,"Action,Comedy,Family"
6.8,2455,Captain from Castile,1947,"Adventure,Drama"
7.2,10980,Crossfire,1947,"Crime,Drama,Film-Noir"
6.6,2246,Cry Wolf,1947,"Crime,Drama,Film-Noir"
6.8,3376,Daisy Kenyon,1947,"Drama,Romance"
7.5,24252,Dark Passage,1947,"Drama,Film-Noir,Thriller"
7.0,10084,Dead Reckoning,1946,"Crime,Drama,Film-Noir"
6.7,2812,Desperate,1947,"Crime,Film-Noir,Thriller"
6.9,4393,A Double Life,1947,"Crime,Drama,Film-Noir"
6.9,3528,The Egg and I,1947,"Comedy,Romance"
7.2,3247,The Farmer's Daughter,1947,"Comedy,Drama,Romance"
6.9,2957,Framed,1947,"Crime,Drama,Film-Noir"
7.2,19295,Gentleman's Agreement,1947,"Drama,Romance"
7.8,15464,Germany Year Zero,1948,Drama
7.8,21503,The Ghost and Mrs. Muir,1947,"Comedy,Drama,Fantasy"
6.7,3030,Good News,1947,"Comedy,Musical,Romance"
6.8,2003,Green Dolphin Street,1947,"Adventure,Drama,Romance"
6.9,2414,High Wall,1947,"Crime,Drama,Film-Noir"
6.7,2150,The Hucksters,1947,"Comedy,Drama,Romance"
6.7,2045,Hue and Cry,1947,"Adventure,Comedy,Crime"
7.0,4127,I Walk Alone,1947,"Crime,Drama,Film-Noir"
7.6,7656,It Happened on Fifth Avenue,1947,"Comedy,Music,Romance"
6.8,3072,Johnny O'Clock,1947,"Crime,Drama,Film-Noir"
7.4,10667,Kiss of Death,1947,"Crime,Drama,Film-Noir"
7.1,7127,Life with Father,1947,"Comedy,Family"
6.8,1540,The Lost Moment,1947,"Drama,Film-Noir,Romance"
7.0,5857,Lured,1947,"Crime,Drama,Film-Noir"
7.9,60007,Miracle on 34th Street,1947,"Comedy,Drama,Family"
7.8,20727,Monsieur Verdoux,1947,"Comedy,Crime,Drama"
6.7,4222,My Favorite Brunette,1947,"Comedy,Crime,Mystery"
7.7,2644,Record of a Tenement Gentleman,1947,Drama
7.7,14745,Nightmare Alley,1947,"Drama,Film-Noir"
7.1,2584,Nora Prentiss,1947,"Drama,Film-Noir"
7.0,1755,The October Man,1947,"Crime,Mystery"
7.6,13229,Odd Man Out,1947,"Crime,Drama,Film-Noir"
7.9,45044,Out of the Past,1947,"Crime,Drama,Film-Noir"
7.1,6422,Possessed,1947,"Crime,Drama,Film-Noir"
7.2,4343,Pursued,1947,"Drama,Western"
7.7,6935,Jenny Lamour,1947,"Crime,Drama"
6.6,1958,Railroaded!,1947,"Crime,Drama,Film-Noir"
6.6,2088,Ramrod,1947,"Action,Romance,Western"
6.7,5687,The Red House,1947,"Drama,Film-Noir,Mystery"
6.8,2412,Repeat Performance,1947,"Crime,Drama,Fantasy"
7.2,3854,Ride the Pink Horse,1947,"Drama,Film-Noir,Mystery"
6.9,3734,Road to Rio,1947,"Adventure,Comedy,Musical"
6.9,7601,The Secret Life of Walter Mitty,1947,"Comedy,Fantasy,Romance"
7.6,6261,The Silence of the Sea,1949,"Drama,Romance,War"
6.9,6316,Song of the Thin Man,1947,"Comedy,Crime,Musical"
7.2,4203,One Wonderful Sunday,1947,"Drama,Romance"
6.9,4422,T-Men,1947,"Crime,Film-Noir,Thriller"
7.2,2275,I Became a Criminal,1947,"Crime,Drama,Film-Noir"
7.2,3588,They Won't Believe Me,1947,"Drama,Film-Noir,Romance"
6.8,5528,The Two Mrs. Carrolls,1947,"Crime,Drama,Film-Noir"
6.9,3321,Unconquered,1947,"Adventure,Drama,History"
6.8,1830,The Unfaithful,1947,"Crime,Drama,Film-Noir"
7.2,4154,The Unsuspected,1947,"Drama,Film-Noir,Mystery"
6.9,1673,The Upturned Glass,1947,"Crime,Drama"
7.1,1782,The Web,1947,"Crime,Drama,Film-Noir"
7.0,11727,3 Godfathers,1948,"Drama,Western"
7.3,20507,Abbott and Costello Meet Frankenstein,1948,"Comedy,Family,Fantasy"
7.0,3844,Adventures of Don Juan,1948,"Action,Adventure,Romance"
7.3,2707,All My Sons,1948,"Drama,Film-Noir"
6.9,2235,Love,1948,Drama
6.6,3188,Anna Karenina,1948,"Drama,Romance"
6.8,4315,Berlin Express,1948,"Crime,Drama,Film-Noir"
7.6,11048,The Big Clock,1948,"Crime,Drama,Film-Noir"
6.9,4015,Blood on the Moon,1948,"Drama,Western"
6.7,3548,The Boy with Green Hair,1948,"Comedy,Drama,Family"
7.4,11565,Call Northside 777,1948,"Drama,Film-Noir"
7.0,4800,Caught,1949,"Crime,Drama,Film-Noir"
7.3,2287,Command Decision,1948,"Action,Drama,War"
7.2,4407,Cry of the City,1948,"Crime,Drama,Film-Noir"
7.3,12164,Easter Parade,1948,"Musical,Romance"
7.2,1568,Enchantment,1948,"Drama,Romance"
7.6,10843,The Fallen Idol,1948,"Drama,Film-Noir,Mystery"
7.2,8562,Force of Evil,1948,"Crime,Drama,Film-Noir"
7.3,9561,A Foreign Affair,1948,"Comedy,Drama,Romance"
7.4,21549,Fort Apache,1948,"Drama,Western"
7.5,20058,Hamlet,1948,Drama
6.6,3155,Port of Call,1948,Drama
7.0,7564,He Walked by Night,1948,"Crime,Drama,Film-Noir"
6.7,3560,Hollow Triumph,1948,"Crime,Drama,Film-Noir"
7.8,6629,I Remember Mama,1948,"Drama,Family"
7.1,2751,It Always Rains on Sunday,1947,"Crime,Drama,Romance"
7.7,5854,Johnny Belinda,1948,Drama
7.2,9772,Jour de fête,1949,Comedy
6.8,2389,June Bride,1948,Comedy
7.4,2254,A Hen in the Wind,1948,Drama
7.7,47556,Key Largo,1948,"Action,Crime,Drama"
6.8,2464,Kiss the Blood Off My Hands,1948,"Crime,Drama,Film-Noir"
8.2,192752,Bicycle Thieves,1948,Drama
7.5,36912,The Lady from Shanghai,1947,"Crime,Drama,Film-Noir"
7.8,15002,Letter from an Unknown Woman,1948,"Drama,Romance"
7.4,8535,Macbeth,1948,"Drama,History,War"
7.0,3468,Moonrise,1948,"Crime,Drama,Film-Noir"
7.2,13759,Mr. Blandings Builds His Dream House,1948,"Comedy,Romance"
7.5,17174,The Naked City,1948,"Crime,Drama,Film-Noir"
7.0,2303,Night Has a Thousand Eyes,1948,"Crime,Drama,Fantasy"
7.8,15103,Oliver Twist,1948,Drama
6.6,1923,One Touch of Venus,1948,"Comedy,Fantasy,Musical"
6.6,5024,The Paleface,1948,"Comedy,Family,Western"
6.9,6098,The Pirate,1948,"Adventure,Comedy,Musical"
7.1,5289,Pitfall,1948,"Crime,Drama,Film-Noir"
7.6,8484,Portrait of Jennie,1948,"Drama,Fantasy,Mystery"
7.0,3060,Rachel and the Stranger,1948,"Adventure,Comedy,Drama"
7.2,6344,Raw Deal,1948,"Crime,Drama,Film-Noir"
7.7,38289,Red River,1948,"Drama,Western"
8.1,44039,The Red Shoes,1948,"Drama,Music,Romance"
7.6,5672,Bitter Rice,1949,"Crime,Drama"
7.2,3547,Road House,1948,"Action,Drama,Film-Noir"
7.1,3092,Romance on the High Seas,1948,"Comedy,Musical,Mystery"
7.9,166084,Rope,1948,"Crime,Drama,Mystery"
6.8,1639,Ruthless,1948,"Drama,Film-Noir,Romance"
7.0,2829,Scott of the Antarctic,1948,"Action,Adventure,Biography"
7.8,5386,The Search,1948,"Drama,War"
6.6,6455,Secret Beyond the Door...,1947,"Drama,Film-Noir,Mystery"
7.4,3069,Sitting Pretty,1948,"Comedy,Family"
6.8,2583,"Sleep, My Love",1948,"Drama,Film-Noir,Mystery"
7.5,9208,The Snake Pit,1948,"Drama,Mystery"
6.9,3179,A Song Is Born,1948,"Comedy,Music,Musical"
7.3,14384,"Sorry, Wrong Number",1948,"Drama,Film-Noir,Mystery"
7.2,4670,State of the Union,1948,"Comedy,Drama"
6.6,1663,Station West,1948,"Crime,Drama,Mystery"
7.0,3642,The Street with No Name,1948,"Action,Crime,Drama"
7.8,6276,La Terra Trema,1948,Drama
7.4,10500,They Live by Night,1948,"Crime,Drama,Film-Noir"
7.1,7742,The Three Musketeers,1948,"Action,Adventure,Drama"
8.2,142326,The Treasure of the Sierra Madre,1948,"Adventure,Drama,Western"
7.4,6327,Unfaithfully Yours,1948,"Comedy,Music,Romance"
6.8,1827,The Velvet Touch,1948,"Crime,Drama,Film-Noir"
6.6,1609,Whispering Smith,1948,"Drama,Western"
7.6,2106,The Winslow Boy,1948,Drama
6.6,2111,The Woman in White,1948,"Drama,Mystery,Romance"
7.4,6597,Yellow Sky,1948,"Crime,Drama,Western"
7.6,14961,Drunken Angel,1948,"Crime,Drama,Romance"
7.2,1711,Women of the Night,1948,Drama
6.7,4529,Bud Abbott Lou Costello Meet the Killer Boris Karloff,1949,"Comedy,Crime,Horror"
7.5,6833,Act of Violence,1948,"Drama,Film-Noir,Thriller"
7.4,24622,Adam's Rib,1949,"Comedy,Romance"
6.8,20402,The Adventures of Ichabod and Mr. Toad,1949,"Animation,Comedy,Family"
7.1,1801,Alias Nick Beal,1949,"Drama,Fantasy,Film-Noir"
7.4,18282,All the King's Men,1949,"Drama,Film-Noir"
8.2,21850,Late Spring,1949,"Comedy,Drama"
7.0,3762,The Barkleys of Broadway,1949,"Comedy,Musical"
7.4,8604,Battleground,1949,"Action,Drama,History"
6.8,2938,Beyond the Forest,1949,"Drama,Film-Noir,Romance"
6.9,5843,The Big Steal,1949,"Crime,Film-Noir,Romance"
7.0,3059,Border Incident,1949,"Crime,Drama,Film-Noir"
6.6,2379,The Bribe,1949,"Crime,Drama,Film-Noir"
7.3,5402,Champion,1949,"Drama,Film-Noir,Sport"
7.2,3558,Colorado Territory,1949,"Drama,Western"
7.1,1827,Come to the Stable,1949,"Comedy,Drama"
6.6,1878,Cover Up,1949,"Crime,Drama,Film-Noir"
7.4,10907,Criss Cross,1949,"Crime,Drama,Film-Noir"
6.6,1801,The Crooked Way,1949,"Crime,Drama,Film-Noir"
6.9,2852,"East Side, West Side",1949,"Drama,Romance"
6.9,3586,The File on Thelma Jordon,1949,"Crime,Drama,Film-Noir"
7.1,4150,Flamingo Road,1949,"Drama,Film-Noir,Romance"
7.0,11881,The Fountainhead,1949,"Drama,Romance"
6.7,2387,Prison,1949,Drama
7.1,1564,The Great Madcap,1949,Comedy
6.6,1813,The Great Sinner,1949,Drama
7.3,1754,The Hasty Heart,1949,"Drama,War"
8.1,19182,The Heiress,1949,"Drama,Romance"
7.3,3511,The Hidden Room,1949,"Crime,Film-Noir,Thriller"
7.2,8070,Holiday Affair,1949,"Comedy,Drama,Family"
7.3,4664,House of Strangers,1949,"Crime,Drama,Film-Noir"
6.8,2733,I Shot Jesse James,1949,"Drama,Western"
7.0,9913,I Was a Male War Bride,1949,"Comedy,Romance,War"
7.0,5631,Impact,1949,"Crime,Drama,Film-Noir"
7.1,4807,In the Good Old Summertime,1949,"Comedy,Musical,Romance"
6.7,3876,The Inspector General,1949,"Comedy,Musical,Romance"
7.6,3465,Intruder in the Dust,1949,"Crime,Drama,Mystery"
6.8,2075,It Happens Every Spring,1949,"Comedy,Family,Sci-Fi"
8.0,42370,Kind Hearts and Coronets,1949,"Comedy,Crime"
6.6,4936,Knock on Any Door,1949,"Crime,Drama,Film-Noir"
7.6,11823,A Letter to Three Wives,1949,"Comedy,Drama,Romance"
7.2,9017,Little Women,1949,"Drama,Family,Romance"
6.8,1907,Lust for Gold,1949,"Drama,Romance,Western"
6.7,1668,Ma and Pa Kettle,1949,Comedy
7.0,3372,Madame Bovary,1949,"Drama,Romance"
6.7,2220,The Man from Colorado,1948,"Romance,Western"
7.0,6290,Mighty Joe Young,1949,"Adventure,Drama,Fantasy"
6.6,1525,Mr. Soft Touch,1949,"Crime,Drama,Romance"
6.6,1896,My Dream Is Yours,1949,"Comedy,Music,Musical"
6.8,1522,My Foolish Heart,1949,"Drama,Romance"
7.4,3297,No Man of Her Own,1950,"Drama,Film-Noir,Romance"
7.8,21104,Stray Dog,1949,"Crime,Drama,Mystery"
7.3,20033,On the Town,1949,"Comedy,Musical,Romance"
7.8,14657,Orpheus,1950,"Drama,Fantasy,Romance"
7.2,3643,The Passionate Friends,1949,"Drama,Romance"
7.1,5953,Passport to Pimlico,1949,Comedy
7.2,3770,Pinky,1949,Drama
6.9,2193,Prince of Foxes,1949,"Adventure,Drama,Romance"
7.1,2766,The Queen of Spades,1949,"Drama,Fantasy,Horror"
7.1,6573,The Reckless Moment,1949,"Crime,Drama,Film-Noir"
6.9,2411,Reign of Terror,1949,"Drama,History,Romance"
6.6,2091,Rope of Sand,1949,"Action,Adventure,Crime"
6.8,10076,Samson and Delilah,1949,"Drama,Family,History"
7.0,12492,Sands of Iwo Jima,1949,"Action,Drama,Romance"
6.6,1763,Scene of the Crime,1949,"Crime,Drama,Film-Noir"
7.5,3609,The Secret Garden,1949,"Drama,Family"
7.8,11388,The Set-Up,1949,"Crime,Sport"
7.2,20957,She Wore a Yellow Ribbon,1949,"Drama,Western"
7.3,4430,The Quiet Duel,1949,Drama
7.1,3750,The Small Back Room,1949,"Drama,Romance,Thriller"
6.6,1912,So Dear to My Heart,1948,"Animation,Drama,Family"
7.1,3636,The Stratton Story,1949,"Biography,Drama,Romance"
7.2,9054,Stromboli,1950,Drama
6.7,4418,Take Me Out to the Ball Game,1949,"Comedy,Musical,Romance"
7.3,4066,Tension,1949,"Crime,Drama,Film-Noir"
6.6,1614,That Forsyte Woman,1949,"Drama,Romance"
7.5,7620,Thieves' Highway,1949,"Crime,Drama,Film-Noir"
8.1,196777,The Third Man,1949,"Drama,Film-Noir,Mystery"
7.3,6615,Too Late for Tears,1949,"Crime,Drama,Film-Noir"
7.7,15805,Twelve O'Clock High,1949,"Drama,War"
6.6,1973,The Undercover Man,1949,"Crime,Drama,Film-Noir"
6.6,1577,We Were Strangers,1949,"Adventure,Drama,Film-Noir"
6.7,5305,Whirlpool,1950,"Crime,Drama,Film-Noir"
7.1,7418,Whisky Galore!,1949,"Comedy,Crime"
8.1,38821,White Heat,1949,"Action,Crime,Drama"
7.4,5467,The Window,1949,"Drama,Film-Noir,Thriller"
6.9,1734,Woman in Hiding,1950,"Crime,Drama,Film-Noir"
6.8,2635,711 Ocean Drive,1950,"Action,Crime,Drama"
8.2,150167,All About Eve,1950,Drama
6.8,5769,Annie Get Your Gun,1950,"Comedy,Musical,Romance"
7.0,3633,Armored Car Robbery,1950,"Action,Crime,Film-Noir"
7.8,33244,The Asphalt Jungle,1950,"Crime,Drama,Film-Noir"
6.9,2769,The Baron of Arizona,1950,"Biography,Crime,Drama"
7.3,2056,Beauty and the Devil,1950,"Comedy,Drama,Fantasy"
6.6,1507,Between Midnight and Dawn,1950,"Action,Crime,Drama"
6.8,2973,The Blue Lamp,1950,"Crime,Drama,Thriller"
6.6,3295,Born to Be Bad,1950,"Crime,Drama,Film-Noir"
7.5,13715,Born Yesterday,1950,"Comedy,Drama,Romance"
7.5,5297,The Breaking Point,1950,"Crime,Drama,Film-Noir"
6.7,1745,Bright Leaf,1950,"Drama,Romance"
7.1,10891,Broken Arrow,1950,"Drama,Romance,Western"
7.6,5675,Caged,1950,"Crime,Drama,Film-Noir"
7.0,6106,Cheaper by the Dozen,1950,"Comedy,Drama,Family"
7.3,188749,Cinderella,1950,"Animation,Family,Fantasy"
6.8,1763,Convicted,1950,"Action,Crime,Drama"
6.7,2064,Crisis,1950,"Crime,Drama,Romance"
7.1,3882,Story of a Love Affair,1950,"Crime,Drama,Romance"
7.4,5039,Cyrano de Bergerac,1950,"Adventure,Drama,Romance"
7.2,14290,D.O.A.,1949,"Crime,Drama,Film-Noir"
7.1,4328,The Damned Don't Cry,1950,"Crime,Drama,Film-Noir"
6.7,3046,Dark City,1950,"Crime,Drama,Film-Noir"
7.2,2295,Devil's Doorway,1950,"Action,Drama,Western"
6.8,1731,Dial 1119,1950,"Film-Noir,Thriller"
6.9,4601,The Terrible Children,1950,Drama
7.1,13642,Father of the Bride,1950,"Comedy,Drama,Romance"
6.8,4710,The Flame and the Arrow,1950,"Adventure,Drama,Romance"
7.5,1619,Girl with Hyacinths,1950,"Drama,Mystery"
7.3,4545,The Flowers of St. Francis,1950,"Biography,Comedy,Drama"
7.2,4385,The Furies,1950,"Drama,Western"
6.9,1722,The Wild Heart,1950,"Drama,Romance"
7.6,16757,Gun Crazy,1950,"Crime,Drama,Film-Noir"
7.7,14528,The Gunfighter,1950,Western
6.6,3219,Halls of Montezuma,1951,"Action,Adventure,Drama"
7.2,2129,The Happiest Days of Your Life,1950,Comedy
7.3,3025,Harriet Craig,1950,Drama
7.9,61237,Harvey,1950,"Comedy,Drama,Fantasy"
7.0,5190,House by the River,1950,"Crime,Drama,Film-Noir"
7.9,39623,In a Lonely Place,1950,"Drama,Film-Noir,Mystery"
6.6,1511,The Jackpot,1950,Comedy
7.7,13782,Diary of a Country Priest,1951,Drama
6.7,7919,King Solomon's Mines,1950,"Action,Adventure,Romance"
7.1,2886,Kiss Tomorrow Goodbye,1950,"Crime,Film-Noir,Thriller"
7.9,3027,Kon-Tiki,1950,Documentary
7.3,2412,Last Holiday,1950,"Comedy,Drama,Romance"
7.1,4378,Variety Lights,1950,"Drama,Music,Romance"
6.9,2431,Madeleine,1950,"Crime,Drama,Mystery"
6.8,3326,The Man Who Cheated Himself,1950,"Crime,Drama,Film-Noir"
7.1,5616,The Men,1950,Drama
7.0,2317,Mister 880,1950,"Comedy,Crime,Romance"
7.2,4179,Mystery Street,1950,"Crime,Drama,Film-Noir"
7.8,16766,Night and the City,1950,"Crime,Film-Noir,Sport"
7.4,7020,No Way Out,1950,"Crime,Drama,Film-Noir"
8.2,23844,The Young and the Damned,1950,"Crime,Drama"
6.7,2254,Outrage,1950,"Crime,Drama,Film-Noir"
7.2,9590,Panic in the Streets,1950,"Crime,Drama,Film-Noir"
6.6,3008,Quicksand,1950,"Crime,Drama,Film-Noir"
8.1,198096,Rashomon,1950,"Crime,Drama,Mystery"
7.0,19554,Rio Grande,1950,"Drama,Romance,Western"
7.2,1578,The Rocking Horse Winner,1949,"Drama,Fantasy"
7.4,6546,La Ronde,1950,"Drama,Romance"
7.0,2548,Seven Days to Noon,1950,"Drama,Thriller"
6.7,1676,Shadow on the Wall,1950,"Crime,Drama,Film-Noir"
7.2,5298,Scandal,1950,Drama
7.1,3901,Side Street,1949,"Crime,Drama,Film-Noir"
7.1,2906,So Long at the Fair,1950,"Drama,Mystery"
7.0,17861,Stage Fright,1950,"Film-Noir,Mystery,Thriller"
7.4,2823,Stars in My Crown,1950,"Drama,Family,Western"
7.1,5291,Summer Stock,1950,"Comedy,Musical,Romance"
8.4,263031,Sunset Boulevard,1950,"Drama,Film-Noir"
7.2,2487,Susana,1951,Drama
7.3,2434,Three Came Home,1950,"Drama,War"
6.9,2289,Three Little Words,1950,"Biography,Comedy,Musical"
7.1,3830,To Joy,1950,Drama
6.9,10898,Treasure Island,1950,"Adventure,Drama,Family"
7.2,2373,The Sound of Fury,1950,"Crime,Drama,Film-Noir"
6.8,3109,Union Station,1950,"Crime,Drama,Film-Noir"
7.1,6289,Wagon Master,1950,"Drama,Western"
6.7,3807,Where Danger Lives,1950,"Action,Crime,Film-Noir"
7.5,11240,Where the Sidewalk Ends,1950,"Crime,Drama,Film-Noir"
7.6,23324,Winchester '73,1950,"Action,Drama,Western"
7.2,5732,Woman on the Run,1950,"Crime,Drama,Film-Noir"
6.9,1782,The Wooden Horse,1950,"Drama,History,War"
7.2,4281,Young Man with a Horn,1950,"Biography,Drama,Music"
6.6,6767,Bud Abbott and Lou Costello Meet the Invisible Man,1951,"Comedy,Family,Horror"
7.7,87940,The African Queen,1951,"Adventure,Drama,Romance"
7.3,168133,Alice in Wonderland,1951,"Adventure,Animation,Comedy"
6.8,2611,Along the Great Divide,1951,Western
7.1,39660,An American in Paris,1951,"Drama,Musical,Romance"
7.2,3364,Angels in the Outfield,1951,"Comedy,Family,Fantasy"
6.6,1706,Anne of the Indies,1951,"Action,Adventure,Drama"
7.2,1741,The Red Inn,1951,"Comedy,Crime"
7.8,4974,Awaara,1951,"Drama,Musical,Romance"
8.0,10811,Early Summer,1951,"Comedy,Drama,Romance"
7.7,6126,Bellissima,1951,Drama
8.0,42866,Ace in the Hole,1951,"Drama,Film-Noir"
8.0,5911,The Browning Version,1951,Drama
7.3,8551,Captain Horatio Hornblower,1951,"Action,Adventure,Drama"
7.6,6688,Casque d'Or,1952,"Crime,Drama,Romance"
8.0,1588,The Emperor and the Golem,1952,"Comedy,Fantasy"
7.3,3108,Cry Danger,1951,"Crime,Drama,Film-Noir"
7.7,89194,The Day the Earth Stood Still,1951,"Drama,Sci-Fi"
7.2,3353,Decision Before Dawn,1951,"Drama,War"
6.9,7260,The Desert Fox: The Story of Rommel,1951,"Biography,Drama,War"
7.5,10607,Detective Story,1951,"Crime,Drama,Film-Noir"
7.2,6198,The Enforcer,1951,"Crime,Film-Noir,Thriller"
7.4,5506,Europe '51,1952,Drama
6.9,2314,Fixed Bayonets!,1951,"Action,Drama,War"
7.1,3401,Fourteen Hours,1951,"Drama,Film-Noir,Thriller"
7.1,2305,Miss Julie,1951,"Drama,Romance"
6.6,2057,Go for Broke!,1951,"Drama,History,War"
7.7,2061,Cops and Robbers,1951,"Comedy,Drama"
7.1,6296,The Idiot,1951,"Drama,Romance"
7.0,3773,He Ran All the Way,1951,"Crime,Drama,Film-Noir"
7.0,5692,His Kind of Woman,1951,"Action,Crime,Film-Noir"
6.9,4379,The House on Telegraph Hill,1951,"Crime,Drama,Film-Noir"
8.0,14285,Forbidden Games,1952,"Drama,War"
6.9,2552,Jim Thorpe -- All-American,1951,"Biography,Drama,Family"
7.1,2291,Laughter in Paradise,1951,Comedy
7.0,2530,The Lemon Drop Kid,1951,"Comedy,Crime,Music"
6.8,2644,M,1951,"Crime,Drama,Film-Noir"
7.0,1584,The Magic Box,1951,"Biography,Drama,History"
6.6,1615,The Man with a Cloak,1951,"Crime,Drama,Mystery"
7.3,2203,The Mating Season,1951,"Comedy,Drama,Romance"
7.6,2019,Repast,1951,Drama
7.6,9482,Miracle in Milan,1951,"Comedy,Drama,Fantasy"
7.1,3064,The Mob,1951,"Crime,Drama,Film-Noir"
7.1,5078,No Highway in the Sky,1951,"Drama,Thriller"
7.1,2042,Has Anybody Seen My Gal,1952,"Comedy,Musical"
7.2,9289,On Dangerous Ground,1951,"Drama,Film-Noir"
6.9,3400,On Moonlight Bay,1951,"Comedy,Family,Musical"
6.6,4240,Operation Pacific,1951,"Drama,Romance,War"
7.4,2124,Miss Oyu,1951,"Drama,Romance"
6.9,5469,Pandora and the Flying Dutchman,1951,"Drama,Fantasy,Mystery"
6.9,2107,Payment on Demand,1951,Drama
6.8,1694,The People Against O'Hara,1951,"Crime,Drama,Film-Noir"
7.3,7902,People Will Talk,1951,"Comedy,Drama,Romance"
7.6,5279,The Little World of Don Camillo,1952,Comedy
7.7,27166,A Place in the Sun,1951,"Drama,Romance"
7.4,1951,La Poison,1951,"Comedy,Crime"
7.1,5445,The Prowler,1951,"Drama,Film-Noir,Thriller"
7.1,18639,Quo Vadis,1951,"Drama,Romance"
6.7,3751,The Racket,1951,"Crime,Drama,Film-Noir"
7.1,3692,Rawhide,1951,"Drama,Romance,Western"
7.1,5384,The Red Badge of Courage,1951,"Drama,War"
7.4,7461,The River,1951,"Drama,Romance"
6.6,1847,Roadblock,1951,"Crime,Drama,Film-Noir"
6.7,6734,Royal Wedding,1951,"Comedy,Musical,Romance"
7.2,7582,The White Sheik,1952,"Comedy,Drama,Romance"
8.1,29292,A Christmas Carol,1951,"Drama,Family,Fantasy"
6.9,1747,The Secret of Convict Lake,1951,"Drama,Western"
6.8,5770,Show Boat,1951,"Drama,Family,Musical"
7.5,7381,Summer Interlude,1951,"Drama,Romance"
7.4,5242,The Steel Helmet,1951,"Action,Drama,War"
7.2,3262,Storm Warning,1950,"Crime,Drama,Film-Noir"
7.9,148747,Strangers on a Train,1951,"Crime,Drama,Film-Noir"
7.9,119325,A Streetcar Named Desire,1951,Drama
6.9,1554,Mexican Bus Ride,1952,Comedy
7.1,4633,The Tales of Hoffmann,1951,"Fantasy,Music,Musical"
7.2,2787,The Tall Target,1951,"Adventure,Crime,Drama"
7.0,35929,The Thing from Another World,1951,"Horror,Sci-Fi"
6.8,1602,Thunder on the Hill,1951,"Crime,Drama,Mystery"
7.1,2005,Tomorrow Is Another Day,1951,"Drama,Film-Noir,Mystery"
7.6,4466,Westward the Women,1951,"Adventure,Drama,Western"
6.6,10507,When Worlds Collide,1951,"Action,Sci-Fi,Thriller"
7.6,6139,5 Fingers,1952,"Crime,Drama,Romance"
6.9,1518,Above and Beyond,1952,"Biography,Drama,War"
6.6,3579,Affair in Trinidad,1952,"Crime,Drama,Film-Noir"
7.2,10228,Angel Face,1952,"Crime,Drama,Film-Noir"
6.8,4199,Another Man's Poison,1951,"Crime,Drama,Film-Noir"
6.6,5129,Robinson Crusoe,1954,"Adventure,Drama,Family"
7.7,17949,The Bad and the Beautiful,1952,"Drama,Romance"
7.2,11054,Bend of the River,1952,"Action,Adventure,Drama"
6.6,2591,"Beware, My Lovely",1952,"Crime,Drama,Film-Noir"
6.9,5354,The Big Sky,1952,"Adventure,Drama,Western"
7.2,1826,The Blazing Sun,1954,"Crime,Drama,Romance"
6.7,2686,The Sound Barrier,1952,"Adventure,Drama,Romance"
7.2,2477,The Brute,1953,Drama
6.9,2197,Carbine Williams,1952,"Biography,Crime,Drama"
7.3,3134,Carrie,1952,"Drama,Romance"
7.0,3786,The Golden Coach,1952,"Comedy,Drama,History"
7.6,1509,Children of Hiroshima,1952,"Drama,War"
7.0,8388,Clash by Night,1952,"Drama,Film-Noir,Romance"
7.5,5910,"Come Back, Little Sheba",1952,"Drama,Romance"
7.1,7669,The Crimson Pirate,1952,"Action,Adventure,Comedy"
7.2,4862,Deadline - U.S.A.,1952,"Crime,Drama,Film-Noir"
6.8,1691,Diplomatic Courier,1952,"Crime,Drama,Film-Noir"
6.9,9731,Don't Bother to Knock,1952,"Drama,Film-Noir,Mystery"
7.1,3813,Fanfan la Tulipe,1952,"Adventure,Comedy,Drama"
6.7,2030,Hangman's Knot,1952,Western
6.9,4650,Hans Christian Andersen,1952,"Biography,Family,Musical"
7.9,117113,High Noon,1952,"Drama,Thriller,Western"
7.3,2338,The Holly and the Ivy,1952,Drama
8.3,103448,Ikiru,1952,Drama
7.4,6941,The Importance of Being Earnest,1952,"Comedy,Drama"
6.7,11405,Ivanhoe,1952,"Action,Adventure,Drama"
7.3,9256,Kansas City Confidential,1952,"Crime,Drama,Film-Noir"
7.0,3346,Secrets of Women,1952,"Comedy,Drama"
7.5,17077,The Lavender Hill Mob,1951,"Comedy,Crime"
8.0,24161,Limelight,1952,"Comedy,Drama,Music"
7.0,1507,The Long Memory,1953,"Crime,Drama,Thriller"
7.3,4136,The Lusty Men,1952,"Action,Drama,Sport"
6.6,4230,Macao,1952,"Adventure,Crime,Drama"
7.2,11778,The Man in the White Suit,1951,"Comedy,Drama,Sci-Fi"
6.9,1804,The Marrying Kind,1952,"Comedy,Drama"
6.7,1704,The Member of the Wedding,1952,"Drama,Family"
6.8,1615,The Miracle of Our Lady of Fatima,1952,"Drama,History"
6.9,16883,Monkey Business,1952,"Comedy,Sci-Fi"
7.0,7379,Moulin Rouge,1952,"Biography,Drama,Music"
7.1,3834,My Cousin Rachel,1952,"Drama,Mystery,Romance"
7.3,14111,The Naked Spur,1953,"Drama,Thriller,Western"
7.6,9989,The Narrow Margin,1952,"Crime,Drama,Film-Noir"
7.2,3447,O. Henry's Full House,1952,"Comedy,Drama"
7.6,4472,The Flavor of Green Tea Over Rice,1952,Drama
7.2,2236,Park Row,1952,"Drama,Thriller"
6.9,6588,Pat and Mike,1952,"Comedy,Romance,Sport"
6.9,3489,Phone Call from a Stranger,1952,"Drama,Film-Noir"
7.5,5871,Le Plaisir,1952,"Comedy,Drama,Romance"
6.9,4363,The Prisoner of Zenda,1952,"Adventure,Mystery,Romance"
7.1,2159,The Promoter,1952,Comedy
7.7,46218,The Quiet Man,1952,"Comedy,Drama,Romance"
6.8,6211,Rancho Notorious,1952,Western
7.2,2910,The Return of Don Camillo,1953,Comedy
7.2,3473,Room for One More,1952,"Comedy,Drama,Family"
6.6,1957,Ruby Gentry,1952,"Drama,Romance"
8.0,8474,The Life of Oharu,1952,Drama
7.4,4260,Scandal Sheet,1952,"Crime,Drama,Film-Noir"
7.5,6877,Scaramouche,1952,"Action,Adventure,Comedy"
8.3,284875,Singin' in the Rain,1952,"Comedy,Musical,Romance"
7.1,4451,The Sniper,1952,"Crime,Drama,Film-Noir"
6.8,2701,Son of Paleface,1952,"Comedy,Western"
6.6,2665,Springfield Rifle,1952,"Drama,Thriller,War"
6.9,4606,The Star,1952,"Drama,Romance"
6.9,1943,The Steel Trap,1952,"Crime,Drama,Film-Noir"
6.7,1797,The Stooge,1951,"Comedy,Drama,Music"
7.3,1622,The Stranger in Between,1952,"Crime,Drama,Film-Noir"
7.5,8965,Sudden Fear,1952,"Film-Noir,Thriller"
6.7,1584,The Thief,1952,"Crime,Drama,Film-Noir"
7.5,10266,Othello,1951,"Drama,Romance"
6.8,2011,The Turning Point,1952,"Crime,Drama,Film-Noir"
8.1,30835,Umberto D.,1952,Drama
6.9,3128,The White Reindeer,1952,"Drama,Fantasy,Horror"
7.2,13539,Viva Zapata!,1952,"Biography,Drama,History"
6.7,1596,With a Song in My Heart,1952,"Biography,Drama,Music"
6.8,2536,The World in His Arms,1952,"Action,Adventure,History"
7.9,7504,El,1953,"Drama,Romance"
6.7,4909,"The 5,000 Fingers of Dr. T.",1953,"Family,Fantasy,Music"
7.4,4033,99 River Street,1953,"Action,Crime,Drama"
7.0,2765,All I Desire,1953,"Drama,Romance"
7.4,13691,The Band Wagon,1953,"Comedy,Musical,Romance"
6.6,9764,"The Beast from 20,000 Fathoms",1953,"Horror,Sci-Fi"
7.9,5267,Welcome Mr. Marshall!,1953,Comedy
7.9,33030,The Big Heat,1953,"Crime,Drama,Film-Noir"
6.8,5461,The Bigamist,1953,"Drama,Film-Noir"
6.8,7262,The Blue Gardenia,1953,"Crime,Drama,Film-Noir"
6.7,2045,A Blueprint for Murder,1953,"Crime,Drama,Film-Noir"
7.0,2739,By the Light of the Silvery Moon,1953,"Comedy,Family,Musical"
7.2,12308,Calamity Jane,1953,"Comedy,Musical,Romance"
6.8,1591,Call Me Madam,1953,"Comedy,Musical,Romance"
6.8,1930,The Captain's Paradise,1953,"Comedy,Romance"
6.7,1833,City That Never Sleeps,1953,"Crime,Drama,Film-Noir"
7.4,6160,The Cruel Sea,1953,"Drama,War"
6.9,3211,Dangerous Crossing,1953,"Drama,Film-Noir,Mystery"
6.7,5729,The Desert Rats,1953,"Action,Adventure,Drama"
8.3,2531,Do Bigha Zamin,1953,Drama
6.6,3457,Escape from Fort Bravo,1953,"Drama,Romance,Western"
7.6,54700,From Here to Eternity,1953,"Drama,Romance,War"
7.0,3794,Genevieve,1953,"Adventure,Comedy"
7.1,46839,Gentlemen Prefer Blondes,1953,"Comedy,Musical,Romance"
7.6,2678,A Geisha,1953,Drama
6.9,1550,The Glass Wall,1953,"Drama,Film-Noir"
6.6,1525,Gunsmoke,1953,"Drama,Western"
7.4,8130,Sawdust and Tinsel,1953,Drama
6.9,12026,The Hitch-Hiker,1953,"Crime,Drama,Film-Noir"
7.0,14140,Hondo,1953,"Drama,Romance,War"
6.8,4021,Houdini,1953,"Biography,Drama,Romance"
7.0,22737,House of Wax,1953,Horror
6.8,27054,How to Marry a Millionaire,1953,"Comedy,Drama,Romance"
7.2,25495,I Confess,1953,"Crime,Drama,Thriller"
7.0,1776,Illusion Travels by Streetcar,1954,"Adventure,Comedy,Drama"
7.0,2061,Inferno,1953,"Crime,Drama,Film-Noir"
6.8,4173,Island in the Sky,1953,"Adventure,Drama"
6.7,2820,Jeopardy,1953,"Crime,Drama,Film-Noir"
7.1,4873,Gate of Hell,1953,"Drama,History"
7.2,14256,Julius Caesar,1953,"Drama,History"
7.0,7340,Kiss Me Kate,1953,"Comedy,Musical,Romance"
7.2,4476,Lili,1953,"Drama,Musical,Romance"
7.5,3338,Little Fugitive,1953,"Drama,Family"
7.3,1980,The Living Desert,1953,"Documentary,Family"
7.8,12234,The Earrings of Madame De...,1953,"Drama,Romance"
7.0,2930,The Man Between,1953,"Crime,Drama,Romance"
7.2,2073,Man on a Tightrope,1953,"Drama,Thriller"
6.8,4752,Man with a Million,1954,"Comedy,Romance"
6.6,10048,Mogambo,1953,"Adventure,Drama,Romance"
6.7,2732,The Moon Is Blue,1953,"Comedy,Romance"
7.0,22642,Niagara,1953,"Drama,Film-Noir,Thriller"
6.9,2574,"Bread, Love and Dreams",1953,"Comedy,Romance"
7.2,167019,Peter Pan,1953,"Adventure,Animation,Family"
7.6,17981,Pickup on South Street,1953,"Crime,Drama,Film-Noir"
6.7,13023,The Robe,1953,"Drama,History,Romance"
8.0,158391,Roman Holiday,1953,"Comedy,Drama,Romance"
8.1,74129,The Wages of Fear,1953,"Adventure,Drama,Thriller"
7.6,48119,Shane,1953,"Drama,Western"
7.1,2541,The Lady Without Camelias,1953,Drama
7.5,17986,Summer with Monika,1953,"Drama,Romance"
6.8,2307,Split Second,1953,"Crime,Drama,Film-Noir"
7.9,60416,Stalag 17,1953,"Comedy,Drama,War"
6.7,1622,The Story of Three Loves,1953,"Drama,Fantasy,Music"
6.9,2058,The Sun Shines Bright,1953,"Comedy,Drama,Western"
7.4,2141,The Adultress,1953,"Crime,Drama,Romance"
7.0,8268,Titanic,1953,"Drama,History,Romance"
7.0,3705,The Titfield Thunderbolt,1953,Comedy
8.1,78479,Tokyo Story,1953,Drama
7.6,9720,Touchez pas au grisbi,1954,"Crime,Drama"
6.8,2460,Trouble Along the Way,1953,"Comedy,Drama,Romance"
8.1,28482,Ugetsu,1953,"Drama,Fantasy,War"
7.3,22136,Monsieur Hulot's Holiday,1953,Comedy
7.2,14018,Journey to Italy,1954,"Drama,Romance"
6.8,1634,Vice Squad,1953,"Crime,Drama,Film-Noir"
7.8,23390,I Vitelloni,1953,"Comedy,Drama"
7.0,42110,The War of the Worlds,1953,"Action,Sci-Fi,Thriller"
6.7,2039,Young Bess,1953,"Biography,Drama,Romance"
7.2,39624,"20,000 Leagues Under the Sea",1954,"Adventure,Drama,Family"
6.7,1545,Wuthering Heights,1954,"Drama,Romance"
6.9,2178,An American in Rome,1954,Comedy
7.0,1538,Anatahan,1953,"Drama,History,War"
6.9,14593,The Barefoot Contessa,1954,"Crime,Drama,Mystery"
6.7,3178,The Belles of St. Trinian's,1954,"Comedy,Family,Romance"
6.8,1576,Black Tuesday,1954,"Crime,Drama,Film-Noir"
6.7,3790,Black Widow,1954,"Drama,Film-Noir,Mystery"
6.6,1640,The Bounty Hunter,1954,"Drama,Western"
6.7,7020,The Bridges at Toko-Ri,1954,"Drama,Romance,War"
6.8,10135,Brigadoon,1954,"Fantasy,Musical,Romance"
6.9,4811,Broken Lance,1954,"Adventure,Drama,Western"
7.7,31219,The Caine Mutiny,1954,"Drama,War"
6.7,6447,Carmen Jones,1954,"Drama,Musical,Romance"
8.0,5491,A Story from Chikamatsu,1954,"Drama,Romance,Thriller"
7.2,7418,The Country Girl,1954,"Drama,Music"
6.9,38704,Creature from the Black Lagoon,1954,"Horror,Sci-Fi"
7.3,5424,Crime Wave,1953,"Crime,Drama,Film-Noir"
7.4,12378,The Dam Busters,1955,"Drama,History,War"
6.6,4652,Demetrius and the Gladiators,1954,"Action,Drama,History"
6.6,1848,Destry,1954,"Drama,Western"
8.1,73729,Diabolique,1955,"Crime,Drama,Horror"
8.1,206307,Dial M for Murder,1954,"Crime,Drama,Mystery"
6.6,1844,Down Three Dark Streets,1954,"Crime,Drama,Film-Noir"
6.9,2305,Drive a Crooked Road,1954,"Crime,Drama,Film-Noir"
7.4,5280,Executive Suite,1954,"Drama,Romance"
6.7,2040,The Detective,1954,"Comedy,Crime,Drama"
7.3,4879,French Cancan,1955,"Comedy,Drama,Musical"
6.6,4414,Garden of Evil,1954,"Action,Adventure,Drama"
7.3,10613,The Glenn Miller Story,1954,"Biography,Drama,Music"
7.6,45886,Godzilla,1954,"Drama,Horror,Sci-Fi"
6.7,1827,The Good Die Young,1954,"Crime,Drama,Thriller"
6.9,1645,High and Dry,1954,"Comedy,Drama"
6.6,7100,The High and the Mighty,1954,"Action,Adventure,Drama"
7.7,10178,Hobson's Choice,1954,"Comedy,Drama,Romance"
7.1,7385,Human Desire,1954,"Drama,Film-Noir,Romance"
7.5,6116,An Inspector Calls,1954,"Crime,Drama,Mystery"
7.2,5211,It Should Happen to You,1954,"Comedy,Drama,Romance"
7.6,21759,Johnny Guitar,1954,"Drama,Western"
7.0,4134,A Lesson in Love,1954,"Comedy,Drama,Romance"
7.0,6225,"The Long, Long Trailer",1954,"Comedy,Romance"
7.0,8726,Magnificent Obsession,1954,"Drama,Romance"
7.2,3214,The Miracle of Marcelino,1955,Drama
7.6,2308,Miseria e nobiltà,1954,Comedy
6.6,2034,Naked Alibi,1954,"Crime,Drama,Film-Noir"
6.7,4889,The Naked Jungle,1954,"Adventure,Drama,Thriller"
7.0,1833,The Night My Number Came Up,1955,"Drama,Fantasy,Mystery"
7.9,3232,Twenty-Four Eyes,1954,Drama
8.1,180208,On the Waterfront,1954,"Crime,Drama,Thriller"
7.3,2369,The Gold of Naples,1954,"Comedy,Drama,Romance"
6.7,2244,Fear,1954,Drama
6.6,2345,Phffft,1954,"Comedy,Romance"
6.7,2262,Private Hell 36,1954,"Crime,Drama,Film-Noir"
7.1,4832,Pushover,1954,"Crime,Drama,Film-Noir"
8.4,572127,Rear Window,1954,"Drama,Mystery,Thriller"
6.8,1664,Ride Clear of Diablo,1954,"Drama,Western"
7.0,2744,Riot in Cell Block 11,1954,"Crime,Drama,Film-Noir"
6.6,14333,River of No Return,1954,"Action,Adventure,Drama"
7.6,76458,Sabrina,1954,"Comedy,Drama,Romance"
7.3,4585,Salt of the Earth,1954,"Drama,History"
7.4,10431,Samurai I: Musashi Miyamoto,1954,"Action,Adventure,Biography"
8.3,20050,Sansho the Bailiff,1954,Drama
7.4,10130,Senso,1954,"Drama,Romance,War"
7.3,28269,Seven Brides for Seven Brothers,1954,"Comedy,Musical,Romance"
8.6,404466,Seven Samurai,1954,"Action,Drama"
6.8,2277,Shield for Murder,1954,"Crime,Drama,Film-Noir"
6.8,2660,Silver Lode,1954,"Drama,Western"
7.5,21151,A Star Is Born,1954,"Drama,Musical,Romance"
8.0,70265,La Strada,1954,Drama
6.8,8263,Suddenly,1954,"Crime,Drama,Film-Noir"
7.2,27084,Them!,1954,"Horror,Sci-Fi"
6.6,6554,Ulysses,1954,"Adventure,Fantasy"
7.4,1574,The Woman of Rumour,1954,"Drama,Romance"
7.0,13124,Vera Cruz,1954,"Adventure,Drama,Western"
7.6,57162,White Christmas,1954,"Comedy,Musical,Romance"
6.7,19255,The Wild One,1953,"Crime,Drama,Romance"
6.6,3978,Witness to Murder,1954,"Crime,Drama,Film-Noir"
6.9,1632,Woman's World,1954,"Drama,Romance"
7.7,2378,Sound of the Mountain,1954,Drama
6.7,3080,Young at Heart,1954,"Drama,Music,Romance"
6.6,1841,Above Us the Waves,1955,"Drama,War"
7.6,18734,All That Heaven Allows,1955,"Drama,Romance"
7.1,3786,Le Amiche,1955,"Drama,Romance"
7.2,22050,Animal Farm,1954,"Animation,Drama"
7.6,27012,Bad Day at Black Rock,1955,"Crime,Drama,Mystery"
6.8,1504,The Benny Goodman Story,1956,"Biography,Drama,Music"
7.5,7813,The Swindle,1955,"Comedy,Crime,Drama"
7.3,10093,The Big Combo,1955,"Crime,Drama,Film-Noir"
6.7,4834,The Big Knife,1955,"Crime,Drama,Film-Noir"
7.4,10658,Blackboard Jungle,1955,"Crime,Drama"
7.5,14353,Bob le Flambeur,1956,"Crime,Drama,Thriller"
7.1,3049,A Journey to the Beginning of Time,1955,"Adventure,Family,Fantasy"
6.9,3484,The Colditz Story,1955,"Drama,History,War"
6.8,2579,The Court-Martial of Billy Mitchell,1955,"Biography,Drama,War"
6.7,4618,Daddy Long Legs,1955,"Musical,Romance"
6.7,2994,Dementia,1955,"Drama,Film-Noir,Horror"
6.8,5638,Davy Crockett: King of the Wild Frontier,1955,"Adventure,Drama,Family"
7.5,11872,The Desperate Hours,1955,"Crime,Drama,Film-Noir"
7.7,2151,Devdas,1955,"Drama,Musical,Romance"
7.1,2452,Don Camillo e l'on. Peppone,1955,Comedy
8.1,39596,Rififi,1955,"Crime,Drama,Thriller"
7.8,50954,East of Eden,1955,Drama
7.6,6528,The Criminal Life of Archibaldo de la Cruz,1955,"Comedy,Crime,Drama"
7.1,9617,The Far Country,1954,"Romance,Western"
7.0,2494,Footsteps in the Fog,1955,"Crime,Drama,Thriller"
7.0,1538,"Good Morning, Miss Dove",1955,Drama
7.1,21039,Guys and Dolls,1955,"Comedy,Crime,Musical"
6.8,4507,House of Bamboo,1955,"Crime,Drama,Film-Noir"
7.2,2761,I'll Cry Tomorrow,1955,"Biography,Drama,Music"
7.3,6213,I Live in Fear,1955,Drama
7.0,2799,Illegal,1955,"Crime,Drama,Film-Noir"
7.0,4389,It's Always Fair Weather,1955,"Comedy,Drama,Musical"
7.1,5013,Jubal,1956,"Drama,Romance,Western"
7.5,23877,Kiss Me Deadly,1955,"Crime,Drama,Film-Noir"
7.0,3849,Dreams,1955,Drama
7.7,1955,Merry-Go-Round,1956,"Drama,Romance"
7.3,163265,Lady and the Tramp,1955,"Adventure,Animation,Comedy"
7.6,34398,The Ladykillers,1955,"Comedy,Crime"
6.6,5397,Land of the Pharaohs,1955,"Adventure,Drama,History"
7.2,6708,Lola Montès,1955,"Biography,Drama,Romance"
7.2,3725,The Long Gray Line,1955,"Biography,Comedy,Drama"
7.1,5281,Love Me or Leave Me,1955,"Biography,Drama,Music"
6.7,2662,Man with the Gun,1955,Western
6.8,4413,Man Without a Star,1955,Western
7.3,13308,The Man from Laramie,1955,"Drama,Western"
7.3,13503,The Man with the Golden Arm,1955,"Crime,Drama,Romance"
7.6,30925,Marty,1955,"Drama,Romance"
7.6,19788,Mister Roberts,1955,"Comedy,Drama,War"
6.6,4369,Moonfleet,1955,"Adventure,Drama"
7.1,10155,Confidential Report,1955,"Crime,Drama,Film-Noir"
7.6,4938,Death of a Cyclist,1955,"Crime,Drama"
6.8,2368,My Sister Eileen,1955,"Comedy,Musical,Romance"
7.1,1715,New York Confidential,1955,"Crime,Drama,Film-Noir"
7.9,109056,The Night of the Hunter,1955,"Crime,Drama,Thriller"
6.7,3108,Not as a Stranger,1955,"Drama,Film-Noir,Romance"
7.0,15918,Oklahoma!,1955,"Drama,Musical,Romance"
8.2,19085,Ordet,1955,Drama
8.2,42080,Pather Panchali,1955,"Drama,History"
7.2,3676,The Phenix City Story,1955,"Crime,Drama,Film-Noir"
7.0,10750,Picnic,1955,"Drama,Romance"
7.0,4961,La Pointe Courte,1955,"Drama,Romance"
7.1,3323,A Generation,1955,"Drama,War"
6.6,3182,Queen Bee,1955,"Drama,Film-Noir,Romance"
6.9,1729,Razzia,1955,"Crime,Drama,Thriller"
7.6,103929,Rebel Without a Cause,1955,Drama
6.9,5082,The Rose Tattoo,1955,"Comedy,Drama,Romance"
6.7,2054,Run for Cover,1955,"Adventure,Drama,Western"
7.8,2092,Above All,1955,"Mystery,Romance"
7.3,7594,Samurai II: Duel at Ichijoji Temple,1955,"Action,Adventure,Biography"
6.7,1736,The Seven Little Foys,1955,"Biography,Comedy,Drama"
7.0,45863,The Seven Year Itch,1955,"Comedy,Romance"
7.9,3336,Shree 420,1955,"Comedy,Crime,Drama"
7.0,11221,Sissi,1955,"Comedy,Drama,History"
7.7,15830,Smiles of a Summer Night,1955,"Comedy,Romance"
7.9,3207,Stella,1955,"Drama,Music,Romance"
7.1,11502,Summertime,1955,"Drama,Romance"
6.7,3644,The Tall Men,1955,"Drama,Western"
6.6,2881,Tight Spot,1955,"Crime,Drama,Film-Noir"
7.4,87377,To Catch a Thief,1955,"Drama,Mystery,Romance"
7.1,6573,To Hell and Back,1955,"Action,Biography,Drama"
7.0,43250,The Trouble with Harry,1955,"Comedy,Mystery"
8.0,8188,The Unknown Soldier,1955,"Drama,War"
7.6,3692,Floating Clouds,1955,"Drama,Romance"
6.9,3796,The Violent Men,1955,"Drama,Western"
6.9,3399,Violent Saturday,1955,"Crime,Drama,Thriller"
6.6,3231,The Virgin Queen,1955,"Biography,Drama,History"
7.3,12276,We're No Angels,1955,"Comedy,Crime,Romance"
6.9,2835,Wichita,1955,Western
7.1,2253,Princess Yang Kwei-fei,1955,"Drama,History,Romance"
6.9,4938,1984,1956,"Drama,Sci-Fi"
6.9,3126,23 Paces to Baker Street,1956,"Crime,Mystery,Thriller"
7.8,5442,Street of Shame,1956,Drama
7.0,10350,Anastasia,1956,"Biography,Drama,History"
8.2,20173,Aparajito,1956,Drama
6.7,32248,Around the World in 80 Days,1956,"Adventure,Comedy,Family"
7.4,6579,Attack,1956,"Action,Drama,War"
6.9,3726,Autumn Leaves,1956,Drama
7.2,9036,Baby Doll,1956,"Comedy,Drama"
6.6,1766,Back from Eternity,1956,"Adventure,Drama"
6.6,2172,Backlash,1956,"Drama,Western"
7.4,17884,The Bad Seed,1956,"Drama,Horror,Thriller"
7.5,1794,The Band of Honest Men,1956,Comedy
6.6,5523,Pursuit of the Graf Spee,1956,"Action,Adventure,Drama"
6.6,1795,Between Heaven and Hell,1956,"Drama,War"
6.9,6559,Beyond a Reasonable Doubt,1956,"Crime,Drama,Film-Noir"
7.4,8989,Bigger Than Life,1956,Drama
8.0,7300,The Burmese Harp,1956,"Drama,Music,War"
7.1,1819,Yield to the Night,1956,"Crime,Drama"
7.7,1829,Main Street,1956,Drama
7.4,4170,The Catered Affair,1956,"Comedy,Drama,Romance"
7.8,15192,The Court Jester,1955,"Adventure,Comedy,Family"
6.6,1563,Crime in the Streets,1956,"Action,Crime,Drama"
6.6,2773,Davy Crockett and the River Pirates,1956,"Adventure,Comedy,Drama"
7.4,1646,The Good Soldier Schweik,1957,"Comedy,War"
6.8,2319,The Eddy Duchin Story,1956,"Biography,Drama,Music"
7.1,4170,The Fastest Gun Alive,1956,"Drama,Western"
7.7,1678,The Railroad Man,1956,Drama
7.5,57631,Forbidden Planet,1956,"Adventure,Sci-Fi"
7.3,8522,Friendly Persuasion,1956,"Drama,Family,Romance"
7.3,1840,Gervaise,1956,Drama
7.6,44280,Giant,1956,"Drama,Western"
6.8,4418,The Girl Can't Help It,1956,"Comedy,Music"
6.8,1613,The Great Locomotive Chase,1956,"Action,Adventure,Drama"
7.5,10440,The Harder They Fall,1956,"Drama,Film-Noir,Sport"
7.1,2249,The Captain from Köpenick,1956,"Comedy,Drama"
6.9,19320,High Society,1956,"Comedy,Musical,Romance"
7.7,60325,Invasion of the Body Snatchers,1956,"Drama,Horror,Sci-Fi"
7.4,3580,Carnival Night,1956,"Comedy,Drama,Musical"
6.6,2819,The Killer Is Loose,1956,"Crime,Drama,Film-Noir"
7.9,106674,The Killing,1956,"Crime,Drama,Film-Noir"
7.4,29744,The King and I,1956,"Biography,Drama,Musical"
6.7,5034,A Kiss Before Dying,1956,"Crime,Drama,Film-Noir"
6.8,2061,The Last Hunt,1956,"Drama,Western"
7.0,4224,The Last Wagon,1956,"Drama,Western"
7.3,13213,Lust for Life,1956,"Biography,Drama"
7.4,76683,The Man Who Knew Too Much,1956,"Crime,Drama,Mystery"
7.4,6394,The Man Who Never Was,1956,"Drama,War"
7.1,4544,The Man in the Gray Flannel Suit,1956,"Drama,Romance,War"
7.1,1576,Miracle in the Rain,1956,"Drama,Fantasy,Romance"
7.3,23219,Moby Dick,1956,"Adventure,Drama"
6.9,2039,The Silent World,1956,"Adventure,Documentary"
6.7,2869,Death in the Garden,1956,"Adventure,Crime,Drama"
6.8,2496,The Mountain,1956,"Adventure,Drama"
7.5,2951,The Mystery of Picasso,1956,"Biography,Documentary,History"
7.1,5786,Nightfall,1956,"Crime,Drama,Film-Noir"
7.7,4263,Patterns,1956,Drama
6.9,1884,The Proud Ones,1956,"Drama,Western"
6.6,8694,The Quatermass Xperiment,1955,"Horror,Sci-Fi"
6.8,1821,The Rack,1956,"Drama,War"
6.9,4691,The Rainmaker,1956,"Drama,Romance,Western"
7.0,2705,Ransom!,1956,"Crime,Drama,Film-Noir"
7.2,3268,Reach for the Sky,1956,"Biography,Drama,War"
7.3,5923,Richard III,1955,"Biography,Drama,History"
7.5,7301,Samurai III: Duel at Ganryu Island,1956,"Action,Adventure,Biography"
7.8,103408,The Searchers,1956,"Adventure,Western"
7.4,6730,7 Men from Now,1956,Western
6.7,8115,Sissi: The Young Empress,1956,"Drama,History"
7.5,2760,The Solid Gold Cadillac,1956,"Comedy,Romance"
7.5,9768,Somebody Up There Likes Me,1956,"Biography,Drama,Sport"
7.4,1894,The Forty-First,1956,"Drama,Romance,War"
7.7,4336,Early Spring,1956,Drama
7.1,1659,The Flying Carpet,1957,"Adventure,Family,Fantasy"
6.6,1910,Storm Center,1956,Drama
7.3,3804,Tea and Sympathy,1956,Drama
6.6,4027,The Teahouse of the August Moon,1956,"Comedy,Drama"
7.9,85358,The Ten Commandments,1956,"Adventure,Drama,Family"
7.4,1594,The Roof,1956,"Comedy,Drama"
7.4,4167,There's Always Tomorrow,1956,"Drama,Romance"
7.0,1666,The Third Key,1956,"Crime,Drama,Mystery"
6.8,2429,Time Without Pity,1957,"Crime,Drama,Film-Noir"
7.7,2321,"Toto, Peppino, and the Hussy",1956,"Comedy,Musical,Romance"
7.2,2165,A Town Like Alice,1956,"Drama,Romance,War"
6.8,5849,Trapeze,1956,"Drama,Romance"
7.3,4759,The Crossing of Paris,1956,"Comedy,Drama,War"
6.7,1972,Tribute to a Bad Man,1956,"Drama,Romance,Western"
8.1,30999,A Man Escaped,1956,"Drama,Thriller,War"
7.4,2011,Vesna na Zarechnoy ulitse,1956,"Drama,Romance"
6.7,11855,War and Peace,1956,"Drama,Romance,War"
6.9,7904,While the City Sleeps,1956,"Crime,Drama,Film-Noir"
7.3,15238,Written on the Wind,1956,Drama
9.0,997380,12 Angry Men,1957,"Crime,Drama"
7.6,24049,3:10 to Yuma,1957,"Adventure,Drama,Thriller"
7.5,2177,Seven Days from Now,1957,"Adventure,Drama,Thriller"
7.1,2331,Paradise Lagoon,1957,"Adventure,Comedy,Romance"
7.4,35949,An Affair to Remember,1957,"Drama,Romance"
7.2,1760,All Mine to Give,1957,"Drama,Family,Romance"
7.3,1887,Montparnasse 19,1958,"Biography,Drama,Romance"
6.7,2498,Bitter Victory,1957,"Drama,War"
7.8,10464,Mother India,1957,"Action,Comedy,Drama"
8.1,249982,The Bridge on the River Kwai,1957,"Adventure,Drama,War"
6.8,1808,The Brothers Rico,1957,"Crime,Drama,Film-Noir"
7.0,3846,Cast a Dark Shadow,1955,"Crime,Film-Noir,Thriller"
7.7,1761,The Chaplin Revue,1959,Comedy
7.0,1795,Chase a Crooked Shadow,1958,"Crime,Mystery,Thriller"
7.0,14994,The Curse of Frankenstein,1957,"Horror,Sci-Fi,Thriller"
6.8,3961,Decision at Sundown,1957,Western
6.7,6124,Designing Woman,1957,"Comedy,Romance"
7.2,10513,Desk Set,1957,"Comedy,Romance"
8.4,1984,Do Ankhen Barah Haath,1957,"Comedy,Crime,Drama"
7.2,6488,The Lower Depths,1957,Drama
7.2,3936,Edge of the City,1957,Drama
7.4,13490,The Enemy Below,1957,"Action,Adventure,Drama"
8.1,19383,A Face in the Crowd,1957,"Drama,Music"
6.9,2310,Fear Strikes Out,1957,"Biography,Drama,Sport"
7.3,1566,Fools in the Mountains,1957,Comedy
6.9,7213,Forty Guns,1957,"Action,Drama,Romance"
7.0,35846,Funny Face,1957,"Comedy,Musical,Romance"
7.1,2695,The Green Man,1956,"Comedy,Crime"
7.6,5994,Il Grido,1957,"Drama,Romance"
7.1,19044,Gunfight at the O.K. Corral,1957,"Biography,Drama,Western"
8.1,3443,Harano Sur,1957,"Drama,Romance"
7.1,1782,A Hatful of Rain,1957,Drama
7.3,10532,"Heaven Knows, Mr. Allison",1957,"Adventure,Drama,War"
7.6,22275,The Incredible Shrinking Man,1957,"Adventure,Drama,Fantasy"
7.0,1604,The Joker Is Wild,1957,"Biography,Drama,Musical"
7.9,8921,Kanal,1957,"Drama,War"
7.0,9921,A King in New York,1957,"Comedy,Drama"
8.0,60713,Throne of Blood,1957,Drama
6.6,3337,Les Girls,1957,"Comedy,Musical"
8.3,22889,The Cranes Are Flying,1957,"Drama,Romance,War"
7.1,18509,Love in the Afternoon,1957,"Comedy,Crime,Drama"
7.7,1747,Madhumati,1958,"Fantasy,Musical,Mystery"
7.2,2535,Inspector Maigret,1958,"Crime,Drama,Mystery"
7.1,3246,Man of a Thousand Faces,1957,"Biography,Drama"
7.1,3504,Men in War,1957,"Action,Drama,War"
7.6,25053,My Uncle,1958,Comedy
7.4,2144,Les Misérables,1958,Drama
7.2,1755,The Devil Strikes at Night,1957,"Crime,Drama,Thriller"
6.8,2287,Your Past Is Showing,1957,Comedy
7.2,2019,Nine Lives,1957,"Action,Adventure,Biography"
6.6,4943,Night Passage,1957,"Action,Adventure,Drama"
7.4,17579,Curse of the Demon,1957,"Fantasy,Horror,Mystery"
7.1,1517,No Down Payment,1957,Drama
6.6,3481,The Hunchback of Notre Dame,1956,"Drama,Fantasy,Horror"
7.7,10431,White Nights,1957,"Drama,Romance"
8.1,57450,Nights of Cabiria,1957,Drama
7.2,16845,Old Yeller,1957,"Adventure,Drama,Family"
7.1,2788,The One That Got Away,1957,"Adventure,Drama,War"
6.6,4555,The Pajama Game,1957,"Comedy,Drama,Musical"
6.6,6356,Pal Joey,1957,"Drama,Musical,Romance"
8.4,241784,Paths of Glory,1957,"Drama,War"
7.2,7295,Peyton Place,1957,"Crime,Drama,Mystery"
6.9,1552,Plunder Road,1957,"Crime,Drama,Film-Noir"
8.3,8370,Thirst,1957,"Drama,Musical,Romance"
6.7,5535,Quatermass 2,1957,"Horror,Sci-Fi"
6.7,7124,The Revenge of Frankenstein,1958,"Horror,Sci-Fi"
6.6,2727,Run of the Arrow,1957,"Drama,Western"
6.6,1902,Saddle the Wind,1958,"Drama,Western"
7.0,8961,Sayonara,1957,"Drama,Romance"
6.8,4664,Silk Stockings,1957,"Comedy,Musical,Romance"
6.6,6652,Sissi: The Fateful Years of an Empress,1957,"Drama,History,Romance"
8.1,216935,The Seventh Seal,1957,"Drama,Fantasy"
6.9,2566,Big Time Operators,1957,Comedy
8.1,125375,Wild Strawberries,1957,"Drama,Romance"
7.5,3624,The Snow Queen,1957,"Adventure,Animation,Family"
7.1,9384,The Spirit of St. Louis,1957,"Adventure,Biography,Drama"
8.0,40466,Sweet Smell of Success,1957,"Drama,Film-Noir"
7.3,7093,The Tall T,1957,Western
6.9,2973,Tammy and the Bachelor,1957,"Comedy,Romance"
7.1,4526,The Tarnished Angels,1957,"Action,Adventure,Drama"
7.2,9706,The Three Faces of Eve,1957,"Drama,Mystery"
7.3,1619,Time Limit,1957,"Drama,War"
7.3,7679,The Tin Star,1957,Western
8.0,5832,Tokyo Twilight,1957,Drama
7.5,1954,Deadlier Than the Male,1956,"Crime,Drama,Thriller"
6.9,4529,Will Success Spoil Rock Hunter?,1957,"Comedy,Romance"
6.6,4975,The Wings of Eagles,1957,"Biography,Drama,War"
8.4,163618,Witness for the Prosecution,1957,"Crime,Drama,Mystery"
7.4,34979,The Wrong Man,1956,"Drama,Film-Noir"
6.6,2765,Zero Hour!,1957,"Action,Adventure,Drama"
7.0,16546,The 7th Voyage of Sinbad,1958,"Action,Adventure,Family"
7.5,11956,The Magician,1958,"Comedy,Drama"
7.9,32079,Elevator to the Gallows,1958,"Crime,Drama,Thriller"
7.9,13930,Auntie Mame,1958,"Comedy,Drama,Romance"
7.5,6304,Cairo Station,1958,"Crime,Drama"
7.1,4175,Le Beau Serge,1958,Drama
6.8,14912,Bell Book and Candle,1958,"Comedy,Drama,Fantasy"
7.9,24649,The Big Country,1958,"Drama,Romance,Western"
6.8,6442,Bonjour Tristesse,1958,"Drama,Romance"
7.0,7235,The Bravados,1958,"Drama,Western"
6.7,3344,The Brothers Karamazov,1958,"Drama,Romance"
6.8,3699,Buchanan Rides Alone,1958,"Drama,Western"
7.2,2088,Carve Her Name with Pride,1958,"Biography,Drama,War"
7.9,57379,Cat on a Hot Tin Roof,1958,Drama
6.7,3896,Cowboy,1958,"Drama,Western"
6.7,1877,Cry Terror!,1958,"Crime,Film-Noir,Thriller"
7.0,3857,Damn Yankees,1958,"Comedy,Musical,Romance"
7.5,20299,The Defiant Ones,1958,"Crime,Drama"
7.2,30122,Horror of Dracula,1958,"Drama,Horror"
7.1,3970,Dunkirk,1958,"Action,Drama,History"
6.8,2971,Lake of the Dead,1958,"Horror,Mystery,Thriller"
6.6,1895,Love Is My Profession,1958,"Crime,Drama,Romance"
7.7,6230,It Happened in Broad Daylight,1958,"Crime,Drama,Thriller"
7.1,28166,The Fly,1958,"Drama,Horror,Sci-Fi"
6.6,1894,Gideon of Scotland Yard,1958,"Comedy,Crime,Drama"
6.6,25095,Gigi,1958,"Comedy,Musical,Romance"
7.1,2408,Gunman's Walk,1958,Western
8.3,1890,H-8...,1958,"Drama,Thriller"
7.2,4698,Hell Drivers,1957,"Crime,Drama,Film-Noir"
7.8,5477,Equinox Flower,1958,"Comedy,Drama"
6.9,4177,The Horse's Mouth,1958,Comedy
6.7,35068,House on Haunted Hill,1959,"Crime,Horror,Mystery"
6.6,10556,Houseboat,1958,"Comedy,Drama,Family"
7.5,8372,I Want to Live!,1958,"Biography,Crime,Drama"
6.9,1908,"Hell, Heaven or Hoboken",1958,"Drama,History,War"
6.8,11283,Indiscreet,1958,"Comedy,Romance"
7.2,5862,The Inn of the Sixth Happiness,1958,"Biography,Drama,War"
7.7,8838,"Ivan the Terrible, Part II: The Boyars' Plot",1946,"Biography,Drama,History"
7.8,7429,The Music Room,1958,"Drama,Music"
8.0,46207,The Hidden Fortress,1958,"Adventure,Drama"
6.7,1977,The Key,1958,"Drama,Romance,War"
7.0,7164,King Creole,1958,"Crime,Drama,Musical"
7.3,4586,The Last Hurrah,1958,Drama
6.8,3184,The Law and Jake Wade,1958,"Drama,Western"
7.3,5314,The Lineup,1958,"Crime,Drama,Film-Noir"
7.3,13670,"The Long, Hot Summer",1958,Drama
7.0,4813,Look Back in Anger,1959,Drama
7.0,10913,Man of the West,1958,"Drama,Western"
8.3,1928,We Only Live Once,1958,"Comedy,Drama,Romance"
7.2,5257,Murder by Contract,1958,"Crime,Drama,Film-Noir"
7.0,1990,Mädchen in Uniform,1958,Drama
7.8,4177,The Ballad of Narayama,1958,Drama
7.7,7036,Nazarin,1959,Drama
7.1,2325,Neither Seen Nor Recognized,1958,Comedy
7.9,19501,A Night to Remember,1958,"Drama,History"
7.2,3661,No Name on the Bullet,1959,"Drama,Western"
7.5,4952,No Time for Sergeants,1958,"Comedy,War"
7.3,3809,Brink of Life,1958,Drama
6.9,9385,The Old Man and the Sea,1958,"Adventure,Drama"
7.0,4133,Party Girl,1958,"Crime,Drama,Film-Noir"
7.7,15146,Ashes and Diamonds,1958,"Drama,Romance,War"
6.9,2720,The Proud Rebel,1958,"Drama,Western"
6.7,2365,The Quiet American,1958,"Drama,Romance,Thriller"
6.7,2175,The Reluctant Debutante,1958,"Comedy,Romance"
6.6,2555,Rock-a-Bye Baby,1958,"Comedy,Musical"
7.3,14915,Run Silent Run Deep,1958,"Action,Drama,War"
7.3,9913,Separate Tables,1958,"Drama,Romance"
6.8,3457,The Sheepman,1958,Western
6.8,2129,The Snorkel,1958,"Crime,Horror,Mystery"
7.9,12970,Big Deal on Madonna Street,1958,"Comedy,Crime"
7.2,8307,Some Came Running,1958,"Drama,Romance"
6.8,11110,South Pacific,1958,"Drama,Musical,Romance"
6.8,1700,The Square Peg,1958,"Comedy,War"
7.1,1797,A Tale of Two Cities,1958,"Drama,History,Romance"
7.1,5568,Teacher's Pet,1958,"Comedy,Romance"
6.8,2679,Terror in a Texas Town,1958,"Drama,Western"
6.6,3548,The Tiger of Eschnapur,1959,"Adventure,Drama,Romance"
7.6,4093,A Time to Love and a Time to Die,1958,"Drama,Romance,War"
7.9,115371,Touch of Evil,1958,"Crime,Drama,Film-Noir"
8.2,461361,Vertigo,1958,"Mystery,Romance,Thriller"
7.0,17544,The Vikings,1958,"Action,Adventure,History"
7.5,3188,Invention for Destruction,1958,"Adventure,Animation,Fantasy"
7.1,9664,The Young Lions,1958,"Action,Drama,War"
6.7,2170,Al Capone,1959,"Biography,Crime,Drama"
7.1,6445,The Lovers,1958,"Drama,Romance"
8.0,78358,Anatomy of a Murder,1959,"Drama,Mystery"
8.4,20572,The World of Apu,1959,Drama
8.2,12391,Ballad of a Soldier,1959,"Drama,Romance,War"
6.6,1992,The Battle of the Sexes,1960,"Comedy,Crime"
8.1,272712,Ben-Hur,1959,"Adventure,Drama"
6.6,2649,The Best of Everything,1959,"Drama,Romance"
6.9,1777,Le Bossu,1959,"Action,Adventure"
7.9,9396,The Bridge,1959,"Drama,History,War"
6.7,9040,A Bucket of Blood,1959,"Comedy,Crime,Horror"
7.4,5139,The Big Risk,1960,"Crime,Drama,Romance"
7.4,8662,Compulsion,1959,"Biography,Crime,Drama"
7.2,3612,The Cousins,1959,Drama
6.8,3653,The Crimson Kimono,1959,"Crime,Drama,Mystery"
7.1,10282,Darby O'Gill and the Little People,1959,"Adventure,Family,Fantasy"
7.3,5058,Day of the Outlaw,1959,"Drama,Western"
6.6,2472,Two Men in Manhattan,1959,"Crime,Drama,Thriller"
6.9,3316,The Devil's Disciple,1959,"Comedy,History,Romance"
7.4,14663,The Diary of Anne Frank,1959,"Biography,Drama,Family"
7.7,2655,Skeleton of Mrs. Morales,1960,"Comedy,Crime,Drama"
7.3,2200,Violent Summer,1959,"Drama,Romance,War"
7.1,2349,The Five Pennies,1959,"Biography,Drama,Music"
6.9,2772,The Flesh and the Fiends,1960,"Crime,Drama,Horror"
7.0,8325,The Fugitive Kind,1960,"Drama,Romance"
6.8,2434,The Gazebo,1959,"Comedy,Romance,Thriller"
6.6,4340,Gidget,1959,"Comedy,Drama,Romance"
8.1,5098,The Great War,1959,"Comedy,Drama,War"
7.1,5612,The Hanging Tree,1959,Western
7.8,39710,Hiroshima Mon Amour,1959,"Drama,Romance"
7.1,13199,The Horse Soldiers,1959,"Adventure,Drama,Romance"
6.9,14373,The Hound of the Baskervilles,1959,"Horror,Mystery"
7.1,4893,I'm All Right Jack,1959,Comedy
7.8,20010,Imitation of Life,1959,Drama
6.6,3269,The Indian Tomb,1959,"Adventure,Drama,Romance"
7.9,2189,Jazz on a Summer's Day,1959,"Documentary,Music"
7.0,21510,Journey to the Center of the Earth,1959,"Adventure,Family,Fantasy"
6.8,2013,The Journey,1959,"Drama,Romance,War"
7.8,3168,Paper Flowers,1959,Romance
7.6,2960,Kapo,1960,"Drama,War"
7.3,9876,Last Train from Gun Hill,1959,"Drama,Western"
7.2,5928,The League of Gentlemen,1960,"Comedy,Crime,Drama"
6.7,1623,Li'l Abner,1959,"Comedy,Family,Musical"
6.8,1674,Dangerous Liaisons,1959,"Drama,Romance"
7.1,1820,Libel,1959,"Drama,Mystery"
6.6,1695,Lonelyhearts,1958,Drama
7.0,1853,Maigret and the St. Fiacre Case,1959,"Crime,Drama,Thriller"
7.4,1893,The Facts of Murder,1959,"Crime,Drama,Mystery"
7.5,1617,Marie-Octobre,1959,"Drama,Mystery"
6.9,1995,The Mating Game,1959,"Comedy,Romance"
7.2,1990,Middle of the Night,1959,Drama
6.9,10243,The Mouse That Roared,1959,"Adventure,Comedy"
6.6,12907,The Mummy,1959,"Adventure,Horror"
7.8,4935,Letter Never Sent,1960,"Adventure,Drama"
8.5,11559,The Human Condition I: No Greater Love,1959,"Drama,History,War"
8.5,9247,The Human Condition II: Road to Eternity,1959,"Drama,History,War"
7.9,5947,Fires on the Plain,1959,"Drama,War"
8.3,370677,North by Northwest,1959,"Adventure,Drama,Mystery"
7.1,3473,North West Frontier,1959,"Adventure,Drama"
7.5,12805,The Nun's Story,1959,Drama
7.4,6426,Odds Against Tomorrow,1959,"Crime,Drama,Thriller"
7.8,12601,Good Morning,1959,"Comedy,Drama,Family"
7.1,16312,On the Beach,1959,"Drama,Romance,Sci-Fi"
7.2,17785,Operation Petticoat,1959,"Comedy,Romance,War"
7.4,13582,Black Orpheus,1959,"Drama,Musical,Romance"
7.5,27753,Pickpocket,1959,"Crime,Drama"
7.4,21160,Pillow Talk,1959,"Comedy,Romance"
7.7,4092,Night Train,1959,"Drama,Mystery,Thriller"
6.9,2124,Porgy and Bess,1959,"Drama,Musical,Romance"
7.0,5886,Pork Chop Hill,1959,"Drama,War"
8.0,135236,The 400 Blows,1959,"Crime,Drama"
7.1,7659,Ride Lonesome,1959,Western
7.9,74187,Rio Bravo,1959,Western
7.5,8308,Room at the Top,1958,"Drama,Romance"
7.2,3031,Sapphire,1959,"Crime,Drama,Mystery"
6.8,2136,The Savage Innocents,1960,"Adventure,Crime,Drama"
6.8,2800,The Scapegoat,1959,"Crime,Mystery,Thriller"
7.2,13672,Shadows,1958,"Drama,Music,Romance"
7.0,1804,Shake Hands with the Devil,1959,"Action,Drama,History"
7.2,2586,Sign of the Lion,1962,Drama
7.2,172204,Sleeping Beauty,1959,"Adventure,Animation,Family"
8.2,306486,Some Like It Hot,1959,"Comedy,Music,Romance"
7.9,4277,The Destiny of a Man,1959,"Drama,War"
7.4,19226,"Suddenly, Last Summer",1959,"Drama,Mystery,Thriller"
6.9,4334,A Summer Place,1959,"Drama,Romance"
6.6,2724,The 39 Steps,1959,"Comedy,Crime,Drama"
7.5,3662,Tiger Bay,1959,"Crime,Drama,Thriller"
6.6,10683,The Tingler,1959,"Horror,Sci-Fi"
7.9,9852,Floating Weeds,1959,Drama
7.1,1903,The Cow and I,1959,"Adventure,Comedy,War"
7.1,7805,Warlock,1959,"Drama,Western"
6.8,4026,"The World, the Flesh and the Devil",1959,"Drama,Romance,Sci-Fi"
6.7,3217,The Wreck of the Mary Deare,1959,"Adventure,Crime,Drama"
7.1,1528,Yesterday's Enemy,1959,"Drama,War"
7.6,39518,Eyes Without a Face,1960,"Drama,Horror"
7.4,4665,The Young Philadelphians,1959,Drama
7.6,96219,Breathless,1960,"Crime,Drama"
6.6,1559,Web of Passion,1959,"Crime,Drama"
7.6,1572,Adua and Her Friends,1960,"Comedy,Drama"
7.9,6774,Late Autumn,1960,"Comedy,Drama"
6.8,19780,The Alamo,1960,"Adventure,Drama,History"
7.2,1737,The Angry Silence,1960,Drama
8.3,222238,The Apartment,1960,"Comedy,Drama,Romance"
7.7,37306,L'Avventura,1960,"Drama,Mystery,Romance"
7.3,2212,Bell' Antonio,1960,"Comedy,Drama"
6.9,4156,Bells Are Ringing,1960,"Comedy,Musical,Romance"
7.2,3474,The Good Girls,1960,"Drama,Mystery,Romance"
6.6,10183,The Brides of Dracula,1960,Horror
6.7,9823,Horror Hotel,1960,"Horror,Mystery,Thriller"
7.3,1858,El cochecito,1960,"Comedy,Drama"
7.0,5048,Comanche Station,1960,"Drama,Western"
6.8,1971,The Concrete Jungle,1960,"Crime,Drama,Thriller"
7.8,3485,The Goddess,1960,Drama
7.1,5126,The Devil's Eye,1960,"Comedy,Drama,Fantasy"
8.0,86358,La Dolce Vita,1960,"Comedy,Drama"
7.7,14630,Elmer Gantry,1960,Drama
7.1,4184,The Entertainer,1960,Drama
6.7,12957,Exodus,1960,"Action,Drama,War"
6.7,3482,From the Terrace,1960,"Drama,Romance"
7.1,2294,The Gallant Hours,1960,"Biography,Drama,War"
7.7,4202,General Della Rovere,1959,"Drama,War"
6.9,1866,The Great Impostor,1960,"Comedy,Drama"
7.0,1777,Hell Is a City,1960,"Crime,Thriller"
6.9,1738,Hell to Eternity,1960,"Biography,Drama,War"
7.4,4351,Home from the Hill,1960,"Drama,Romance,Western"
6.9,17554,House of Usher,1960,"Drama,Horror"
7.7,7524,Ice Cold in Alex,1958,"Adventure,Drama,War"
8.1,35814,Inherit the Wind,1960,"Biography,Drama,History"
7.4,3335,The Young One,1960,Drama
8.0,34037,The Virgin Spring,1960,Drama
7.4,7942,The Steamroller and the Violin,1961,Drama
7.7,2323,Inspector Palmu's Error,1960,"Comedy,Crime,Mystery"
6.9,2443,Knights of the Teutonic Order,1960,"Adventure,Drama,History"
6.7,2802,The Last Voyage,1960,"Action,Adventure,Drama"
8.3,5330,Macario,1960,"Drama,Fantasy,Mystery"
7.7,111385,The Magnificent Seven,1960,"Action,Adventure,Drama"
7.1,20268,Black Sunday,1960,Horror
7.8,3712,The Cloud-Capped Star,1960,Drama
6.8,6674,Midnight Lace,1960,"Crime,Drama,Mystery"
8.1,9695,Mughal-E-Azam,1960,"Drama,Romance,War"
6.6,1891,"Murder, Inc.",1960,"Biography,Crime,Drama"
7.1,1868,Never Let Go,1960,"Crime,Drama,Thriller"
7.4,2395,Never Take Candy from a Stranger,1960,"Drama,Horror,Mystery"
7.3,1883,Innocent Sorcerers,1960,"Drama,Music,Romance"
6.9,9291,North to Alaska,1960,"Comedy,Romance,Western"
7.9,26799,La Notte,1961,Drama
8.0,5422,When a Woman Ascends the Stairs,1960,Drama
7.1,6889,Our Man in Havana,1959,"Comedy,Crime,Drama"
6.7,3016,Paris Belongs to Us,1961,"Drama,Mystery,Thriller"
7.4,2490,Passenger,1963,"Drama,War"
7.6,44165,Peeping Tom,1960,"Drama,Horror,Thriller"
7.1,8831,The Little Soldier,1963,"Drama,War"
7.7,24319,Purple Noon,1960,"Crime,Drama,Thriller"
7.4,12666,Pollyanna,1960,"Comedy,Drama,Family"
7.3,6662,Never on Sunday,1960,"Comedy,Drama,Romance"
7.1,1683,Primary,1960,"Documentary,History,News"
6.7,1516,Private Property,1960,"Crime,Drama"
8.5,791512,Psycho,1960,"Drama,Horror,Mystery"
7.4,2988,Girl with a Suitcase,1961,"Drama,Romance"
6.6,1729,The Rat Race,1960,"Comedy,Drama,Romance"
6.7,1592,The Rise and Fall of Legs Diamond,1960,"Biography,Crime,History"
8.2,25971,Rocco and His Brothers,1960,"Crime,Drama,Sport"
7.5,10103,Saturday Night and Sunday Morning,1960,"Drama,Romance"
7.3,4341,School for Scoundrels,1960,Comedy
6.9,2891,Cruel Story of Youth,1960,"Crime,Drama"
7.4,6206,Sergeant Rutledge,1960,"Crime,Drama,Western"
7.2,9259,Sink the Bismarck!,1960,"Action,Drama,History"
7.1,2006,Sons and Lovers,1960,Drama
7.9,151946,Spartacus,1960,"Adventure,Biography,Drama"
6.7,1700,The Story of Ruth,1960,"Drama,History,Romance"
7.1,2937,Strangers When We Meet,1960,"Drama,Romance"
7.1,5330,The Sundowners,1960,"Drama,Western"
6.8,1638,Sunrise at Campobello,1960,"Biography,Drama"
7.1,20154,Swiss Family Robinson,1960,"Adventure,Family"
6.9,4315,"The 1,000 Eyes of Dr. Mabuse",1960,"Crime,Mystery,Thriller"
7.1,4167,Testament of Orpheus,1960,"Biography,Fantasy"
7.5,47607,The Time Machine,1960,"Adventure,Romance,Sci-Fi"
7.4,21997,Shoot the Piano Player,1960,"Crime,Drama,Thriller"
8.5,24002,Le Trou,1960,"Crime,Drama,Thriller"
7.5,5180,Tunes of Glory,1960,Drama
7.7,1702,Everybody Go Home!,1960,"Comedy,Drama,War"
6.8,3084,Two Way Stretch,1960,"Comedy,Crime"
7.2,2312,Taxi for Tobruk,1961,"Drama,War"
7.2,1733,Il vigile,1960,Comedy
7.3,21498,Village of the Damned,1960,"Horror,Sci-Fi"
7.6,5578,The Truth,1960,"Crime,Drama,Romance"
7.9,15672,The Bad Sleep Well,1960,"Crime,Drama,Thriller"
6.7,3477,Where the Boys Are,1960,"Comedy,Drama,Romance"
7.5,6710,Wild River,1960,"Drama,History,Romance"
6.9,3087,The World of Suzie Wong,1960,"Drama,Romance"
6.9,7320,Zazie in the Metro,1960,"Comedy,Fantasy"
6.7,10184,The Absent Minded Professor,1961,"Comedy,Family,Sci-Fi"
7.6,11330,Accattone,1961,Drama
7.1,1916,All Night Long,1962,"Drama,Music"
7.6,27227,Last Year at Marienbad,1961,"Drama,Mystery,Romance"
7.0,1786,The Assassin,1961,"Crime,Drama,Thriller"
7.7,3646,The Fabulous Baron Munchausen,1962,"Adventure,Animation,Comedy"
7.4,6469,Blast of Silence,1961,"Crime,Drama,Thriller"
7.5,205813,Breakfast at Tiffany's,1961,"Comedy,Drama,Romance"
7.4,2910,Pigs and Battleships,1961,"Comedy,Crime,Drama"
7.5,3889,Cash on Demand,1961,"Crime,Drama,Mystery"
7.0,1593,The Counterfeiters of Paris,1961,"Comedy,Crime"
7.8,21187,The Children's Hour,1961,"Drama,Romance"
7.4,4059,Chronicle of a Summer,1961,"Documentary,History"
7.7,13900,Two Women,1960,"Drama,War"
6.8,10972,The Comancheros,1961,"Drama,Western"
6.9,4554,Come September,1961,"Comedy,Romance"
7.2,7063,The Day the Earth Caught Fire,1961,"Drama,Romance,Sci-Fi"
6.9,2111,Don Camillo monsignore... ma non troppo,1961,Comedy
7.7,13276,Le Doulos,1962,"Crime,Thriller"
7.2,17340,El Cid,1961,"Biography,Drama,History"
6.6,1594,The Exiles,1961,Drama
6.8,2991,Fanny,1961,"Drama,Romance"
6.9,4111,Flower Drum Song,1961,"Comedy,Musical,Romance"
7.0,3483,Goodbye Again,1961,"Drama,Romance"
7.2,2110,Greyfriars Bobby: The True Story of a Dog,1961,"Drama,Family"
7.4,3078,War of the Buttons,1962,"Comedy,Family"
7.5,60470,The Guns of Navarone,1961,"Action,Adventure,Drama"
6.8,4350,Homicidal,1961,"Horror,Mystery,Thriller"
7.9,90341,The Hustler,1961,"Drama,Sport"
7.7,36440,The Innocents,1961,"Drama,Horror,Mystery"
7.5,4665,The Intruder,1962,Drama
8.3,97922,Judgment at Nuremberg,1961,"Drama,History,War"
7.6,47163,Jules and Jim,1962,"Drama,Romance"
7.7,1822,"Gas, Inspector Palmu!",1961,"Comedy,Crime,Mystery"
7.0,10111,King of Kings,1961,"Biography,Drama"
7.7,4980,The End of Summer,1961,Drama
6.7,4173,The Last Sunset,1961,"Drama,Romance,Western"
7.5,6311,"Léon Morin, Priest",1961,"Drama,Romance,War"
7.4,8561,Lola,1961,"Drama,Romance"
7.1,9785,Lover Come Back,1961,"Comedy,Drama,Romance"
7.5,4892,Mother Joan of the Angels,1961,"Drama,Horror,Mystery"
7.2,24758,The Misfits,1961,"Drama,Romance,Western"
6.6,4117,Mr. Sardonicus,1961,"Drama,Horror,Mystery"
7.3,9693,Murder She Said,1961,"Comedy,Crime,Drama"
6.7,9824,Mysterious Island,1961,"Adventure,Family,Fantasy"
6.6,1783,The Naked Edge,1961,"Crime,Mystery,Thriller"
8.8,9012,The Human Condition III: A Soldier's Prayer,1961,"Drama,History,War"
7.3,198165,One Hundred and One Dalmatians,1961,"Adventure,Animation,Comedy"
7.8,24910,"One, Two, Three",1961,Comedy
7.1,15317,One-Eyed Jacks,1961,"Drama,Western"
7.2,26573,The Parent Trap,1961,"Comedy,Family,Romance"
6.7,4623,Paris Blues,1961,"Drama,Music,Romance"
7.0,18786,The Pit and the Pendulum,1961,"Drama,Horror,Mystery"
7.8,4227,Placido,1961,"Comedy,Drama"
7.1,8873,Pocketful of Miracles,1961,"Comedy,Drama"
6.6,1508,Posse from Hell,1961,"Drama,Western"
7.9,7822,The Sound of Trumpets,1961,Drama
8.0,10601,A Raisin in the Sun,1961,Drama
7.3,5998,Salvatore Giuliano,1962,"Crime,Drama,History"
6.7,1981,Something Wild,1961,Drama
7.7,23053,Splendor in the Grass,1961,"Drama,Romance"
6.8,2263,Summer and Smoke,1961,"Drama,Romance"
7.9,29629,Through a Glass Darkly,1961,Drama
7.4,6657,Scream of Fear,1961,"Horror,Thriller"
7.4,7026,A Taste of Honey,1961,Drama
7.9,1849,Three Daughters,1961,"Comedy,Drama,Fantasy"
6.8,1738,Too Late Blues,1961,"Drama,Music"
7.2,2147,Town Without Pity,1961,"Crime,Drama"
6.7,7753,Two Rode Together,1961,"Drama,Western"
7.3,4400,Underworld U.S.A.,1961,"Crime,Drama,Thriller"
7.3,20609,A Woman Is a Woman,1961,"Comedy,Drama,Romance"
7.7,8221,Victim,1961,Drama
8.0,28441,Viridiana,1961,Drama
8.0,2573,A Difficult Life,1961,"Comedy,Drama,War"
7.6,128426,West Side Story,1961,"Crime,Drama,Musical"
7.6,4170,Whistle Down the Wind,1961,"Crime,Drama"
8.2,144199,Yojimbo,1961,"Action,Drama,Thriller"
6.9,3337,The Young Savages,1961,"Action,Crime,Drama"
8.0,1552,Chasing Two Hares,1961,"Comedy,Musical"
7.7,8128,Advise & Consent,1962,"Drama,Thriller"
6.8,2550,All Fall Down,1962,Drama
7.1,2583,Love at Twenty,1962,"Drama,Romance"
7.4,1528,Robbery at 3 O'clock,1962,Comedy
6.9,7818,Barabbas,1961,Drama
7.8,5538,Billy Budd,1962,"Adventure,Drama,War"
7.8,21440,Birdman of Alcatraz,1962,"Biography,Crime,Drama"
7.0,5687,Boccaccio '70,1962,"Comedy,Fantasy,Romance"
7.7,35767,Cape Fear,1962,"Drama,Thriller"
7.0,31490,Carnival of Souls,1962,"Horror,Mystery"
6.9,3168,Amphibian Man,1961,"Adventure,Drama,Romance"
7.5,2400,Chushingura,1962,"Action,Drama,History"
7.8,32067,Cleo from 5 to 7,1962,"Comedy,Drama,Music"
6.8,2858,The Grim Reaper,1962,"Crime,Drama,Mystery"
7.4,3494,The Counterfeit Traitor,1962,"Drama,History,Thriller"
7.1,3472,Damn the Defiant!,1962,"Action,Drama,History"
7.2,3669,David and Lisa,1962,Drama
7.8,15157,Days of Wine and Roses,1962,Drama
7.7,5134,Sundays and Cybèle,1962,Drama
7.9,15851,Divorce Italian Style,1961,"Comedy,Drama,Romance"
7.2,197281,Dr. No,1962,"Action,Adventure,Thriller"
7.5,2191,Electra,1962,"Drama,Fantasy"
7.3,7597,Experiment in Terror,1962,"Crime,Mystery,Thriller"
7.5,2643,The Fiances,1963,Drama
6.6,3294,Follow That Dream,1962,"Comedy,Musical,Romance"
7.2,3742,Freud,1962,"Biography,Drama"
7.4,1923,Gusarskaya ballada,1962,"Comedy,Musical,War"
7.1,7585,Gypsy,1962,"Biography,Comedy,Drama"
8.0,6858,The Naked Island,1960,Drama
8.6,93248,Harakiri,1962,"Drama,Mystery"
7.1,15887,Hatari!,1962,"Action,Adventure,Comedy"
6.9,8170,Hell Is for Heroes,1962,"Drama,War"
7.1,25743,How the West Was Won,1962,"Action,Adventure,War"
6.6,3780,In Search of the Castaways,1962,"Adventure,Family,Fantasy"
8.0,43843,Ivan's Childhood,1962,"Drama,War"
7.2,2087,Jigsaw,1962,"Crime,Drama,Mystery"
7.3,2964,A Kind of Loving,1962,"Drama,Romance"
7.9,1631,Two Half-Times in Hell,1961,"Drama,Sport,War"
6.8,2486,Ro.Go.Pa.G.,1963,"Comedy,Drama"
8.3,344614,Lawrence of Arabia,1962,"Adventure,Biography,Drama"
6.9,2098,Light in the Piazza,1962,"Drama,Romance"
7.5,116799,Lolita,1962,"Crime,Drama,Romance"
7.5,10063,The Loneliness of the Long Distance Runner,1962,"Drama,Sport"
7.5,11097,Lonely Are the Brave,1962,"Drama,Western"
7.5,6529,Long Day's Journey Into Night,1962,Drama
7.7,63433,The Longest Day,1962,"Action,Drama,History"
7.6,3364,Mafioso,1962,"Comedy,Crime,Drama"
7.7,11518,Mamma Roma,1962,Drama
8.1,89434,The Man Who Shot Liberty Valance,1962,"Drama,Western"
7.9,85110,The Manchurian Candidate,1962,"Drama,Thriller"
6.6,3166,Merrill's Marauders,1962,"Adventure,Drama,War"
8.1,21262,The Miracle Worker,1962,"Biography,Drama"
6.8,6438,Mr. Hobbs Takes a Vacation,1962,"Comedy,Family"
7.7,20966,The Music Man,1962,"Comedy,Family,Musical"
7.2,19596,Mutiny on the Bounty,1962,"Adventure,Drama,History"
6.6,4117,Night Creatures,1962,"Action,Adventure,Drama"
6.9,4951,Night of the Eagle,1962,"Drama,Horror"
6.7,3358,The Notorious Landlady,1962,"Comedy,Crime,Mystery"
7.4,25310,Knife in the Water,1962,"Drama,Thriller"
8.3,4704,The Given Word,1962,Drama
7.7,5315,Pale Flower,1964,"Crime,Drama,Romance"
6.6,5714,Panic in Year Zero!,1962,"Action,Sci-Fi,Thriller"
6.8,1770,The Password Is Courage,1962,"Comedy,Drama,War"
6.8,2170,Phaedra,1962,Drama
7.3,3016,Striped Trip,1961,"Adventure,Comedy,Family"
7.1,2412,Pressure Point,1962,Drama
6.8,3447,Before the Revolution,1964,"Drama,Romance"
7.8,5300,Requiem for a Heavyweight,1962,"Drama,Sport"
7.4,16390,Ride the High Country,1962,"Drama,Western"
8.1,2030,Sahib Bibi Aur Ghulam,1962,"Drama,Musical"
8.0,43579,Sanjuro,1962,"Action,Drama,Thriller"
8.0,12125,An Autumn Afternoon,1962,Drama
6.8,4078,Treasure of Silver Lake,1962,"Adventure,Drama,Western"
8.2,14640,The Easy Life,1962,"Adventure,Comedy,Drama"
7.1,9346,Sweet Bird of Youth,1962,"Drama,Romance"
6.8,9468,Tales of Terror,1962,"Comedy,Horror,Mystery"
6.6,11818,That Touch of Mink,1962,"Comedy,Romance"
6.6,4607,The Damned,1962,"Drama,Horror,Romance"
8.2,352418,To Kill a Mockingbird,1962,"Crime,Drama"
6.6,2440,Two for the Seesaw,1962,"Drama,Romance"
6.6,2733,The Ugly American,1963,"Adventure,Drama,Thriller"
7.4,3840,A Monkey in Winter,1962,"Comedy,Drama"
7.8,37938,My Life to Live,1962,Drama
6.7,3459,Walk on the Wild Side,1962,"Drama,Romance"
6.6,2533,The War Lover,1962,"Adventure,Drama,War"
8.0,68166,What Ever Happened to Baby Jane?,1962,"Drama,Horror,Thriller"
6.7,2691,The Wrong Arm of the Law,1963,"Comedy,Crime"
7.6,6561,The Tale of Zatoichi,1962,"Action,Adventure,Drama"
7.9,38407,The Exterminating Angel,1962,"Drama,Fantasy"
7.7,24646,L'Eclisse,1962,"Drama,Romance"
6.7,8254,55 Days at Peking,1963,"Action,Adventure,Drama"
8.0,133430,8½,1963,Drama
7.7,6472,America America,1963,"Adventure,Drama"
7.2,2442,When the Cat Comes,1963,"Comedy,Family,Fantasy"
7.2,4938,Bay of Angels,1963,"Drama,Romance"
7.2,7753,Billy Liar,1963,"Comedy,Drama,Romance"
7.6,221529,The Birds,1963,"Drama,Horror,Mystery"
7.1,1550,The Boom,1963,Comedy
6.6,10505,Bye Bye Birdie,1963,"Comedy,Musical"
6.9,3308,"Captain Newman, M.D.",1963,"Comedy,Drama,War"
6.7,3978,The Carabineers,1963,"Comedy,Drama,War"
6.8,3276,The Cardinal,1963,"Drama,History,War"
6.8,4649,Suzanne's Career,1963,"Drama,Romance"
7.0,3118,Greed in the Sun,1964,"Action,Adventure,Comedy"
7.0,3405,Black Peter,1964,"Comedy,Drama"
7.8,94306,Charade,1963,"Comedy,Mystery,Romance"
7.2,3946,A Child Is Waiting,1963,Drama
7.0,41620,Cleopatra,1963,"Biography,Drama,History"
8.0,3828,The Organizer,1963,"Drama,History"
6.8,3798,The Courtship of Eddie's Father,1963,"Comedy,Drama,Family"
6.7,10850,Donovan's Reef,1963,"Adventure,Comedy,Romance"
8.3,553184,Dr. Strangelove or: How I Learned to Stop Worrying and Love the Bomb,1964,"Comedy,War"
6.7,2966,Let's Rob the Bank,1964,"Comedy,Crime"
7.8,11736,The Fire Within,1963,Drama
7.3,160220,From Russia with Love,1963,"Action,Adventure,Thriller"
6.6,5362,The Whip and the Body,1963,"Horror,Romance"
7.9,34864,The Leopard,1963,"Drama,History"
6.7,2431,Gay Purr-ee,1962,"Animation,Comedy,Family"
8.2,279242,The Great Escape,1963,"Adventure,Drama,Thriller"
6.7,9894,The Haunted Palace,1963,Horror
7.4,44831,The Haunting,1963,Horror
6.7,1922,Heavens Above!,1963,Comedy
7.8,26219,Hud,1963,"Drama,Western"
6.9,1856,I Could Go on Singing,1963,"Drama,Music"
7.2,11531,"Yesterday, Today and Tomorrow",1963,"Comedy,Romance"
7.2,1637,L'Immortelle,1963,"Drama,Mystery"
7.0,5751,The Incredible Journey,1963,"Adventure,Drama,Family"
7.3,24407,Irma la Douce,1963,"Comedy,Romance"
7.4,51542,"It's a Mad, Mad, Mad, Mad World",1963,"Action,Adventure,Comedy"
7.3,35389,Jason and the Argonauts,1963,"Action,Adventure,Family"
7.0,3198,Judex,1963,"Crime,Drama,Romance"
8.1,2251,The Red Lanterns,1963,"Drama,Romance"
7.2,2008,Koroleva benzokolonki,1963,"Adventure,Comedy,Romance"
7.3,2019,Raven's End,1963,Drama
7.3,2498,The L-Shaped Room,1962,"Drama,Romance"
7.5,15540,Lilies of the Field,1963,"Comedy,Drama"
6.8,6173,The List of Adrian Messenger,1963,"Mystery,Thriller"
6.8,22220,Lord of the Flies,1963,"Adventure,Drama,Thriller"
7.2,6182,Love with the Proper Stranger,1963,"Comedy,Drama,Romance"
8.3,5698,The Big City,1963,Drama
7.6,3717,Hands Over the City,1963,Drama
7.1,18471,McLintock!,1963,"Comedy,Western"
7.4,3072,The Monsters,1963,Comedy
6.9,7090,"Move Over, Darling",1963,"Comedy,Romance"
7.2,7622,Murder at the Gallop,1963,"Comedy,Crime,Drama"
7.0,4218,Muriel,1963,Drama
7.3,5260,Any Number Can Win,1963,"Crime,Drama,Romance"
7.4,39576,Contempt,1963,"Drama,Romance"
7.5,3097,Saladin,1963,"Action,Adventure,Biography"
8.0,29770,Winter Light,1963,Drama
7.3,2734,The Insect Woman,1963,Drama
6.6,19540,The Nutty Professor,1963,"Comedy,Romance,Sci-Fi"
6.7,3296,PT 109,1963,"Biography,Drama,War"
6.7,3698,Paranoiac,1963,"Drama,Horror,Mystery"
7.0,62229,The Pink Panther,1963,"Comedy,Crime,Romance"
6.8,5902,The Prize,1963,"Crime,Drama,Mystery"
7.6,27131,The Trial,1962,"Drama,Mystery,Thriller"
6.9,6419,The Evil Eye,1963,"Horror,Mystery,Romance"
6.6,3379,The Sadist,1963,"Horror,Thriller"
7.7,16007,The Servant,1963,Drama
7.3,14112,Shock Corridor,1963,"Drama,Mystery,Thriller"
7.3,2642,New Tale of Zatoichi,1963,"Action,Adventure,Drama"
6.7,2186,Soldier in the Rain,1963,"Comedy,Drama,Romance"
7.0,3574,Spencer's Mountain,1963,"Drama,Family"
6.9,2998,Summer Magic,1963,"Comedy,Family,Musical"
6.7,3745,Sunday in New York,1963,"Comedy,Romance"
7.1,115341,The Sword in the Stone,1963,"Adventure,Animation,Comedy"
8.4,73002,High and Low,1963,"Crime,Drama,Mystery"
7.5,7710,This Sporting Life,1963,"Drama,Sport"
7.2,2886,The Three Lives of Thomasina,1963,"Drama,Family"
6.9,6460,The Thrill of It All,1963,"Comedy,Romance"
7.7,7215,Crooks in Clover,1963,"Action,Comedy,Crime"
6.7,1715,Toys in the Attic,1963,Drama
7.0,16142,Black Sabbath,1963,Horror
6.6,4024,Twice-Told Tales,1963,"Horror,Mystery,Romance"
7.7,22810,The Silence,1963,Drama
7.4,2500,The Night Before Christmas,1961,"Comedy,Fantasy,Romance"
7.9,8252,The Executioner,1963,"Comedy,Drama"
6.9,1985,The Victors,1963,"Drama,War"
7.5,3445,Barren Lives,1963,Drama
6.7,3035,Who's Minding the Store?,1963,Comedy
6.8,5188,Apache Gold,1963,"Adventure,Drama,Western"
6.6,9202,X: The Man with the X-Ray Eyes,1963,"Horror,Sci-Fi,Thriller"
7.7,3805,Walking the Streets of Moscow,1964,"Comedy,Romance"
7.3,4297,Youth of the Beast,1963,"Action,Crime,Mystery"
7.3,3201,An Actor's Revenge,1963,"Action,Comedy,Drama"
7.1,2176,Zatoichi on the Road,1963,"Action,Adventure,Drama"
7.2,2246,Zatoichi the Fugitive,1963,"Action,Adventure,Drama"
7.4,5428,36 Hours,1964,"Thriller,War"
7.1,5943,7 Faces of Dr. Lao,1964,"Comedy,Fantasy,Mystery"
7.6,2014,Intentions of Murder,1964,Drama
7.6,25779,Zorba the Greek,1964,"Comedy,Drama"
7.3,6262,The Americanization of Emily,1964,"Comedy,Drama,Romance"
7.6,3403,This Special Friendship,1964,"Drama,Romance"
6.7,3311,Angélique,1964,"Adventure,Drama,History"
7.6,29169,Band of Outsiders,1964,"Comedy,Crime,Drama"
6.8,2167,The Great Spy Chase,1964,"Action,Comedy,Thriller"
7.7,17191,Becket,1964,"Biography,Drama,History"
6.7,2711,Bedtime Story,1964,Comedy
6.7,2483,Behold a Pale Horse,1964,"Drama,War"
7.6,4286,The Best Man,1964,Drama
6.7,5602,Carry on Cleo,1964,"Adventure,Comedy,Romance"
7.2,2914,The Chalk Garden,1964,"Drama,Mystery"
8.1,8047,Charulata,1964,"Drama,Romance"
6.7,7058,Cheyenne Autumn,1964,"Drama,History,Western"
7.5,3046,Love Meetings,1964,Documentary
7.3,9079,The Sucker,1965,"Adventure,Comedy,Crime"
6.8,3517,Castle of Blood,1964,Horror
7.3,7435,Dead Ringer,1963,"Crime,Drama,Thriller"
7.2,2131,Dear Heart,1964,"Comedy,Family,Romance"
7.3,3238,Diamonds of the Night,1964,"Drama,War"
7.4,19434,Red Desert,1964,Drama
7.1,6404,"Black God, White Devil",1964,"Adventure,Crime,Drama"
7.8,4019,"Welcome, or No Trespassing",1964,"Comedy,Family"
8.0,28239,Fail Safe,1964,"Drama,Thriller"
6.7,11387,The Fall of the Roman Empire,1964,"Drama,History,War"
6.9,13812,Fantomas,1964,"Adventure,Comedy,Crime"
6.8,2130,Fate Is the Hunter,1964,"Drama,Mystery,Thriller"
7.3,13699,Father Goose,1964,"Adventure,Comedy,Romance"
7.0,3613,Joy House,1964,"Crime,Drama,Romance"
8.2,3259,Hamlet,1964,Drama
7.1,15458,The Gendarme of Saint-Tropez,1964,"Comedy,Crime"
7.3,7405,Gertrud,1964,"Drama,Romance"
6.9,1656,Girl with Green Eyes,1964,"Drama,Romance"
7.7,219268,Goldfinger,1964,"Action,Adventure,Thriller"
6.7,3592,Good Neighbor Sam,1964,Comedy
7.1,2135,Guns at Batasi,1964,"Drama,History,War"
7.5,50226,A Hard Day's Night,1964,"Comedy,Musical"
6.6,1818,The Mysterious Magician,1964,"Crime,Mystery"
7.0,7117,That Man from Rio,1964,"Action,Adventure,Comedy"
7.5,17605,"Hush...Hush, Sweet Charlotte",1964,"Crime,Drama,Mystery"
7.3,10612,Diary of a Chambermaid,1964,"Crime,Drama"
7.0,10558,The Killers,1964,"Crime,Drama,Mystery"
7.5,3041,King & Country,1964,"Drama,War"
6.9,9518,"Kiss Me, Stupid",1964,"Comedy,Romance"
7.4,3350,Lemonade Joe,1964,"Adventure,Comedy,Musical"
7.9,23146,Kwaidan,1964,"Drama,Fantasy,Horror"
6.7,4131,Lady in a Cage,1964,"Drama,Horror,Thriller"
6.8,3605,Lilith,1964,Drama
7.0,6912,Man's Favorite Sport?,1964,"Comedy,Romance"
7.1,57951,Marnie,1964,"Crime,Drama,Mystery"
7.8,199869,Mary Poppins,1964,"Comedy,Family,Fantasy"
6.9,18535,The Masque of the Red Death,1964,"Drama,Horror"
7.4,12773,Marriage Italian Style,1964,"Comedy,Drama,Romance"
8.0,2476,Yearning,1964,"Drama,Romance"
7.7,1802,I Am Twenty,1965,Drama
7.0,6526,Murder Ahoy,1964,"Comedy,Crime,Drama"
7.1,7045,Murder Most Foul,1964,"Comedy,Crime,Drama"
7.7,108342,My Fair Lady,1964,"Drama,Musical,Romance"
7.2,9742,The Naked Kiss,1964,"Crime,Drama"
7.5,14180,The Night of the Iguana,1964,Drama
6.7,3079,Nightmare,1964,"Mystery,Thriller"
7.2,3734,Gate of Flesh,1964,Drama
7.9,2508,Nothing But a Man,1964,"Drama,Romance"
7.8,26044,Onibaba,1964,"Drama,Horror,Thriller"
7.8,35442,The Umbrellas of Cherbourg,1964,"Drama,Musical,Romance"
7.5,9182,The Soft Skin,1964,"Drama,Romance"
7.9,255731,A Fistful of Dollars,1964,"Drama,Western"
7.1,3309,The Pumpkin Eater,1964,Drama
6.6,2659,Rio Conchos,1964,"Drama,Western"
7.3,2133,Sangam,1964,"Drama,Musical,Romance"
7.5,8296,Seance on a Wet Afternoon,1964,"Crime,Drama"
7.9,4377,Seduced and Abandoned,1964,"Comedy,Drama"
7.1,15420,Blood and Black Lace,1964,"Crime,Drama,Horror"
7.0,8185,Send Me No Flowers,1964,"Comedy,Drama,Romance"
7.8,17817,Seven Days in May,1964,"Drama,Thriller"
7.3,34295,A Shot in the Dark,1964,"Comedy,Crime,Mystery"
8.2,12547,I Am Cuba,1964,Drama
6.7,8963,"Spider Baby or, The Maddest Story Ever Told",1967,"Comedy,Horror"
6.8,7866,Strait-Jacket,1964,"Drama,Horror,Thriller"
8.4,25968,Woman in the Dunes,1964,"Drama,Thriller"
7.8,9724,Shadows of Forgotten Ancestors,1965,"Drama,Romance"
7.6,4485,Three Outlaw Samurai,1964,"Action,Drama"
6.9,11705,Topkapi,1964,"Adventure,Comedy,Crime"
6.6,3308,The Black Tulip,1964,"Action,Adventure,Comedy"
6.7,23989,The Last Man on Earth,1964,"Drama,Horror,Sci-Fi"
7.1,4798,A Married Woman,1964,"Drama,Romance"
6.6,4679,The Unsinkable Molly Brown,1964,"Comedy,Musical,Romance"
7.6,15274,The Gospel According to St. Matthew,1964,"Biography,Drama,History"
7.4,2178,The Visit,1964,Drama
6.9,2312,Weekend at Dunkirk,1964,"Drama,War"
6.9,6891,What a Way to Go!,1964,"Comedy,Romance"
6.8,3642,Woman of Straw,1964,"Crime,Drama,Thriller"
6.6,4278,The World of Henry Orient,1964,"Comedy,Drama"
7.7,46645,Zulu,1964,"Drama,History,War"
7.3,1890,The 317th Platoon,1965,War
7.2,8878,The Agony and the Ecstasy,1965,"Biography,Drama,History"
8.3,23663,Red Beard,1965,Drama
6.9,30296,Alphaville,1965,"Comedy,Drama,Mystery"
6.6,2009,Angelique and the King,1966,"Adventure,History,Romance"
6.7,2990,Att angöra en brygga,1965,"Comedy,Drama,Romance"
8.1,76621,The Battle of Algiers,1966,"Drama,War"
6.8,19257,Battle of the Bulge,1965,"Drama,History,War"
7.3,6739,The Bedford Incident,1965,"Drama,Thriller"
7.6,12043,Happiness,1965,"Drama,Romance"
7.3,11323,Bunny Lake Is Missing,1965,"Drama,Mystery,Thriller"
7.6,11282,Chimes at Midnight,1965,"Comedy,Drama,History"
6.7,17584,Cat Ballou,1965,"Comedy,Western"
7.2,19831,The Cincinnati Kid,1965,Drama
7.5,13300,The Collector,1965,"Drama,Thriller"
6.9,2188,Don Camillo in Moscow,1965,Comedy
7.2,2620,The Sleeping Car Murder,1965,"Crime,Drama,Mystery"
7.1,1557,Man Is Not a Bird,1965,"Comedy,Drama,Romance"
6.9,5709,Come Drink with Me,1966,"Action,Crime"
7.0,8791,Darling,1965,"Drama,Romance"
6.6,5800,The 10th Victim,1965,"Action,Comedy,Romance"
7.9,87811,Doctor Zhivago,1965,"Drama,Romance,War"
7.0,1863,The Possessed,1965,"Crime,Drama,Horror"
6.6,8741,Dr. Terror's House of Horrors,1965,Horror
6.6,12035,Dracula: Prince of Darkness,1966,Horror
6.8,1842,The Pleasures of the Flesh,1965,"Crime,Drama"
6.8,9365,Fantomas Unleashed,1965,"Adventure,Comedy,Crime"
6.6,17515,"Faster, Pussycat! Kill! Kill!",1965,"Action,Comedy"
7.5,24390,The Flight of the Phoenix,1965,"Adventure,Drama"
7.3,8471,The Ghost and Mr. Chicken,1966,"Comedy,Family,Mystery"
7.4,15837,Juliet of the Spirits,1965,"Comedy,Drama,Fantasy"
7.2,21717,The Great Race,1965,"Action,Adventure,Comedy"
6.6,13546,The Greatest Story Ever Told,1965,"Biography,Drama,History"
8.4,12989,Guide,1965,"Drama,Romance"
7.1,21376,Help!,1965,"Adventure,Comedy,Musical"
7.8,16593,The Hill,1965,"Drama,War"
7.0,2030,Samurai Spy,1965,"Action,Drama"
7.3,11556,In Harm's Way,1965,"Drama,Romance,War"
7.1,19756,The Ipcress File,1965,"Drama,Thriller"
7.6,2750,The Coward,1965,"Drama,Romance"
7.5,5600,King Rat,1965,"Drama,War"
6.7,4587,Lord Jim,1965,"Adventure,Drama,Romance"
6.9,4260,The Loved One,1965,Comedy
7.4,10324,Loves of a Blonde,1965,"Comedy,Drama,Romance"
7.0,1914,The Holy Man,1965,Comedy
6.7,9644,Major Dundee,1965,"Adventure,Drama,War"
6.9,4546,At Midnight I'll Take Your Soul,1964,Horror
7.2,6772,Mirage,1965,"Mystery,Thriller"
7.0,4958,Morituri,1965,"Action,Drama,Thriller"
7.1,7453,The Nanny,1965,"Mystery,Thriller"
6.6,1580,Let's Not Get Angry,1966,"Comedy,Crime"
8.2,10542,The Shop on Main Street,1965,"Drama,War"
8.1,2355,Triumph Over Violence,1965,"Documentary,History,War"
6.6,6280,Operation Crossbow,1965,"Action,Drama,War"
8.4,16674,Operation 'Y' & Other Shurik's Adventures,1965,"Comedy,Crime,Drama"
7.0,1803,Othello,1965,Drama
6.7,1590,Six in Paris,1965,"Comedy,Drama"
8.0,10340,A Patch of Blue,1965,"Drama,Romance"
7.6,11727,The Pawnbroker,1964,Drama
8.2,302707,For a Few Dollars More,1965,"Drama,Western"
7.4,40436,Pierrot le Fou,1965,"Crime,Drama,Romance"
7.4,6597,The Trial of Joan of Arc,1962,"Biography,Drama,History"
7.5,5724,Fists in the Pocket,1965,Drama
7.7,6584,The Saragossa Manuscript,1965,"Adventure,Drama,Fantasy"
7.5,61640,Repulsion,1965,"Drama,Horror,Thriller"
7.4,2751,Samurai Assassin,1965,"Action,Adventure,Drama"
6.7,1757,Sands of the Kalahari,1965,"Adventure,Crime,Drama"
7.3,10585,Shenandoah,1965,"Drama,War,Western"
7.0,7787,Ship of Fools,1965,"Drama,Romance,War"
7.3,1795,Story of a Prostitute,1965,"Drama,Romance,War"
7.8,11941,Simon of the Desert,1965,"Comedy,Drama,Fantasy"
7.0,2717,The Slender Thread,1965,Drama
7.1,19786,The Sons of Katie Elder,1965,"Drama,Western"
8.1,293832,The Sound of Music,1965,"Biography,Drama,Family"
7.5,20876,The Spy Who Came in from the Cold,1965,"Drama,Thriller"
7.5,3764,The Round-Up,1966,"Drama,History,War"
6.8,8866,That Darn Cat!,1965,"Comedy,Crime,Family"
7.0,9946,Those Magnificent Men in Their Flying Machines or How I Flew from London to Paris in 25 Hours 11 Minutes,1965,"Adventure,Comedy,Family"
7.3,3980,A Thousand Clowns,1965,"Comedy,Drama,Romance"
6.9,138885,Thunderball,1965,"Action,Adventure,Thriller"
8.3,3028,The Corporal and Others,1965,"Comedy,War"
7.8,2477,Tokyo Olympiad,1965,"Documentary,Sport"
7.8,22119,The Train,1964,"Action,Thriller,War"
8.1,2784,Havoc in Heaven,1961,"Action,Adventure,Animation"
7.1,2585,Sandra,1965,"Drama,Mystery"
8.1,2627,"War and Peace, Part I: Andrei Bolkonsky",1965,"Drama,War"
7.1,16298,Von Ryan's Express,1965,"Action,Adventure,War"
7.6,1710,Waqt,1965,"Drama,Romance"
7.9,8224,The War Game,1966,"Drama,War"
6.6,4050,The War Lord,1965,"Drama,History,Romance"
6.6,1832,Who Killed Teddy Bear,1965,"Crime,Drama,Mystery"
6.6,3260,The Desperado Trail,1965,"Action,Adventure,Drama"
7.5,1944,Yoyo,1965,"Comedy,Drama,Family"
7.3,1761,Zatoichi and the Chess Expert,1965,"Action,Adventure,Drama"
6.8,3088,7 Women,1965,Drama
7.0,2260,Africa Addio,1966,Documentary
7.0,16941,Alfie,1966,"Comedy,Drama"
8.0,60985,Andrei Rublev,1966,"Biography,Drama,History"
7.7,5904,For Love and Gold,1966,"Adventure,Comedy,History"
7.7,25079,Au hasard Balthazar,1966,Drama
8.0,6809,Watch Out for the Automobile,1966,"Comedy,Crime,Romance"
7.3,5330,A Big Hand for the Little Lady,1966,"Comedy,Western"
7.4,73122,Blow-Up,1966,"Drama,Mystery,Thriller"
7.1,8270,The Blue Max,1966,"Action,Drama,Romance"
7.2,7621,Born Free,1966,"Adventure,Biography,Drama"
8.8,897240,"The Good, the Bad and the Ugly",1966,"Adventure,Drama,Western"
6.7,6657,Carry on Screaming!,1966,"Comedy,Horror"
7.5,2713,The Hunt,1966,"Drama,Thriller"
7.1,15346,The Chase,1966,"Crime,Drama,Thriller"
6.7,2607,The Hellbenders,1967,"Action,Adventure,Drama"
7.0,15051,Cul-de-sac,1966,"Comedy,Drama,Thriller"
7.9,13361,The Sword of Doom,1966,"Action,Drama,Thriller"
7.9,7503,Second Wind,1966,"Crime,Drama"
7.2,34486,Django,1966,"Action,Drama,Western"
7.6,6970,The Endless Summer,1966,"Documentary,Sport"
6.9,2648,This Night I'll Possess Your Corpse,1967,Horror
7.2,47754,Fahrenheit 451,1966,"Drama,Sci-Fi"
7.3,2184,The Family Way,1966,"Comedy,Drama,Romance"
6.8,22620,Fantastic Voyage,1966,"Adventure,Sci-Fi"
6.7,8918,Fantomas vs. Scotland Yard,1967,"Adventure,Comedy,Crime"
7.3,2723,Pharaoh,1966,"Adventure,Drama,History"
7.1,2816,"Follow Me, Boys!",1966,"Drama,Family"
7.2,17384,The Fortune Cookie,1966,"Comedy,Romance"
6.8,8770,Funeral in Berlin,1966,Thriller
6.8,10763,A Funny Thing Happened on the Way to the Forum,1966,"Comedy,Musical"
7.1,7522,Gambit,1966,"Comedy,Crime,Thriller"
6.9,4633,Georgy Girl,1966,"Comedy,Drama,Romance"
7.2,12213,Grand Prix,1966,"Drama,Sport"
7.9,22604,Don't Look Now... We're Being Shot At!,1966,"Adventure,Comedy,War"
6.6,2356,The Group,1966,Drama
7.2,2751,The War Is Over,1966,"Drama,War"
7.6,2190,The Dacians,1966,"Biography,Drama,History"
6.8,12349,Harper,1966,"Crime,Drama,Mystery"
7.5,32495,How to Steal a Million,1966,"Comedy,Crime,Romance"
7.6,1612,Misunderstood,1966,Drama
7.1,1842,Intimate Lighting,1965,"Comedy,Drama,Music"
7.6,3851,I Knew Her Well,1965,Drama
7.2,2770,The Pornographers,1966,"Comedy,Drama"
7.2,2949,Young Törless,1966,Drama
8.2,15225,"Kidnapping, Caucasian Style",1967,"Adventure,Comedy,Drama"
6.9,1721,Fighting Elegy,1966,"Action,Comedy,Drama"
6.8,9287,Khartoum,1966,"Action,Adventure,Drama"
7.4,4266,Dragon Inn,1967,"Action,Adventure"
6.9,2797,Madame X,1966,"Adventure,Drama,Mystery"
7.1,1939,Mademoiselle,1966,Drama
7.7,40651,A Man for All Seasons,1966,"Biography,Drama,History"
7.5,2877,Marat/Sade,1967,"Drama,History,Music"
7.3,19200,Masculine Feminine,1966,"Drama,Romance"
7.6,1676,Death of a Bureaucrat,1966,"Comedy,Horror"
7.3,6352,The Naked Prey,1965,"Adventure,Drama,Thriller"
8.3,6193,The Hero,1966,Drama
7.3,2212,The Elusive Avengers,1967,"Action,Adventure,Drama"
6.9,9958,Nevada Smith,1966,"Drama,Western"
7.4,7540,Black Girl,1966,Drama
6.8,8729,"Kill, Baby... Kill!",1966,"Drama,Horror,Mystery"
7.6,15160,Closely Watched Trains,1966,"Comedy,Drama,Romance"
6.8,5574,Is Paris Burning?,1966,"Drama,History,War"
8.0,141657,Persona,1966,"Drama,Thriller"
6.6,6307,The Plague of the Zombies,1966,Horror
7.3,21067,The Professionals,1966,"Action,Adventure,Drama"
7.5,3585,The Nun,1966,Drama
6.7,2334,The Return of Ringo,1965,"Romance,Western"
7.3,4702,King of Hearts,1966,"Comedy,Drama,War"
7.0,11294,The Russians Are Coming the Russians Are Coming,1966,"Comedy,War"
7.5,17949,The Sand Pebbles,1966,"Adventure,Drama,Romance"
7.6,23944,Seconds,1966,"Sci-Fi,Thriller"
7.2,17898,Daisies,1966,Comedy
7.8,1634,Happy End,1967,"Comedy,Crime"
7.7,3597,Hunger,1966,"Biography,Drama"
7.8,12236,The Face of Another,1966,"Drama,Sci-Fi,Thriller"
6.6,6056,Ten Little Indians,1965,"Crime,Mystery,Thriller"
7.0,7217,This Property Is Condemned,1966,"Drama,Romance"
7.1,10672,Tokyo Drifter,1966,"Action,Crime"
6.6,31872,Torn Curtain,1966,"Drama,Romance,Thriller"
7.0,2345,Trans-Europ-Express,1966,"Comedy,Drama,Mystery"
7.1,2444,The Trap,1966,"Adventure,Drama,Romance"
7.3,6485,The Trouble with Angels,1966,"Comedy,Family"
7.2,6364,The Hawks and the Sparrows,1966,"Comedy,Drama,Fantasy"
7.5,13789,A Man and a Woman,1966,"Drama,Romance"
7.9,2235,"War and Peace, Part II: Natasha Rostova",1965,Drama
6.6,5159,Walk Don't Run,1966,"Comedy,Romance"
6.6,2496,"What Did You Do in the War, Daddy?",1966,"Comedy,War"
7.1,1771,The Whisperers,1967,Drama
8.0,83547,Who's Afraid of Virginia Woolf?,1966,Drama
7.5,2616,Wings,1966,Drama
6.7,4418,The Wrong Box,1966,"Comedy,Crime"
7.0,2233,We Still Kill the Old Way,1967,"Crime,Drama,Mystery"
6.8,5469,Accident,1967,Drama
7.3,2502,Very Happy Alexander,1968,"Comedy,Drama"
6.6,13261,Asterix the Gaul,1967,"Action,Adventure,Animation"
7.0,4495,The Last Adventure,1967,"Adventure,Drama"
7.0,22991,Barefoot in the Park,1967,"Comedy,Romance"
6.7,10457,Bedazzled,1967,"Comedy,Fantasy,Romance"
7.6,53846,Belle de Jour,1967,"Drama,Romance"
7.0,9611,The Taming of The Shrew,1967,"Comedy,Drama,Romance"
7.7,127416,Bonnie and Clyde,1967,"Action,Biography,Crime"
7.0,5721,A Bullet for the General,1967,"Action,Adventure,Drama"
6.6,8210,Camelot,1967,"Adventure,Comedy,Drama"
6.9,9106,The Chinese,1967,"Comedy,Drama"
7.3,10985,The Collector,1967,"Comedy,Drama,Romance"
8.0,196974,Cool Hand Luke,1967,"Crime,Drama"
7.5,4362,The Red and the White,1967,"Drama,War"
6.7,4774,The Deadly Affair,1967,"Crime,Drama,Mystery"
7.7,84581,The Dirty Dozen,1967,"Action,Adventure,War"
7.9,11068,Bob Dylan: Dont Look Back,1967,"Documentary,Music"
7.2,4148,One-Armed Swordsman,1967,"Action,Drama"
7.2,7703,Oedipus Rex,1967,Drama
7.5,33762,El Dorado,1966,"Drama,Romance,Western"
7.0,3671,Elvira Madigan,1967,"Biography,Drama,Romance"
7.6,1849,Strange Voyage,1964,"Comedy,Crime"
7.1,3686,Face to Face,1967,"Drama,Western"
6.7,6671,Fando and Lis,1968,"Adventure,Drama,Fantasy"
7.2,6852,Far from the Madding Crowd,1967,"Drama,History,Romance"
7.0,36195,The Fearless Vampire Killers,1967,"Comedy,Fantasy,Horror"
6.7,2403,Fitzwilly,1967,"Comedy,Romance"
6.8,2755,The Flim-Flam Man,1967,"Action,Comedy,Crime"
7.0,6552,Day of Anger,1967,"Action,Drama,Western"
8.0,303307,The Graduate,1967,"Comedy,Drama,Romance"
6.7,7505,What's Cooking in Paris,1966,"Action,Comedy"
7.8,53044,Guess Who's Coming to Dinner,1967,"Comedy,Drama"
6.6,3235,A Guide for the Married Man,1967,"Comedy,Romance"
7.0,48783,Hang 'Em High,1968,"Drama,Western"
7.2,2476,Even the Wind Is Afraid,1968,"Drama,Horror,Mystery"
7.4,15971,Hombre,1967,"Drama,Western"
6.7,3338,The Honey Pot,1967,"Comedy,Crime,Mystery"
7.3,13434,The Firemen's Ball,1967,"Comedy,Drama"
6.6,1886,Hotel,1967,Drama
6.6,5384,Hour of the Gun,1967,"Drama,Western"
7.2,5707,How to Succeed in Business Without Really Trying,1967,"Comedy,Musical"
7.9,31973,In Cold Blood,1967,"Biography,Crime,Drama"
7.9,92122,In the Heat of the Night,1967,"Drama,Mystery,Thriller"
7.6,5572,The Incident,1967,"Crime,Drama,Thriller"
7.9,2273,Jewel Thief,1967,"Crime,Drama,Mystery"
8.3,15791,Samurai Rebellion,1967,Drama
7.6,214875,The Jungle Book,1967,"Adventure,Animation,Comedy"
7.9,1651,When I Am Dead and Gone,1967,"Drama,Music"
7.5,1842,The Commissar,1967,"Drama,War"
7.2,11240,Branded to Kill,1967,"Action,Crime,Drama"
7.3,2168,"Love Affair, or The Case of the Missing Switchboard Operator",1967,"Comedy,Drama,Romance"
6.6,4007,Mad Monster Party?,1967,"Animation,Comedy,Family"
7.2,11636,The Bride Wore Black,1968,"Crime,Drama,Mystery"
7.8,1566,Scattered Clouds,1967,"Drama,Romance"
7.6,14244,Mouchette,1967,Drama
7.2,9601,The Night of the Generals,1967,"Crime,Drama,Mystery"
7.9,2736,"Oh, Beautiful Istanbul",1966,"Comedy,Drama,Romance"
6.7,1779,Violated Angels,1967,"Drama,Horror,Thriller"
6.9,2080,The Treasure of San Gennaro,1966,"Comedy,Crime"
7.5,8544,Oscar,1967,Comedy
7.2,2543,Our Mother's House,1967,"Drama,Thriller"
6.7,1682,Pasha,1968,"Crime,Drama"
7.1,2217,Peppermint Frappé,1967,"Drama,Thriller"
6.6,5074,The Little Bather,1968,Comedy
6.7,1797,The Plank,1967,Comedy
7.8,29953,Playtime,1967,Comedy
7.2,26894,Point Blank,1967,"Crime,Drama,Thriller"
6.8,2300,Poor Cow,1967,"Crime,Drama,Romance"
7.0,1657,Portrait of Jason,1967,"Biography,Documentary"
6.8,3759,The President's Analyst,1967,"Comedy,Sci-Fi,Thriller"
7.8,3689,The Boys of Paul Street,1968,Drama
7.0,12704,Five Million Years to Earth,1967,"Horror,Mystery,Sci-Fi"
6.7,8868,Reflections in a Golden Eye,1967,"Drama,Romance,Thriller"
6.9,2421,Robbery,1967,"Crime,Drama"
7.9,4360,Our Folks,1967,Comedy
8.0,66872,Le Samouraï,1967,"Crime,Drama,Thriller"
7.5,1991,"The Birds, the Bees and the Italians",1966,Comedy
7.6,2906,I Even Met Happy Gypsies,1967,Drama
6.6,5272,The St. Valentine's Day Massacre,1967,"Crime,Drama,History"
7.1,3740,The Stranger,1967,Drama
7.8,6780,Dry Summer,1963,Drama
7.3,1783,Wedding in Malinovka,1967,"Comedy,Musical,War"
7.3,4035,Entranced Earth,1967,Drama
6.9,7717,Thoroughly Modern Millie,1967,"Comedy,Musical,Romance"
7.7,5821,Titicut Follies,1967,Documentary
7.6,22147,"To Sir, with Love",1967,Drama
7.3,15785,Two for the Road,1967,"Comedy,Drama,Romance"
7.3,2771,Up the Down Staircase,1967,Drama
7.4,2494,The 25th Hour,1967,"Drama,War"
7.1,11979,Viy,1967,"Drama,Fantasy,Horror"
8.3,2214,"War and Peace, Part III: The Year 1812",1967,"Drama,History,War"
8.1,2072,"War and Peace, Part IV: Pierre Bezukhov",1967,Drama
6.8,2585,The Thief of Paris,1967,"Crime,Drama"
7.7,36766,Wait Until Dark,1967,Thriller
6.8,12121,The War Wagon,1967,"Drama,Western"
6.9,16796,Weekend,1967,"Adventure,Comedy,Drama"
6.8,128402,You Only Live Twice,1967,"Action,Adventure,Thriller"
7.0,1527,Zatoichi the Outlaw,1967,"Action,Adventure,Drama"
8.3,789723,2001: A Space Odyssey,1968,"Adventure,Sci-Fi"
6.8,1595,Grand Slam,1967,"Crime,Drama"
6.6,4925,"Farewell, Friend",1968,"Action,Crime,Drama"
6.9,3034,The Anniversary,1968,"Comedy,Drama,Thriller"
7.2,16109,Asterix and Cleopatra,1968,"Adventure,Animation,Comedy"
7.5,16701,Stolen Kisses,1968,"Comedy,Drama,Romance"
6.6,2749,Guns for San Sebastian,1968,"Action,Adventure,Drama"
6.8,4252,Les Biches,1968,Drama
6.8,7508,Blackbeard's Ghost,1968,"Comedy,Family,Fantasy"
7.0,12099,The Boston Strangler,1968,"Crime,Drama,Mystery"
8.2,18139,The Diamond Arm,1969,"Adventure,Comedy,Crime"
7.4,81544,Bullitt,1968,"Action,Crime,Thriller"
6.8,2196,"Buona Sera, Mrs. Campbell",1968,"Comedy,Romance"
6.8,6044,Carry on Up the Khyber,1968,"Adventure,Comedy"
6.6,4395,The Charge of the Light Brigade,1968,"Drama,History,War"
6.9,7832,Charly,1968,"Drama,Romance,Sci-Fi"
7.0,55421,Chitty Chitty Bang Bang,1968,"Adventure,Family,Fantasy"
6.8,1738,The Chronicle of Anna Magdalena Bach,1968,"Biography,Drama,History"
6.8,2267,"Run, Man, Run",1968,"Adventure,Comedy,Western"
6.7,2148,Daimajin,1966,"Drama,Fantasy,Horror"
6.8,3978,Dark of the Sun,1968,"Action,Adventure,Drama"
7.7,13928,The Young Girls of Rochefort,1967,"Comedy,Drama,Musical"
6.9,11711,The Devil Rides Out,1968,Horror
6.7,7045,The Devil's Brigade,1968,"Action,Drama,War"
6.9,3122,Dillinger Is Dead,1969,"Crime,Drama"
7.3,1755,They Call Us Misfits,1968,Documentary
7.8,1889,We'll Live Till Monday,1968,"Drama,Romance"
7.3,2908,Stars of Eger,1968,"Adventure,History,Romance"
7.4,12861,Faces,1968,Drama
6.8,4471,Firecreek,1968,"Action,Adventure,Drama"
6.7,1579,The Fixer,1968,Drama
7.4,27615,Funny Girl,1968,"Biography,Comedy,Drama"
6.8,9531,The Gendarme Gets Married,1968,"Comedy,Romance"
7.0,2428,Mafia,1968,"Crime,Drama,Mystery"
8.7,6014,The Adventures of Goopy and Bagha,1969,"Adventure,Comedy,Family"
7.7,20724,The Great Silence,1968,"Drama,Western"
7.6,5110,The Heart Is a Lonely Hunter,1968,Drama
7.2,9950,Hell in the Pacific,1968,"Adventure,War"
6.8,2601,Hot Millions,1968,"Comedy,Crime"
6.6,13080,Ice Station Zebra,1968,"Adventure,Thriller"
6.8,2875,Isadora,1968,"Biography,Drama,Music"
7.1,3787,"I Love You, I Love You",1968,"Drama,Sci-Fi"
7.5,2194,Profound Desires of the Gods,1968,Drama
7.0,2790,The Killing of Sister George,1968,Drama
7.4,3465,Kill!,1968,"Action,Comedy,Drama"
7.5,3919,Death by Hanging,1968,"Comedy,Crime,Drama"
7.0,2829,Signs of Life,1968,Drama
7.8,37098,The Lion in Winter,1968,"Biography,Drama,History"
7.3,1806,Mandabi,1968,"Comedy,Drama"
7.8,6752,Marketa Lazarová,1967,"Drama,History,Romance"
6.7,13968,Witchfinder General,1968,"Drama,Horror"
7.1,1978,Be Sick... It's Free,1968,Comedy
7.6,5436,Memories of Underdevelopment,1968,Drama
7.1,6998,The Mercenary,1968,"Comedy,Drama,Western"
7.8,152048,Night of the Living Dead,1968,"Horror,Thriller"
7.0,2853,No Way to Treat a Lady,1968,"Comedy,Crime,Drama"
7.0,2012,A Report on the Party and Guests,1966,"Comedy,Drama"
7.6,40271,The Odd Couple,1968,Comedy
7.4,44692,Oliver!,1968,"Drama,Family,Musical"
6.6,2854,The Olsen Gang,1968,"Comedy,Crime,Family"
8.1,10305,Padosan,1968,"Comedy,Musical,Romance"
7.4,47394,The Party,1968,"Comedy,Romance"
6.8,3752,Petulia,1968,"Drama,Romance"
8.0,210721,Planet of the Apes,1968,"Adventure,Sci-Fi"
6.8,4240,Play Dirty,1969,"Adventure,Drama,War"
7.0,4674,Pretty Poison,1968,"Comedy,Crime,Drama"
7.1,2160,Woman in Chains,1968,Drama
7.5,64335,The Producers,1967,"Comedy,Music"
7.2,1576,The Queen,1968,Documentary
7.1,4511,"Rachel, Rachel",1968,"Drama,Romance"
6.7,1974,The Girl with a Pistol,1968,"Comedy,Drama,Romance"
7.8,1851,Reconstruction,1968,"Comedy,Drama"
7.4,8030,The Big Gundown,1967,"Drama,Western"
7.6,37657,Romeo and Juliet,1968,"Drama,Romance"
8.0,260106,Rosemary's Baby,1968,"Drama,Horror"
6.9,1774,Capricious Summer,1968,Comedy
7.5,16990,The Color of Pomegranates,1969,"Biography,Drama,History"
6.7,5161,The Scalphunters,1968,"Comedy,Drama,Western"
7.0,4690,The Shoes of the Fisherman,1968,Drama
8.0,16608,Shame,1968,Drama
8.0,13090,The Cremator,1969,"Comedy,Crime,Drama"
7.0,2038,The Subject Was Roses,1968,Drama
7.6,16577,The Swimmer,1968,Drama
6.6,2756,Horus: Prince of the Sun,1968,"Action,Adventure,Animation"
7.3,13899,Targets,1968,"Crime,Drama,Thriller"
7.0,17130,Teorema,1968,"Drama,Mystery"
6.9,32342,The Thomas Crown Affair,1968,"Crime,Drama,Romance"
7.0,2849,Twisted Nerve,1968,"Drama,Thriller"
6.6,2773,Cemetery Without Crosses,1969,"Drama,Western"
7.5,25276,Hour of the Wolf,1968,"Drama,Horror,Mystery"
7.6,2720,The Two of Us,1967,"Comedy,Drama"
8.3,9808,War and Peace,1965,"Drama,Romance,War"
7.0,5834,Will Penny,1967,"Drama,Romance,Western"
7.4,30067,Yellow Submarine,1968,"Adventure,Animation,Comedy"
7.1,11132,"Yours, Mine and Ours",1968,"Comedy,Family"
7.4,1692,Zatoichi Challenged,1967,"Action,Adventure,Drama"
8.2,3517,The Golden Calf,1968,"Comedy,Crime"
7.4,26582,If....,1968,"Crime,Drama"
7.4,2194,Boy,1969,Drama
7.4,8880,Anne of the Thousand Days,1969,"Biography,Drama,History"
8.0,2873,The Land,1970,Drama
8.1,29533,Army of Shadows,1969,"Drama,War"
7.7,8536,Funeral Parade of Roses,1969,Drama
7.0,27080,Battle of Britain,1969,"Action,Drama,History"
7.0,4480,The Battle of Neretva,1969,"Drama,History,War"
6.8,8300,Bob & Carol & Ted & Alice,1969,"Comedy,Drama,Romance"
7.3,10499,The Butcher,1970,"Drama,Mystery,Thriller"
7.3,6232,A Boy Named Charlie Brown,1969,"Animation,Comedy,Drama"
6.7,11883,The Bridge at Remagen,1969,"Action,Drama,War"
8.0,239243,Butch Cassidy and the Sundance Kid,1969,"Adventure,Biography,Crime"
8.5,386640,Once Upon a Time in the West,1968,"Drama,Western"
7.2,13432,Cactus Flower,1969,"Comedy,Romance"
7.4,11050,The Damned,1969,"Drama,War"
6.6,6565,Carry on Camping,1969,Comedy
6.8,4777,The Brain,1969,"Adventure,Comedy,Crime"
7.4,6389,The Things of Life,1970,"Drama,Romance"
7.4,10534,The Sicilian Clan,1969,"Crime,Drama"
7.1,11758,Colossus: The Forbin Project,1970,"Sci-Fi,Thriller"
7.0,11007,Death Rides a Horse,1967,"Drama,Western"
6.9,2203,Last Known Address,1970,"Crime,Drama,Mystery"
7.0,2632,Antonio das Mortes,1969,"Action,Crime,Drama"
7.2,1660,Return of the One-Armed Swordsman,1969,"Action,Adventure"
6.7,2075,And God Said to Cain...,1970,"Drama,Horror,Western"
7.2,123245,Easy Rider,1969,"Adventure,Drama"
7.4,9601,The Wild Child,1970,"Biography,Drama,History"
7.4,2473,Eros + Massacre,1969,"Biography,Drama"
7.3,5273,The Unfaithful Wife,1969,"Crime,Drama,Mystery"
7.8,8801,The Cow,1969,Drama
7.5,4138,Gheisar,1969,"Crime,Drama"
6.8,4326,"Goodbye, Mr. Chips",1969,"Drama,Musical,Romance"
7.6,2917,The Steel Edge of Revenge,1969,"Action,Adventure,Drama"
7.5,1577,Le Grand Amour,1969,"Comedy,Romance"
6.6,1870,Hannibal Brooks,1969,"Action,Adventure,Comedy"
7.1,18703,"Hello, Dolly!",1969,"Adventure,Comedy,Musical"
6.6,7449,Hibernatus,1969,"Comedy,Fantasy,Sci-Fi"
7.5,2758,High School,1968,Documentary
6.9,6492,The Honeymoon Killers,1970,"Crime,Drama,Romance"
7.5,8332,A Touch of Zen,1971,"Action,Adventure,Drama"
7.4,2103,In the Year of the Pig,1968,"Documentary,History,War"
8.0,2684,The Toth Family,1969,"Comedy,Drama"
7.2,54714,The Italian Job,1969,"Action,Comedy,Crime"
6.6,2670,John and Mary,1969,"Drama,Romance"
6.8,3332,Katzelmacher,1969,Drama
7.9,26366,Kes,1969,"Drama,Family"
8.0,1683,Spring,1969,Drama
7.7,3422,Witchhammer,1970,"Drama,History,Horror"
8.0,1832,King Lear,1970,Drama
6.9,2534,Last Summer,1969,Drama
7.2,1918,The Learning Tree,1969,Drama
7.8,16205,My Night at Maud's,1969,"Comedy,Drama,Romance"
6.7,10816,Mackenna's Gold,1969,"Action,Adventure,Drama"
6.8,2398,Macunaima,1969,"Comedy,Fantasy"
7.2,5238,Medium Cool,1969,"Drama,Thriller"
7.8,132309,Midnight Cowboy,1969,Drama
6.7,2428,Model Shop,1969,"Drama,Romance"
7.9,5501,Monterey Pop,1968,"Documentary,History,Music"
7.7,2200,The Mummy,1969,Drama
7.0,3563,Oh! What a Lovely War,1969,"Comedy,Musical,War"
6.7,109683,On Her Majesty's Secret Service,1969,"Action,Adventure,Thriller"
6.6,16295,Paint Your Wagon,1969,"Comedy,Musical,Western"
7.2,1962,Colonel Wolodyjowski,1969,"Adventure,Drama,History"
6.6,4445,Rider on the Rain,1970,"Crime,Drama,Mystery"
7.6,11381,The Passion of Anna,1969,Drama
6.8,3875,The Phantom Tollbooth,1970,"Adventure,Animation,Comedy"
7.7,1560,Pirosmani,1969,"Biography,Drama,History"
7.1,17202,The Swimming Pool,1969,"Crime,Drama,Romance"
6.6,4377,Pigsty,1969,Drama
7.7,1648,Crime and Punishment,1970,Drama
7.6,11293,The Prime of Miss Jean Brodie,1969,"Comedy,Drama,Romance"
6.7,4809,Putney Swope,1969,Comedy
7.6,5646,This Man Must Die,1969,"Crime,Drama,Thriller"
7.1,6483,Burn!,1969,"Action,Drama,War"
6.8,4792,The Rain People,1969,Drama
6.6,3582,The Reivers,1969,"Comedy,Drama"
6.8,5001,The House That Screamed,1969,"Horror,Mystery,Thriller"
7.1,1801,Ring of Bright Water,1969,"Comedy,Drama"
6.7,6481,Sabata,1969,"Action,Drama,Western"
7.6,6233,Salesman,1969,"Documentary,Drama"
6.8,18270,Satyricon,1969,"Drama,Fantasy"
7.2,4553,The Secret of Santa Vittoria,1969,"Comedy,Drama,War"
7.6,2873,Double Suicide,1969,"Drama,Romance"
6.9,8132,Mississippi Mermaid,1969,"Crime,Drama,Romance"
7.3,2424,Larks on a String,1969,"Comedy,Drama,Romance"
6.6,3699,The Stalking Moon,1968,"Drama,Western"
6.7,2610,The Sterile Cuckoo,1969,"Comedy,Drama,Romance"
7.2,1942,The Structure of Crystal,1969,Drama
7.4,14693,Support Your Local Sheriff!,1969,"Comedy,Western"
6.9,7817,Sweet Charity,1969,"Comedy,Drama,Music"
7.2,33074,Take the Money and Run,1969,"Comedy,Crime"
8.6,8615,The Witness,1969,"Comedy,Drama"
7.0,2825,That Cold Day in the Park,1969,"Drama,Thriller"
7.8,21932,"They Shoot Horses, Don't They?",1969,Drama
6.6,2449,Seven Crystal Balls and the Prisoners of the Sun,1969,"Adventure,Animation,Family"
7.4,54387,True Grit,1969,"Adventure,Drama,Western"
7.0,33185,Two Mules for Sister Sara,1970,"Adventure,Drama,Romance"
7.1,27373,The Bird with the Crystal Plumage,1970,"Drama,Horror,Mystery"
6.6,3158,One on Top of the Other,1969,"Drama,Horror,Mystery"
6.6,8403,The Undefeated,1969,"Action,Adventure,Drama"
7.3,3448,A Gentle Woman,1969,"Drama,Romance"
7.8,1751,The Last Relic,1969,"Adventure,History,Romance"
6.8,3186,What Ever Happened to Aunt Alice?,1969,"Crime,Drama,Horror"
7.6,67109,Where Eagles Dare,1968,"Action,Adventure,War"
7.9,94559,The Wild Bunch,1969,"Action,Adventure,Drama"
7.1,2884,"Go, Go Second Time Virgin",1969,"Drama,Horror"
8.1,34285,Z,1969,"Crime,Drama,Thriller"
7.1,1909,The Joke,1969,"Comedy,Drama"
7.0,2044,Adalen 31,1969,"Drama,History,Romance"
6.7,1522,"Tick, Tick, Tick",1970,"Action,Crime,Drama"
6.6,25003,Airport,1970,"Action,Drama,Thriller"
7.3,1714,Reconstruction,1970,"Crime,Drama"
6.6,4943,And Soon the Darkness,1970,"Crime,Mystery,Thriller"
7.6,2248,Aradhana,1969,"Drama,Musical,Romance"
8.0,3413,Days and Nights in the Forest,1970,Drama
7.1,126356,The Aristocats,1970,"Adventure,Animation,Comedy"
6.7,6801,Even Dwarfs Started Small,1970,"Comedy,Drama"
7.8,5405,The Confession,1970,"Drama,Thriller"
7.2,11453,The Ballad of Cable Hogue,1970,"Comedy,Drama,Romance"
6.8,5723,Borsalino,1970,"Crime,Drama"
7.6,6543,The Boys in the Band,1970,Drama
7.2,2161,Brancaleone at the Crusades,1970,"Adventure,Fantasy,History"
6.8,6592,Brewster McCloud,1970,"Comedy,Crime,Fantasy"
7.1,27227,Catch-22,1970,"Comedy,Drama,War"
7.9,32052,The Red Circle,1970,"Crime,Drama,Thriller"
6.8,5581,The Cheyenne Social Club,1970,"Comedy,Western"
6.9,12083,Chisum,1970,"Biography,Drama,Western"
7.9,39492,The Conformist,1970,Drama
7.0,8148,Cromwell,1970,"Biography,Drama,History"
7.0,13838,The Decameron,1971,"Comedy,Drama,History"
7.0,2637,Diary of a Mad Housewife,1970,"Comedy,Drama"
7.3,8426,Dodes'ka-den,1970,Drama
7.4,11680,Bed & Board,1970,"Comedy,Drama,Romance"
7.1,2862,The Pizza Triangle,1970,"Comedy,Drama,Romance"
8.1,8108,Twelve Chairs,1971,"Adventure,Comedy,Crime"
8.0,3515,Elvis: That's the Way It Is,1970,"Documentary,Music"
7.4,2943,L'enfance nue,1968,Drama
7.3,44882,Five Easy Pieces,1970,Drama
6.7,6013,Frankenstein Must Be Destroyed,1969,"Drama,Horror,Sci-Fi"
6.6,14459,The Cat o' Nine Tails,1971,"Horror,Mystery,Thriller"
7.4,13705,Claire's Knee,1970,"Drama,Romance"
7.2,8478,The Garden of the Finzi-Continis,1970,"Drama,History,War"
7.8,13858,Gimme Shelter,1970,"Documentary,Music,Thriller"
7.3,5134,Sunflower,1970,"Drama,War"
6.9,3087,The Great White Hope,1970,"Drama,Romance,Sport"
6.9,1936,Hoffman,1970,Drama
7.0,8215,Husbands,1970,"Comedy,Drama"
7.4,3523,I Never Sang for My Father,1970,Drama
8.0,15639,Investigation of a Citizen Above Suspicion,1970,"Crime,Drama"
8.0,4215,How I Unleashed World War II,1970,"Adventure,Comedy,War"
6.8,5210,Joe,1970,"Drama,Thriller"
7.6,59027,Kelly's Heroes,1970,"Adventure,Comedy,War"
7.2,8268,A Love Story,1970,"Drama,Romance"
6.9,3485,The Landlord,1970,"Comedy,Drama,Romance"
7.0,3958,The Last Valley,1971,"Adventure,Drama,War"
7.6,8794,Let It Be,1970,"Documentary,Music"
7.5,40645,Little Big Man,1970,"Adventure,Comedy,Drama"
6.9,40575,Love Story,1970,"Drama,Romance"
6.6,1557,Lovers and Other Strangers,1970,"Comedy,Drama,Romance"
7.3,83418,M*A*S*H,1970,"Comedy,Drama,War"
6.6,3210,Don't Deliver Us from Evil,1971,"Drama,Horror"
6.8,10295,A Man Called Horse,1970,"Adventure,Drama,Western"
6.9,6213,Medea,1969,"Drama,Fantasy"
7.9,5940,My Name Is Joker,1970,"Comedy,Drama,Musical"
8.4,6775,Michael the Brave,1971,"Action,Biography,Drama"
6.8,4861,The Molly Maguires,1970,"Drama,History"
7.0,3369,Monte Walsh,1970,"Drama,Western"
7.2,3542,The Music Lovers,1971,"Biography,Comedy,Drama"
7.1,8814,Deep End,1970,"Comedy,Drama,Romance"
6.7,2341,The Night Visitor,1971,"Crime,Drama,Horror"
7.1,10072,The Out of Towners,1970,Comedy
7.9,113871,Patton,1970,"Biography,Drama,War"
7.0,7960,Donkey Skin,1970,"Comedy,Fantasy,Musical"
6.7,12312,Performance,1970,"Crime,Drama"
6.9,6092,Pippi in the South Seas,1970,"Adventure,Comedy,Drama"
8.1,2122,The Adversary,1970,Drama
7.0,15009,The Private Life of Sherlock Holmes,1970,"Adventure,Comedy,Crime"
6.8,4402,Pippi on the Run,1970,"Adventure,Comedy,Drama"
7.3,6388,The Railway Children,1970,"Drama,Family"
7.5,3991,The Cruise,1970,Comedy
6.7,15367,Rio Lobo,1970,"Drama,War,Western"
7.1,2296,The Breach,1970,Drama
7.4,11713,Ryan's Daughter,1970,"Drama,Romance"
7.5,14025,Scrooge,1970,"Drama,Family,Fantasy"
6.9,7356,Soldier Blue,1970,"Drama,War,Western"
6.9,6379,The Strange Vice of Mrs. Wardh,1971,"Crime,Horror,Mystery"
6.8,3467,The Spider's Stratagem,1970,"Drama,Mystery"
6.6,1960,The Strawberry Statement,1970,"Drama,Romance"
6.6,57892,THX 1138,1971,"Drama,Sci-Fi,Thriller"
6.8,5746,There Was a Crooked Man...,1970,"Comedy,Western"
8.5,2856,One Song a Day Takes Mischief Away,1970,"Comedy,Drama,Musical"
6.6,4351,Too Late the Hero,1970,"Action,Drama,War"
7.5,40098,Tora! Tora! Tora!,1970,"Action,Drama,History"
7.4,13928,Tristana,1970,Drama
7.6,3781,The Ear,1970,"Drama,Thriller"
7.9,4684,Hope,1970,Drama
7.6,2221,Many Wars Ago,1970,"Drama,War"
7.0,13673,Valerie and Her Week of Wonders,1970,"Adventure,Drama,Fantasy"
7.3,8606,The Milky Way,1969,"Comedy,Drama"
7.2,3045,Why Does Herr R. Run Amok?,1970,Drama
7.3,14757,Waterloo,1970,"Action,Biography,Drama"
6.7,3310,Watermelon Man,1970,"Comedy,Drama,Fantasy"
7.6,8778,White Sun of the Desert,1969,"Action,Adventure,Comedy"
7.1,9822,Women in Love,1969,"Drama,Romance"
8.1,19567,Woodstock,1970,"Documentary,History,Music"
6.6,1579,The Vampire Doll,1970,Horror
6.9,18444,Zabriskie Point,1970,Drama
7.1,1921,Zatoichi and the One-Armed Swordsman,1971,"Action,Adventure,Drama"
7.0,3153,Zatoichi Meets Yojimbo,1970,"Action,Adventure,Drama"
7.2,5530,Compañeros,1970,"Action,Comedy,Western"
7.5,11022,10 Rillington Place,1971,"Biography,Crime,Drama"
7.0,18222,The Abominable Dr. Phibes,1971,"Comedy,Horror"
8.1,2206,Amar Prem,1972,"Drama,Musical,Romance"
8.1,37779,Anand,1971,"Drama,Musical"
7.5,32841,Monty Python's and Now for Something Completely Different,1971,Comedy
7.2,44606,The Andromeda Strain,1971,"Mystery,Sci-Fi,Thriller"
6.9,2865,Money Money Money,1972,"Adventure,Comedy,Crime"
6.9,40215,Bananas,1971,Comedy
7.1,43656,Bedknobs and Broomsticks,1971,"Adventure,Animation,Comedy"
7.1,21254,The Beguiled,1971,"Drama,Thriller,War"
7.1,16063,Big Jake,1971,"Drama,Western"
6.9,1975,Bleak Moments,1971,"Comedy,Drama"
6.8,3905,The Boy Friend,1971,"Comedy,Musical,Romance"
6.9,17192,Carnal Knowledge,1971,"Comedy,Drama"
8.1,4525,The Sorrow and the Pity,1969,"Documentary,History,War"
7.5,2703,Le Chat,1971,Drama
6.6,7438,Chato's Land,1972,"Drama,Western"
7.6,4861,The Working Class Goes to Heaven,1971,Drama
8.2,942007,A Clockwork Orange,1971,"Crime,Sci-Fi"
6.7,3974,The Case of the Scorpion's Tail,1971,"Crime,Drama,Horror"
6.6,2831,Cold Turkey,1971,Comedy
6.7,1692,Cut-Throats Nine,1972,"Crime,Drama,Horror"
7.2,2051,Confessions of a Police Captain,1971,"Crime,Drama"
6.9,3970,Dad's Army,1971,"Comedy,War"
7.2,6428,Two English Girls,1971,"Drama,Romance"
7.7,21591,The Devils,1971,"Biography,Drama,History"
7.7,182262,Dirty Harry,1971,"Action,Crime,Thriller"
6.8,1683,One-Armed Boxer,1972,"Action,Drama,Fantasy"
7.3,4822,Emil of Lonneberga,1971,"Comedy,Drama,Family"
6.6,4477,Fata Morgana,1971,"Documentary,Drama"
8.0,52583,Fiddler on the Roof,1971,"Drama,Family,Musical"
7.2,8925,Delusions of Grandeur,1971,"Adventure,Comedy,History"
7.6,151774,The French Connection,1971,"Action,Crime,Drama"
7.3,39014,Get Carter,1971,"Crime,Thriller"
6.6,3093,The Fifth Cord,1971,"Crime,Horror,Mystery"
7.5,40548,"Duck, You Sucker!",1971,"Drama,War,Western"
7.1,7192,The Go-Between,1971,"Drama,Romance"
6.7,1634,The Grissom Gang,1971,"Crime,Drama"
7.8,85433,Harold and Maude,1971,"Comedy,Drama,Romance"
6.9,4153,The Hired Hand,1971,"Drama,Western"
7.1,8351,The Hospital,1971,"Comedy,Drama,Mystery"
7.3,5755,The Merchant of Four Seasons,1972,Drama
7.5,2007,In the Name of the Italian People,1971,"Comedy,Crime,Mystery"
7.2,2167,Inn of Evil,1971,"Crime,Drama"
7.1,4230,Jo,1971,"Comedy,Crime,Thriller"
7.8,20004,Johnny Got His Gun,1971,"Drama,War"
7.1,34183,Klute,1971,"Crime,Mystery,Thriller"
6.6,1766,Kotch,1971,"Comedy,Drama"
6.8,2690,The Red Tent,1969,"Adventure,Drama"
7.9,3613,Land of Silence and Darkness,1971,Documentary
8.0,57383,The Last Picture Show,1971,"Drama,Romance"
6.6,3040,The Last Run,1971,"Action,Crime,Drama"
7.0,7185,Lawman,1971,"Adventure,Drama,Western"
6.7,13436,Le Mans,1971,"Action,Adventure,Drama"
6.8,4183,Little Murders,1971,"Comedy,Crime"
7.4,28655,They Call Me Trinity,1970,"Comedy,Western"
6.8,6665,A Lizard in a Woman's Skin,1971,"Drama,Mystery,Thriller"
7.4,16162,Macbeth,1971,"Drama,History"
6.6,4379,Short Night of Glass Dolls,1971,"Horror,Mystery"
6.6,1987,The Legend of Doom House,1971,"Drama,Fantasy,Horror"
6.8,3950,Man in the Wilderness,1971,"Adventure,Drama,Western"
7.1,5310,"Mary, Queen of Scots",1971,"Biography,Drama,History"
7.3,3515,Max and the Junkmen,1971,"Crime,Drama,Romance"
7.6,30646,McCabe & Mrs. Miller,1971,"Drama,Western"
7.5,3535,Melody,1971,"Comedy,Drama,Romance"
7.4,5537,Caliber 9,1972,"Action,Crime,Drama"
7.2,5876,Minnie and Moskowitz,1971,"Comedy,Drama,Romance"
7.4,3441,My Uncle Antoine,1971,Drama
7.3,25140,Death in Venice,1971,"Drama,Romance"
6.7,4451,Murphy's War,1971,"Drama,War"
7.3,1799,The Girl on a Broomstick,1972,"Comedy,Family,Fantasy"
6.7,2211,Red Psalm,1972,"Drama,Musical,War"
7.3,9013,A New Leaf,1971,"Comedy,Romance"
7.2,6295,Nicholas and Alexandra,1971,"Biography,Drama,History"
7.5,2538,I Hate Mondays,1971,Comedy
7.5,2372,Officers,1971,"Drama,Romance,War"
7.2,2792,The Olsen Gang in Jutland,1971,"Comedy,Crime,Family"
7.7,1735,On Any Sunday,1971,"Documentary,Sport"
7.5,16554,Wake in Fright,1971,"Drama,Thriller"
7.2,2023,Pakeezah,1972,"Drama,Musical,Romance"
7.1,22680,The Panic in Needle Park,1971,Drama
6.6,2010,Pink Narcissus,1971,"Drama,Fantasy"
6.9,35474,Play Misty for Me,1971,"Drama,Thriller"
7.8,2894,Trial on the Road,1986,"Drama,War"
7.7,8584,Punishment Park,1971,"Drama,Thriller"
7.2,4387,Four Nights of a Dreamer,1971,"Drama,Romance"
7.7,4221,Sacco & Vanzetti,1971,"Biography,Crime,Drama"
6.6,4797,See No Evil,1971,"Drama,Mystery,Thriller"
7.8,1535,Company Limited,1971,Drama
6.6,23185,Shaft,1971,"Action,Crime,Thriller"
6.6,33909,Silent Running,1972,"Drama,Sci-Fi"
7.0,2239,Skin Game,1971,"Comedy,Western"
6.8,12864,Red Sun,1971,"Action,Drama,Western"
6.9,5051,Sometimes a Great Notion,1971,"Action,Adventure,Drama"
7.5,11728,Murmur of the Heart,1971,"Comedy,Drama"
7.3,2417,Grandads-Robbers,1972,"Comedy,Crime,Drama"
7.4,68665,Straw Dogs,1971,"Crime,Drama,Thriller"
7.2,10148,Summer of '42,1971,"Drama,Romance"
6.9,7939,Sunday Bloody Sunday,1971,Drama
6.8,7358,Support Your Local Gunfighter,1971,"Comedy,Romance,Western"
7.8,2431,Love,1971,Drama
7.4,1932,Sinbad,1971,"Drama,Romance"
7.3,5323,Taking Off,1971,"Comedy,Drama,Music"
6.9,31955,The Big Boss,1971,"Action,Crime,Drama"
6.7,3641,They Might Be Giants,1971,"Comedy,Mystery,Romance"
7.2,33524,El Topo,1970,"Drama,Mystery,Western"
6.9,1903,The Trojan Women,1971,Drama
7.3,3303,The Third Part of the Night,1971,"Drama,Horror,War"
7.2,14528,Two-Lane Blacktop,1971,Drama
7.0,12376,A Cop,1972,"Crime,Thriller"
8.0,8364,The Emigrants,1971,"Drama,History"
6.7,5230,Valdez Is Coming,1971,"Drama,Western"
7.2,32449,Vanishing Point,1971,"Action,Crime,Thriller"
6.9,2497,The Widow Couderc,1971,"Action,Drama,Romance"
6.6,5835,WR: Mysteries of the Organism,1971,"Comedy,Drama,Fantasy"
7.6,29979,Walkabout,1971,"Adventure,Drama"
7.1,7087,Wanda,1970,"Crime,Drama"
6.6,2811,Beware of a Holy Whore,1971,"Comedy,Drama"
7.8,246101,Willy Wonka & the Chocolate Factory,1971,"Adventure,Comedy,Family"
6.6,2346,The Apple War,1971,"Comedy,Fantasy"
7.2,19468,Trinity Is Still My Name,1971,"Comedy,Western"
7.6,10319,1776,1972,"Drama,Family,History"
8.0,5355,The Dawns Here Are Quiet,1972,"Drama,History,War"
7.0,8476,Across 110th Street,1972,"Action,Crime,Drama"
7.8,68754,"Aguirre, the Wrath of God",1972,"Action,Adventure,Biography"
6.8,1954,The Amazing Mr. Blunden,1972,"Drama,Family,Fantasy"
7.6,10521,Love in the Afternoon,1972,"Comedy,Drama,Romance"
7.2,2216,Anna and the Wolves,1973,Drama
7.1,13302,Avanti!,1972,"Comedy,Romance"
6.9,5190,Bad Company,1972,"Adventure,Drama,Western"
8.1,4859,Bawarchi,1972,"Comedy,Drama,Family"
7.5,12555,The Bitter Tears of Petra von Kant,1972,"Drama,Romance"
6.7,1717,Bless the Beasts & Children,1971,"Comedy,Drama"
6.7,1619,Bone,1972,"Comedy,Drama,Thriller"
7.0,1788,The Boxer from Shantung,1972,"Action,Crime,Drama"
6.6,3182,Buck and the Preacher,1972,"Adventure,Drama,Western"
7.2,6517,Butterflies Are Free,1972,"Comedy,Drama,Music"
7.8,64147,Cabaret,1972,"Drama,Music,Musical"
7.0,13575,The Candidate,1972,Drama
7.6,2893,The Mattei Affair,1972,"Biography,Drama,Mystery"
6.6,3413,The Burglars,1971,"Action,Crime,Drama"
7.5,2824,The Castle of Purity,1973,Drama
7.7,50842,The Discreet Charm of the Bourgeoisie,1972,"Comedy,Drama,Fantasy"
6.9,6594,What Have You Done to Solange?,1972,"Horror,Mystery,Thriller"
7.4,17559,The Cowboys,1972,"Adventure,Drama,Western"
6.9,2091,The Culpepper Cattle Co.,1972,"Drama,Western"
7.3,4273,Cesar & Rosalie,1972,"Drama,Romance"
6.6,6951,Dead of Night,1974,"Drama,Horror,Thriller"
7.6,129715,Deliverance,1972,"Adventure,Drama,Thriller"
6.6,4589,Dr Jekyll & Sister Hyde,1971,"Horror,Sci-Fi"
8.3,14393,Gentlemen of Fortune,1971,"Comedy,Crime,Drama"
7.4,2939,The Effect of Gamma Rays on Man-in-the-Moon Marigolds,1972,Drama
7.5,2038,Elvis on Tour,1972,"Documentary,Music"
6.7,44174,Everything You Always Wanted to Know About Sex * But Were Afraid to Ask,1972,Comedy
7.5,2383,Family Life,1971,Drama
7.2,11829,Fat City,1972,"Drama,Sport"
7.4,53686,Frenzy,1972,"Drama,Thriller"
7.3,37704,The Getaway,1972,"Action,Crime,Thriller"
9.2,2246590,The Godfather,1972,"Crime,Drama"
7.2,10287,The Tall Blond Man with One Black Shoe,1972,"Comedy,Mystery"
7.1,6643,The Heartbreak Kid,1972,"Comedy,Drama,Romance"
7.4,73910,High Plains Drifter,1973,"Drama,Western"
6.8,7909,The Hot Rock,1972,"Action,Comedy,Crime"
7.0,8782,Images,1972,"Drama,Horror,Mystery"
7.6,40000,Jeremiah Johnson,1972,"Adventure,Drama,Western"
7.2,37579,Fist of Fury,1972,"Action,Drama,Romance"
6.7,7510,Junior Bonner,1972,"Drama,Western"
8.2,3076,The Goat Horn,1972,Drama
7.6,9908,Lone Wolf and Cub: Sword of Vengeance,1972,"Action,Adventure"
7.9,7559,Lone Wolf and Cub: Baby Cart at the River Styx,1972,"Action,Adventure,Drama"
7.5,6218,Lone Wolf and Cub: Baby Cart to Hades,1972,"Action,Drama"
7.0,5266,Lady Sings the Blues,1972,"Biography,Drama,Music"
6.8,10322,The Life and Times of Judge Roy Bean,1972,"Comedy,Drama,Romance"
7.5,6662,Ludwig,1973,"Biography,Drama,History"
7.1,3336,The Italian Connection,1972,"Action,Crime,Thriller"
6.6,5277,Man of La Mancha,1972,"Drama,Fantasy,Musical"
7.4,1941,Marjoe,1972,"Biography,Documentary"
6.8,18322,The Mechanic,1972,"Action,Crime,Thriller"
7.1,44325,The Way of the Dragon,1972,"Action,Adventure,Comedy"
7.3,4668,The Seduction of Mimi,1972,"Comedy,Drama"
7.3,1558,My Childhood,1972,"Biography,Drama"
7.0,3862,The New Centurions,1972,"Action,Crime,Drama"
6.7,3040,No Way Out,1973,"Action,Crime,Drama"
7.0,12847,Don't Torture a Duckling,1972,"Horror,Mystery,Thriller"
7.2,2491,We Won't Grow Old Together,1972,Drama
8.0,5929,The New Land,1972,"Drama,Western"
6.7,2093,The Olsen Gang's Big Score,1972,"Comedy,Crime,Family"
6.6,8592,The Other Side of the Wind,2018,Drama
6.8,7878,The Other,1972,"Drama,Horror,Mystery"
8.6,11630,Pink Floyd: Live at Pompeii,1972,"Documentary,Music"
6.6,8332,All the Way Boys,1972,"Action,Adventure,Comedy"
7.6,29777,"Play It Again, Sam",1972,"Comedy,Romance"
7.1,54510,The Poseidon Adventure,1972,"Action,Adventure,Drama"
7.1,3609,Indian Summer,1972,"Drama,Romance"
6.7,6927,Prime Cut,1972,"Action,Crime,Drama"
7.3,14972,Roma,1972,"Comedy,Drama"
7.2,7352,The Ruling Class,1972,"Comedy,Drama,Musical"
6.9,1950,Savage Messiah,1972,"Biography,Drama"
7.5,2890,The Scopone Game,1972,"Comedy,Drama"
6.6,1606,Sitting Target,1972,"Action,Crime,Drama"
6.8,14926,Slaughterhouse-Five,1972,"Comedy,Drama,Sci-Fi"
7.9,53157,Sleuth,1972,"Mystery,Thriller"
7.3,5681,Snoopy Come Home,1972,"Adventure,Animation,Comedy"
7.9,104852,Solaris,1972,"Adventure,Drama,Mystery"
7.5,5372,Sounder,1972,"Drama,Family"
6.8,14775,Tales from the Crypt,1972,"Drama,Horror,Mystery"
6.9,1872,Themroc,1973,Comedy
6.6,5452,They're Coming to Get You!,1972,"Horror,Thriller"
7.4,1865,Tomorrow,1972,Drama
7.0,8437,Trafic,1971,Comedy
6.7,1820,Trouble Man,1972,"Action,Crime,Drama"
6.6,5415,Your Vice Is a Locked Room and Only I Have the Key,1972,"Drama,Horror,Mystery"
6.6,7627,Twins of Evil,1971,"Drama,Horror"
7.0,7270,Ulzana's Raid,1972,"Adventure,Drama,Western"
8.1,3296,Walter Defends Sarajevo,1972,"Action,Drama,War"
7.9,40107,Cries & Whispers,1972,Drama
6.9,1532,Wesele,1973,Drama
7.6,29500,"What's Up, Doc?",1972,"Comedy,Romance"
7.2,1943,Triple Irons,1971,"Action,Drama"
6.7,3350,Young Winston,1972,"Biography,Drama,War"
7.8,3293,Abhimaan,1973,"Drama,Musical"
7.8,15295,Alice in the Cities,1974,Drama
7.3,15668,"Watch Out, We're Mad",1974,"Action,Comedy"
7.4,106267,American Graffiti,1973,"Comedy,Drama"
7.9,1891,Distant Thunder,1973,History
7.4,16456,The Mad Adventures of Rabbi Jacob,1973,"Adventure,Comedy"
7.7,85151,Badlands,1973,"Action,Crime,Drama"
6.7,6860,Bang the Drum Slowly,1973,"Drama,Sport"
6.9,2192,Bobby,1973,"Comedy,Drama,Musical"
7.3,2236,Happy New Year,1973,"Comedy,Crime,Drama"
6.9,2668,The Boss,1973,"Action,Crime,Thriller"
7.0,6531,Breezy,1973,"Drama,Romance"
7.2,5371,"Brother Sun, Sister Moon",1972,"Biography,Drama,History"
7.5,16068,Charley Varrick,1973,"Crime,Drama,Thriller"
6.7,2671,Cinderella Liberty,1973,"Drama,Romance"
6.8,15063,Coffy,1973,"Action,Crime,Thriller"
7.8,53411,The Day of the Jackal,1973,"Crime,Drama,Thriller"
7.3,6058,Two Men in Town,1973,"Crime,Drama"
6.9,6595,Dillinger,1973,"Action,Biography,Crime"
7.1,69071,Don't Look Now,1973,"Drama,Horror,Mystery"
6.9,23032,Charlotte's Web,1973,"Adventure,Animation,Drama"
7.0,7216,Electra Glide in Blue,1973,"Comedy,Crime,Drama"
7.2,7813,Emperor of the North,1973,"Action,Adventure,Drama"
7.6,121188,Enter the Dragon,1973,"Action,Crime,Thriller"
7.7,22908,The Spirit of the Beehive,1973,"Drama,Fantasy"
6.7,3792,Executive Action,1973,"Crime,Drama,History"
8.1,502561,The Exorcist,1973,Horror
7.7,3938,Love & Anarchy,1973,"Comedy,Drama,Romance"
7.4,13878,The Friends of Eddie Coyle,1973,"Crime,Drama"
6.6,6120,From Beyond the Grave,1974,"Drama,Fantasy,Horror"
6.6,3899,Sex & Fury,1973,"Action,Crime,Drama"
7.7,1933,The Bride,1973,Drama
6.6,4112,Godspell,1973,"Comedy,Drama,Musical"
7.0,16160,The Big Feast,1973,"Comedy,Drama"
6.6,1546,The Burned Barns,1973,"Crime,Drama,Mystery"
7.5,3340,The Great Ecstasy of Woodcarver Steiner,1974,"Biography,Documentary,Sport"
6.8,7671,The Harder They Come,1972,"Crime,Drama,Music"
7.2,2104,The Iceman Cometh,1973,Drama
7.3,31165,My Name Is Nobody,1973,"Comedy,Western"
7.1,2150,The Illumination,1973,Drama
8.2,20604,Ivan Vasilyevich Changes His Profession,1973,"Adventure,Comedy,Sci-Fi"
7.4,32925,Jesus Christ Superstar,1973,"Drama,History,Musical"
7.7,2033,Jimi Hendrix,1973,"Biography,Documentary,Music"
7.3,1799,Proxy War,1973,"Action,Drama"
7.4,2230,Hiroshima Death Match,1973,"Action,Crime,Drama"
7.4,4858,Battles Without Honor and Humanity,1973,"Crime,Drama"
7.6,2316,The Red Snowball Tree,1974,Drama
7.5,31343,The Last Detail,1973,"Comedy,Drama"
7.2,10293,The Last of Sheila,1973,"Crime,Drama,Mystery"
6.6,15330,The Legend of Hell House,1973,Horror
6.7,125646,Live and Let Die,1973,"Action,Adventure,Thriller"
7.5,44666,The Long Goodbye,1973,"Comedy,Crime,Drama"
6.6,3618,The Mack,1973,"Crime,Drama"
7.1,7149,Le Magnifique,1973,"Action,Comedy,Fantasy"
7.2,72218,Magnum Force,1973,"Action,Crime,Mystery"
6.9,2899,Now Where Did the Seventh Company Get to?,1973,"Action,Comedy,War"
7.7,7790,The Mother and the Whore,1973,"Drama,Romance"
7.1,129202,Mean Streets,1973,"Crime,Drama,Thriller"
7.2,1960,Namak Haraam,1973,Drama
7.5,7001,Unbelievable Adventures of Italians in Russia,1974,"Adventure,Comedy,Crime"
6.9,2503,Wedding in Blood,1973,"Crime,Drama,Thriller"
8.0,26577,Day for Night,1973,"Comedy,Drama,Romance"
7.3,2944,New Mischief by Emil,1972,"Comedy,Drama,Family"
7.6,9327,O Lucky Man!,1973,"Comedy,Drama,Fantasy"
6.8,9187,The Offence,1973,"Crime,Drama,Thriller"
7.0,2378,The Olsen Gang Runs Amok,1973,"Comedy,Crime,Family"
7.4,2181,Bread and Chocolate,1974,"Comedy,Drama"
7.2,9409,The Paper Chase,1973,"Comedy,Drama"
8.1,58064,Paper Moon,1973,"Comedy,Crime,Drama"
8.0,146589,Papillon,1973,"Biography,Crime,Drama"
7.2,23416,Pat Garrett & Billy the Kid,1973,"Biography,Drama,Western"
6.7,4663,The Knock Out Cop,1973,"Action,Comedy,Crime"
7.6,43046,Fantastic Planet,1973,"Animation,Sci-Fi"
7.5,2835,Man - Woman Wanted,1973,Comedy
7.1,1532,Property Is No Longer a Theft,1973,"Comedy,Drama"
7.5,151399,Robin Hood,1973,"Adventure,Animation,Comedy"
7.4,6259,The Hourglass Sanatorium,1973,"Drama,Fantasy,Horror"
6.9,6168,Save the Tiger,1973,Drama
7.4,2064,Slap the Monster on Page One,1972,"Drama,Mystery,Thriller"
7.2,22223,Scarecrow,1973,Drama
7.7,146871,Serpico,1973,"Biography,Crime,Drama"
6.8,7716,The Seven-Ups,1973,"Action,Crime,Drama"
6.8,23717,Sisters,1972,"Horror,Mystery,Thriller"
7.1,45584,Sleeper,1973,"Comedy,Sci-Fi"
7.0,74666,Soylent Green,1973,"Crime,Mystery,Sci-Fi"
7.2,1939,The Spook Who Sat by the Door,1973,"Action,Crime,Drama"
6.7,1538,Steptoe and Son Ride Again,1973,"Comedy,Sport"
8.2,304552,The Sting,1973,"Comedy,Crime,Drama"
6.8,2022,The Battle of Sutjeska,1973,War
6.6,1534,That'll Be the Day,1973,"Drama,Music"
7.1,13817,Theater of Blood,1973,"Comedy,Drama,Horror"
7.1,4752,Five Fingers of Death,1972,"Action,Drama,Romance"
7.2,1578,A River Called Titas,1973,Drama
6.9,5085,Journey of the Hyena,1973,Drama
6.9,2001,The Last Train,1973,"Drama,Romance,War"
7.6,13718,Three Wishes for Cinderella,1973,"Adventure,Drama,Family"
7.1,12847,Turkish Delight,1973,"Drama,Romance"
6.8,63070,Last Tango in Paris,1972,"Drama,Romance"
8.2,6498,Only Old Men Are Going to Battle,1974,"Comedy,Drama,War"
6.6,7121,The Vault of Horror,1973,"Horror,Thriller"
6.9,7646,Walking Tall,1973,"Action,Biography,Crime"
7.0,31059,The Way We Were,1973,"Drama,Romance"
6.9,67978,Westworld,1973,"Action,Drama,Sci-Fi"
7.5,106070,The Wicker Man,1973,"Horror,Mystery,Thriller"
7.3,2326,Procession of Memories,1973,"Action,Drama,Musical"
7.5,4542,Zanjeer,1973,"Action,Crime,Drama"
7.7,6791,State of Siege,1972,"Crime,Drama,Mystery"
7.3,30405,Alice Doesn't Live Here Anymore,1974,"Drama,Romance"
7.8,51745,Amarcord,1973,"Comedy,Drama"
8.0,26206,Fear Eats the Soul,1974,"Drama,Romance"
8.2,4447,Beautiful People,1974,"Comedy,Documentary"
7.8,1852,Ankur,1974,Drama
6.7,2956,The Apprenticeship of Duddy Kravitz,1974,"Comedy,Drama"
7.0,1731,Friend,1974,Drama
7.3,9613,Belladonna of Sadness,1973,"Animation,Drama,Fantasy"
7.1,56676,Black Christmas,1974,"Horror,Mystery,Thriller"
7.7,166131,Blazing Saddles,1974,"Comedy,Western"
7.4,23513,Bring Me the Head of Alfredo Garcia,1974,"Action,Crime,Drama"
7.1,9415,California Split,1974,"Comedy,Drama"
7.4,5970,Rabid Dogs,1974,"Crime,Drama,Thriller"
8.1,378853,Chinatown,1974,"Drama,Mystery,Thriller"
6.8,2041,Street Law,1974,"Action,Crime,Thriller"
7.3,2927,Claudine,1974,"Comedy,Drama,Romance"
6.9,2900,Cockfighter,1974,Drama
7.3,2455,Conrack,1974,Drama
7.7,137030,The Conversation,1974,"Drama,Mystery,Thriller"
7.2,7162,Celine and Julie Go Boating,1974,"Comedy,Drama,Fantasy"
7.6,2318,Daguerreotypes,1975,Documentary
6.9,48586,Death Wish,1974,"Action,Crime,Drama"
7.7,2903,Pastoral: To Die in the Country,1974,"Drama,Fantasy"
8.2,36725,Dersu Uzala,1975,"Adventure,Biography,Drama"
6.6,8635,Dirty Mary Crazy Larry,1974,"Action,Crime,Thriller"
6.7,10627,Let Sleeping Corpses Lie,1974,"Drama,Horror,Sci-Fi"
6.9,1992,Dunderklumpen!,1974,"Adventure,Animation,Family"
6.9,3068,Effi Briest,1974,"Drama,History"
6.8,4620,Wrong Move,1975,Drama
7.8,8012,White Collar Blues,1975,Comedy
7.7,18624,The Phantom of Liberty,1974,Comedy
6.6,10049,Arabian Nights,1974,"Comedy,Drama,Fantasy"
6.6,1776,The Flying Guillotine,1975,"Action,Drama"
6.6,4073,Freebie and the Bean,1974,"Action,Comedy,Crime"
7.3,16702,The Front Page,1974,"Comedy,Drama,Romance"
7.1,7340,The Gambler,1974,"Crime,Drama"
7.3,2135,General Idi Amin Dada: A Self Portrait,1974,Documentary
9.0,1506938,The Godfather Part II,1974,"Crime,Drama"
6.8,12082,The Golden Voyage of Sinbad,1973,"Action,Adventure,Fantasy"
7.3,5861,Conversation Piece,1974,"Drama,Romance"
7.3,1513,The Mouth Agape,1974,Drama
7.3,6832,Harry and Tonto,1974,"Adventure,Comedy,Drama"
8.2,6655,Hearts and Minds,1974,"Documentary,History,War"
7.7,53051,The Holy Mountain,1973,"Adventure,Drama,Fantasy"
7.1,3171,The Clockmaker,1974,"Crime,Drama"
7.6,4382,Italianamerican,1974,Documentary
7.1,1557,Jacob the Liar,1974,"Comedy,Crime,Drama"
6.6,3970,"I, You, He, She",1974,Drama
7.6,20469,The Enigma of Kaspar Hauser,1974,"Biography,Drama,History"
7.3,4792,Lone Wolf and Cub: White Heaven in Hell,1974,"Action,Adventure,Drama"
7.3,1515,Police Tactics,1974,"Action,Crime,Drama"
6.6,7367,Juggernaut,1974,"Action,Drama,Thriller"
7.6,8482,"Lacombe, Lucien",1974,"Drama,War"
6.9,4745,Lancelot of the Lake,1974,"Drama,Fantasy,Romance"
7.5,19744,Lenny,1974,"Biography,Drama"
7.1,23432,The Longest Yard,1974,"Comedy,Crime,Drama"
7.0,3350,Mahler,1974,"Biography,Drama,Music"
6.7,122756,The Man with the Golden Gun,1974,"Action,Adventure,Thriller"
7.1,1821,My Little Loves,1974,Drama
7.1,3371,Almost Human,1974,"Crime,Drama,Thriller"
8.1,606321,Monty Python and the Holy Grail,1975,"Adventure,Comedy,Fantasy"
7.5,2611,The Traveler,1974,Drama
6.7,2316,Love at the Top,1974,"Comedy,Drama"
6.7,11561,Mr. Majestyk,1974,"Action,Crime,Drama"
7.2,75217,Murder on the Orient Express,1974,"Crime,Drama,Mystery"
7.5,2365,Nie ma mocnych,1974,Comedy
6.6,16625,The Night Porter,1974,Drama
7.0,13597,The Odessa File,1974,"Drama,Thriller"
7.1,2199,The Last Exploits of the Olsen Gang,1974,"Comedy,Crime,Family"
6.6,2949,Footprints on the Moon,1975,"Drama,Horror,Mystery"
7.0,6541,The Outfit,1973,"Crime,Drama,Thriller"
7.1,25005,The Parallax View,1974,"Drama,Mystery,Thriller"
7.3,26432,Phantom of the Paradise,1974,"Comedy,Drama,Fantasy"
6.9,3006,What Have They Done to Your Daughters?,1974,"Crime,Drama,Mystery"
7.7,3688,The Deluge,1974,"Adventure,Drama,History"
6.7,4305,The Prisoner of Second Avenue,1975,Comedy
7.5,5785,Scent of a Woman,1974,"Comedy,Drama"
7.0,1979,Let Joy Reign Supreme,1975,"Drama,History,War"
6.6,4513,The Return of the Tall Blond Man,1974,Comedy
7.0,32661,The Return of the Pink Panther,1975,"Comedy,Crime,Mystery"
8.3,3183,The Golden Fortress,1974,"Adventure,Family,Mystery"
6.7,22455,The Sugarland Express,1974,"Crime,Drama"
7.3,3943,"At Home Among Strangers, a Stranger Among His Own",1974,"Action,Adventure,Drama"
7.6,1565,Still Life,1974,Drama
7.6,41687,The Taking of Pelham One Two Three,1974,"Action,Crime,Thriller"
7.4,214702,The Texas Chain Saw Massacre,1974,Horror
7.8,5714,That's Entertainment!,1974,"Documentary,Family,Musical"
6.9,5772,Thieves Like Us,1974,"Crime,Drama,Romance"
7.1,20713,The Three Musketeers,1973,"Action,Adventure,Romance"
7.0,33385,Thunderbolt and Lightfoot,1974,"Action,Comedy,Crime"
7.0,53308,The Towering Inferno,1974,"Action,Drama,Thriller"
6.9,4316,Truck Turner,1974,"Action,Crime,Thriller"
6.6,3168,Uptown Saturday Night,1974,"Action,Comedy,Crime"
7.1,10835,Going Places,1974,"Action,Comedy,Crime"
7.3,2998,"Vincent, François, Paul and the Others",1974,Drama
6.9,4137,Where the Red Fern Grows,1974,"Drama,Family"
8.0,33833,A Woman Under the Influence,1974,"Drama,Romance"
8.0,181232,Young Frankenstein,1974,Comedy
7.9,58203,The Mirror,1975,"Biography,Drama"
7.8,4614,The Promised Land,1975,Drama
6.8,2152,The French Detective,1975,"Crime,Drama"
7.7,5749,Afonya,1975,"Comedy,Drama,Romance"
7.9,8772,My Friends,1975,"Comedy,Drama"
8.1,207271,Barry Lyndon,1975,"Adventure,Drama,War"
8.1,1871,The Battle of Chile: Part I,1975,"Documentary,History"
6.6,6583,Bite the Bullet,1975,"Action,Adventure,Drama"
6.7,10461,Breakheart Pass,1975,"Drama,Mystery,Western"
8.2,5024,Chhoti Si Baat,1976,"Comedy,Romance"
8.3,14068,Chupke Chupke,1975,"Comedy,Drama,Romance"
7.1,6272,Cooley High,1975,"Comedy,Drama,Romance"
6.7,1970,"Cousin, Cousine",1975,"Comedy,Romance"
6.9,7069,The Day of the Locust,1975,"Drama,Thriller"
8.0,13201,Deewaar,1975,"Action,Crime,Drama"
8.0,293529,Dog Day Afternoon,1975,"Biography,Crime,Drama"
7.7,21582,The Twelve Tasks of Asterix,1976,"Adventure,Animation,Comedy"
7.3,5208,Master of the Flying Guillotine,1976,"Action,Drama,Fantasy"
7.2,3135,Emil and the Piglet,1973,"Comedy,Family"
7.0,4092,A Pain in the Ass,1973,Comedy
7.7,19857,F for Fake,1973,Documentary
7.0,11059,"Farewell, My Lovely",1975,"Crime,Drama,Mystery"
7.5,7664,Fox and His Friends,1975,"Crime,Drama,Romance"
7.1,11866,Female Trouble,1974,"Comedy,Crime"
6.6,1607,Five Shaolin Masters,1974,"Action,Drama"
6.9,3509,Flic Story,1975,"Crime,Drama,Thriller"
8.5,15473,The Pinchcliffe Grand Prix,1975,"Animation,Comedy,Family"
6.9,12832,The Four Musketeers,1974,"Action,Adventure,Romance"
6.7,23329,French Connection II,1975,"Action,Crime,Drama"
8.0,1674,Halfon Hill Doesn't Answer,1976,Comedy
6.8,7664,The Great Waldo Pepper,1975,"Adventure,Drama"
7.5,17034,Grey Gardens,1975,"Comedy,Documentary,Drama"
7.2,14579,Hard Times,1975,"Crime,Drama,Sport"
7.0,2470,Hester Street,1975,"Drama,Romance"
7.4,2650,The Hiding Place,1975,"Biography,Drama,History"
7.2,9998,The Story of Adele H,1975,"Biography,Drama,History"
7.6,7317,Kings of the Road,1976,Drama
7.0,5343,That Most Important Thing: Love,1975,"Drama,Romance"
6.8,2673,Dirty Hands,1975,"Crime,Thriller"
8.1,746706,Jaws,1975,"Adventure,Drama,Horror"
7.5,17744,"Jeanne Dielman, 23, quai du Commerce, 1080 Bruxelles",1975,Drama
7.1,2188,Graveyard of Honor,1975,"Action,Crime"
7.3,2631,The Judge and the Assassin,1976,"Crime,Drama,History"
7.2,2646,Just Before Nightfall,1971,"Crime,Drama"
6.7,2951,Katie Tippel,1975,Drama
6.7,3632,Let's Do It Again,1975,"Action,Comedy,Crime"
7.6,44108,Love and Death,1975,"Comedy,War"
7.7,55811,The Man Who Would Be King,1975,"Adventure,Drama,War"
6.6,2205,The Man from Hong Kong,1975,"Action,Adventure,Crime"
7.0,1826,The Man in the Glass Booth,1975,"Drama,War"
7.8,3294,Manila in the Claws of Light,1975,"Drama,Mystery"
7.4,1563,Mili,1975,"Drama,Family,Musical"
7.5,2522,Mother Kusters Goes to Heaven,1975,Drama
7.6,31728,Nashville,1975,"Comedy,Drama,Music"
7.6,2623,It Can't Be!,1975,"Comedy,Drama,Musical"
7.1,21589,Night Moves,1975,"Crime,Drama,Mystery"
7.3,2409,The Olsen Gang on the Track,1975,"Comedy,Crime,Family"
8.6,1163505,One Flew Over the Cuckoo's Nest,1975,Drama
7.7,3656,They Fought for Their Country,1975,"Drama,War"
7.1,3781,Overlord,1975,"Drama,History,War"
6.9,4947,The Night Caller,1975,"Action,Crime,Drama"
7.3,46304,Picnic at Hanging Rock,1975,"Drama,Mystery"
7.4,29053,The Passenger,1975,"Drama,Thriller"
7.5,46608,Deep Red,1975,"Horror,Mystery,Thriller"
6.6,8358,Race with the Devil,1975,"Action,Drama,Horror"
6.7,1542,Report to the Commissioner,1975,"Action,Crime,Drama"
6.9,2568,Revolver,1973,"Crime,Drama,Thriller"
7.4,185139,The Rocky Horror Picture Show,1975,"Comedy,Horror,Musical"
6.8,14551,Rooster Cogburn,1975,"Adventure,Drama,Western"
7.6,1903,Special Section,1975,"Drama,History,Thriller"
8.1,63699,Sholay,1975,"Action,Adventure,Comedy"
7.1,2802,Smile,1975,Comedy
6.9,21924,The Stepford Wives,1975,"Horror,Mystery,Sci-Fi"
6.9,6222,The Street Fighter,1974,"Action,Crime,Thriller"
7.1,7357,The Sunshine Boys,1975,Comedy
7.3,2094,Queen of the Gypsies,1976,"Drama,Musical,Romance"
7.8,4887,The Travelling Players,1975,"Drama,History,Music"
7.4,69770,Three Days of the Condor,1975,"Crime,Mystery,Thriller"
6.6,24632,Tommy,1975,"Drama,Musical"
7.5,7559,Swept Away,1974,"Adventure,Comedy,Drama"
7.4,5803,The Magic Flute,1975,"Comedy,Fantasy,Music"
7.3,5343,The Lost Honor of Katharina Blum,1975,"Crime,Drama"
7.5,5929,The Old Gun,1975,"Drama,Thriller,War"
6.8,11200,The Wind and the Lion,1975,"Action,Adventure,Drama"
6.7,2208,Xala,1975,"Comedy,Drama"
7.2,11769,The Yakuza,1974,"Action,Crime,Drama"
7.2,1720,Adoption,1975,Drama
7.6,27957,1900,1976,"Drama,History"
6.6,25422,In the Realm of the Senses,1976,"Drama,Romance"
7.2,13849,The Wing or The Thigh?,1976,Comedy
7.9,138849,All the President's Men,1976,"Drama,History,Thriller"
7.4,3564,Allegro non troppo,1976,"Animation,Comedy,Fantasy"
7.5,6717,Face to Face,1976,"Drama,Fantasy"
7.6,6992,Small Change,1976,"Comedy,Drama"
7.3,61526,Assault on Precinct 13,1976,"Action,Crime,Thriller"
7.3,27767,The Bad News Bears,1976,"Comedy,Drama,Family"
6.8,2569,The Bingo Long Traveling All-Stars & Motor Kings,1976,"Comedy,Sport"
6.6,2405,The Scar,1976,Drama
7.2,6080,Bound for Glory,1976,"Biography,Drama,Music"
7.4,1833,Brunet Will Call,1976,"Comedy,Thriller"
7.7,9877,"Ugly, Dirty and Bad",1976,"Comedy,Drama"
6.8,21067,Bugsy Malone,1976,"Comedy,Crime,Family"
7.2,3192,Illustrious Corpses,1976,"Crime,Mystery,Thriller"
7.4,230296,Carrie,1976,Horror
7.0,7240,The House with Laughing Windows,1976,"Horror,Mystery,Thriller"
7.0,9625,Fellini's Casanova,1976,"Biography,Drama,History"
7.2,5106,Chinese Roulette,1976,"Drama,Thriller"
6.6,2820,Body of My Enemy,1976,"Crime,Drama,Mystery"
7.9,12502,Cría Cuervos,1976,Drama
7.5,3054,The Desert of the Tartars,1976,"Drama,History,War"
6.8,1701,Don's Party,1976,"Comedy,Drama"
6.6,1556,The Sunday Woman,1975,"Comedy,Crime,Mystery"
7.1,14337,Crime Busters,1977,"Action,Adventure,Comedy"
6.9,2043,Duelle,1976,"Drama,Fantasy,Mystery"
7.7,1782,Twenty Days Without War,1977,"Drama,Romance,War"
6.9,27512,The Eagle Has Landed,1976,"Adventure,Drama,Thriller"
6.7,53436,The Enforcer,1976,"Action,Crime,Thriller"
7.2,145083,Eraserhead,1977,"Fantasy,Horror"
6.8,27040,Family Plot,1976,"Comedy,Crime,Drama"
7.0,1583,Coup de Grâce,1976,"Drama,Romance,War"
7.2,2511,Horse Fever,1976,Comedy
7.3,10406,The Front,1976,Drama
7.8,3248,The Deer,1974,"Drama,Family"
7.1,1855,The Big Racket,1976,"Action,Crime,Drama"
8.2,7616,Harlan County U.S.A.,1976,Documentary
6.8,7382,Heart of Glass,1976,Drama
7.4,4895,The Innocent,1976,"Drama,Romance"
7.4,31803,Cross of Iron,1977,"Drama,War"
8.3,2006,The Middleman,1975,Drama
7.4,7339,The Toy,1976,"Comedy,Drama"
7.1,2737,Kabhi Kabhie,1976,"Drama,Romance"
7.0,6905,Keoma,1976,"Drama,Western"
7.2,16560,The Killing of a Chinese Bookie,1976,"Crime,Drama,Thriller"
6.6,2163,Lifeguard,1976,"Drama,Romance"
7.0,20298,The Little Girl Who Lives Down the Lane,1976,"Drama,Horror,Mystery"
7.5,51754,The Tenant,1976,"Drama,Thriller"
6.8,66178,Logan's Run,1976,"Action,Adventure,Sci-Fi"
6.6,31532,The Man Who Fell to Earth,1976,"Drama,Sci-Fi"
7.2,5790,Man on the Roof,1976,"Action,Crime,Drama"
7.4,76209,Marathon Man,1976,"Crime,Drama,Thriller"
8.1,2516,"Marecek, Pass Me the Pen!",1976,Comedy
7.0,3255,The Marquise of O,1976,"Drama,History"
7.1,1876,The Best Way to Walk,1976,"Drama,Romance"
8.1,54218,The Message,1976,"Biography,Drama,History"
6.8,23508,Midway,1976,"Action,Drama,History"
7.3,9541,Mikey and Nicky,1976,"Crime,Drama,Thriller"
7.5,10689,Mr. Klein,1976,"Crime,Drama,Mystery"
7.2,45979,Murder by Death,1976,"Comedy,Crime,Mystery"
7.6,1774,Na samote u lesa,1976,"Comedy,Drama,Family"
8.1,187020,Network,1976,Drama
7.0,2731,"Next Stop, Greenwich Village",1976,"Comedy,Drama"
6.7,1993,Black and White in Color,1976,"Comedy,Drama,War"
6.7,13573,Obsession,1976,"Drama,Mystery,Thriller"
6.6,2455,Ode to Billy Joe,1976,Drama
7.7,2725,The Olsen Gang Sees Red,1976,"Comedy,Crime,Family"
7.5,147307,The Omen,1976,"Horror,Mystery"
6.7,2142,The Seventh Company Has Been Found,1975,"Comedy,War"
6.7,1522,The Opening of Misty Beethoven,1976,"Adult,Comedy,Romance"
7.0,2619,Operation Daybreak,1975,"Drama,History,War"
7.8,87580,The Outlaw Josey Wales,1976,"Drama,Western"
7.7,7138,Seven Beauties,1975,"Comedy,Drama,War"
7.1,34678,The Pink Panther Strikes Again,1976,"Comedy,Crime"
6.9,2396,Police Python 357,1976,"Crime,Drama,Thriller"
7.3,1978,A Slave of Love,1976,"Comedy,Drama,Romance"
8.9,12094,The Message,1976,"Biography,Drama,History"
6.8,3042,The Ritz,1976,"Comedy,Crime"
8.1,698060,Rocky,1976,"Drama,Sport"
6.9,2018,The Tough Ones,1976,"Action,Crime,Drama"
6.7,2332,Satan's Brew,1976,"Comedy,Drama,Romance"
7.7,5102,Fantozzi 2,1976,Comedy
6.6,5695,The Seven-Per-Cent Solution,1976,"Adventure,Comedy,Crime"
6.8,1575,Shaolin Temple,1976,"Action,Drama"
7.6,29586,The Shootist,1976,"Drama,Romance,Western"
6.7,19815,Silent Movie,1976,Comedy
6.9,23647,Silver Streak,1976,"Action,Comedy,Crime"
6.9,3626,The Slipper and the Rose: The Story of Cinderella,1976,"Adventure,Family,Fantasy"
7.6,9715,The Song Remains the Same,1976,"Documentary,Music"
6.7,2068,Sparkle,1976,"Drama,Music"
7.7,16710,Stroszek,1977,"Comedy,Drama"
8.2,1037260,Taxi Driver,1976,"Crime,Drama"
7.3,2582,"That's Entertainment, Part II",1976,"Documentary,Family,Musical"
7.5,1935,Todo modo,1976,"Crime,Drama"
8.2,12520,The Ascent,1977,"Drama,War"
7.2,8977,Who Can Kill a Child?,1976,"Horror,Mystery,Thriller"
8.5,7372,The Fifth Seal,1976,"Drama,War"
7.7,20080,3 Women,1977,"Drama,Mystery,Thriller"
6.8,7750,The Psychic,1977,"Drama,Horror,Mystery"
6.6,3566,Aces High,1976,"Action,Drama,War"
7.4,2329,Adela Has Not Had Supper Yet,1978,"Comedy,Crime,Fantasy"
7.4,9067,Amar Akbar Anthony,1977,"Action,Comedy,Drama"
7.4,21452,The American Friend,1977,"Crime,Drama,Mystery"
6.9,1605,The Forbidden Room,1977,"Drama,Horror,Mystery"
7.9,292359,Annie Hall,1977,"Comedy,Romance"
7.3,1962,Camouflage,1977,"Comedy,Drama"
6.6,1743,Between the Lines,1977,"Comedy,Drama,Romance"
6.8,9951,Black Sunday,1977,"Adventure,Crime,Drama"
7.4,68379,A Bridge Too Far,1977,"Drama,History,War"
7.1,7622,The Brothers Lionheart,1977,"Family,Fantasy"
8.0,8986,We All Loved Each Other So Much,1974,"Comedy,Drama"
6.7,5476,Candleshoe,1977,"Adventure,Comedy,Drama"
7.8,27135,That Obscure Object of Desire,1977,"Comedy,Drama,Romance"
7.6,237833,Close Encounters of the Third Kind,1977,"Drama,Sci-Fi"
7.6,5359,Man of Marble,1977,Drama
7.4,3226,The Lacemaker,1977,"Drama,Romance"
7.0,6765,Desperate Living,1977,"Comedy,Crime,Fantasy"
7.0,5589,"The Devil, Probably",1977,Drama
7.0,1993,Peppermint Soda,1977,"Comedy,Drama,Romance"
8.0,2189,The Wishing Tree,1976,Drama
7.4,28782,The Duellists,1977,"Drama,War"
6.8,1592,A Simple Story,1978,"Drama,Romance"
6.9,1663,An Enemy of the People,1978,Drama
7.1,9320,Equus,1977,"Drama,Mystery"
7.3,2541,La escopeta nacional,1978,Comedy
8.1,18836,A Special Day,1977,Drama
7.4,17798,The Goodbye Girl,1977,"Comedy,Drama,Romance"
7.3,5209,The Con Artists,1976,"Comedy,Crime"
6.6,25989,High Anxiety,1977,"Comedy,Mystery,Thriller"
7.3,8207,The Man Who Loved Women,1977,"Comedy,Drama,Romance"
7.2,40224,House,1977,"Comedy,Horror"
6.9,2159,Executioners from Shaolin,1977,"Action,Drama"
7.7,2704,Iphigenia,1977,"Drama,Fantasy"
7.0,11459,Julia,1977,Drama
7.5,1512,The Year of the Hare,1977,"Comedy,Drama"
7.2,8744,Killer of Sheep,1978,Drama
8.7,18037,Who's Singin' Over There?,1980,"Adventure,Comedy,Drama"
6.9,12524,The Last Wave,1977,"Drama,Fantasy,Mystery"
6.8,3835,The Late Show,1977,"Comedy,Mystery,Thriller"
6.7,10058,Looking for Mr. Goodbar,1977,Drama
7.5,1885,The Place Without Limits,1978,Drama
7.8,1581,Rock'n Roll Wolf,1976,"Family,Fantasy,Musical"
7.1,1977,Madame Rosa,1977,"Comedy,Drama"
7.5,43226,The Many Adventures of Winnie the Pooh,1977,"Animation,Comedy,Family"
8.0,7875,Mimino,1977,"Comedy,Drama"
6.8,3141,Death of a Corrupt Man,1977,"Crime,Drama,Thriller"
7.7,4142,Unfinished Piece for the Player Piano,1977,Drama
6.6,23934,"New York, New York",1977,"Drama,Music,Musical"
7.3,3611,News from Home,1976,Documentary
6.8,1517,"Pardon Mon Affaire, Too!",1977,Comedy
6.6,11722,"Oh, God!",1977,"Comedy,Fantasy"
6.7,1920,The Olsen Gang Outta Sight,1977,"Comedy,Crime,Family"
7.2,4764,Padre Padrone,1977,"Biography,Drama"
7.4,3759,Providence,1977,Drama
7.3,26827,Pumping Iron,1977,"Documentary,Sport"
7.2,4312,"Race for Your Life, Charlie Brown",1977,"Adventure,Animation,Comedy"
6.7,4160,Raid on Entebbe,1976,"Action,Drama,History"
6.9,75903,The Rescuers,1977,"Adventure,Animation,Comedy"
6.6,1783,Mr. Robinson,1976,"Adventure,Comedy,Romance"
6.9,14734,Rolling Thunder,1977,"Crime,Drama,Thriller"
6.8,95531,Saturday Night Fever,1977,"Drama,Music"
6.6,6908,The Serpent's Egg,1977,"Drama,Mystery,Thriller"
7.5,4425,The Chess Players,1977,"Comedy,Drama,History"
7.0,1758,Short Eyes,1977,Drama
7.2,45571,Slap Shot,1977,"Comedy,Drama,Sport"
8.2,11792,Office Romance,1977,"Comedy,Drama,Romance"
7.0,63468,Smokey and the Bandit,1977,"Action,Adventure,Comedy"
7.6,13609,Soldier of Orange,1977,"Drama,Romance,Thriller"
7.7,37363,Sorcerer,1977,"Adventure,Drama,Thriller"
8.3,2229,Special Education,1977,Drama
7.0,126219,The Spy Who Loved Me,1977,"Action,Adventure,Thriller"
8.6,1582945,Star Wars: Episode IV - A New Hope,1977,"Action,Adventure,Fantasy"
7.0,1658,Storm Boy,1976,"Drama,Family"
7.3,116167,Suspiria,1977,Horror
6.7,1824,Sweeney!,1977,"Action,Crime,Drama"
6.8,5634,The Turning Point,1977,"Drama,Music,Romance"
6.7,4223,Twilight's Last Gleaming,1977,"Drama,Thriller"
6.9,2747,Pardon Mon Affaire,1976,"Comedy,Romance"
7.4,3262,"One Sings, the Other Doesn't",1977,"Drama,History"
7.0,5671,Empire of Passion,1978,"Drama,Horror,Romance"
7.8,9476,The Tree of Wooden Clogs,1978,"Drama,History"
7.2,2234,American Boy: A Profile of Steven Prince,1978,Documentary
6.8,3607,Hitch-Hike,1977,"Crime,Drama,Horror"
6.9,2468,Lucky Luke: Ballad of the Daltons,1978,"Animation,Comedy,Crime"
6.8,11833,Battlestar Galactica,1978,"Action,Adventure,Sci-Fi"
8.0,2700,White Bim Black Ear,1977,Drama
7.1,8131,Big Wednesday,1978,"Drama,Sport"
7.5,12266,Blue Collar,1978,"Crime,Drama"
7.0,34193,The Boys from Brazil,1978,"Drama,Mystery,Sci-Fi"
6.9,3909,The Boys in Company C,1978,"Drama,War"
6.7,8642,French Fried Vacation,1978,"Comedy,Romance"
7.3,10937,The Buddy Holly Story,1978,"Biography,Drama,Music"
7.2,13264,La Cage aux Folles,1978,Comedy
7.3,3485,Crippled Avengers,1978,"Action,Comedy,Drama"
6.8,27500,Capricorn One,1978,"Action,Adventure,Drama"
6.8,3546,The Green Room,1978,Drama
7.3,2845,The Chant of Jimmie Blacksmith,1978,"Biography,Crime,Drama"
7.5,2160,What Will You Do When You Catch Me?,1978,Comedy
6.9,23115,Coma,1978,"Drama,Mystery,Thriller"
7.3,16060,Coming Home,1978,"Drama,Romance,War"
7.2,1826,Family Nest,1979,Drama
7.8,137273,Dawn of the Dead,1978,"Horror,Thriller"
7.7,69710,Days of Heaven,1978,"Drama,Romance"
7.3,44961,Death on the Nile,1978,"Crime,Drama,Mystery"
8.1,388343,The Deer Hunter,1978,"Drama,War"
6.9,3002,Despair,1978,"Drama,History"
7.7,13565,Don,1978,"Action,Crime,Thriller"
6.9,4167,Dona Flor and Her Two Husbands,1976,"Comedy,Fantasy,Romance"
7.1,21886,The Driver,1978,"Action,Crime,Thriller"
7.0,2772,Ecce bombo,1978,"Comedy,Drama"
6.8,5957,Fedora,1978,"Drama,Romance"
6.7,3119,Fingers,1978,"Crime,Drama,Music"
7.0,8784,Five Deadly Venoms,1978,"Action,Drama,Fantasy"
6.8,19678,Foul Play,1978,"Comedy,Mystery,Thriller"
7.3,6684,Gates of Heaven,1978,Documentary
7.2,3685,Girlfriends,1978,"Comedy,Drama"
6.6,3591,Go Tell the Spartans,1978,"Drama,War"
7.2,328717,Grease,1978,"Comedy,Musical,Romance"
7.7,341660,Halloween,1978,"Horror,Thriller"
7.0,2138,Last Hurrah for Chivalry,1979,"Action,Drama"
6.9,25874,Heaven Can Wait,1978,"Comedy,Fantasy,Romance"
6.6,2161,House Calls,1978,"Comedy,Drama,Romance"
8.1,42964,Autumn Sonata,1978,"Drama,Music"
6.9,6329,I Wanna Hold Your Hand,1978,"Comedy,Music,Romance"
6.6,4506,Ice Castles,1978,"Drama,Romance,Sport"
7.3,5208,In a Year with 13 Moons,1978,Drama
7.5,2425,Insiang,1976,Drama
7.2,22593,Interiors,1978,Drama
7.4,82957,Invasion of the Body Snatchers,1978,"Horror,Sci-Fi"
7.3,2300,Alexandria... Why?,1979,Drama
7.9,2636,The Elephant God,1979,"Adventure,Crime,Family"
7.0,1963,Love or Leave,1977,Comedy
8.1,22318,The Last Waltz,1978,"Biography,Documentary,Music"
6.7,6732,They Called Him Bulldozer,1978,"Action,Comedy,Sport"
7.4,2011,Lude godine,1977,"Comedy,Drama,Romance"
6.8,15741,Magic,1978,"Drama,Horror"
6.9,14173,Martin,1977,"Drama,Horror"
6.9,8517,The Medusa Touch,1978,"Drama,Horror,Mystery"
7.5,95383,Midnight Express,1978,"Biography,Crime,Drama"
6.8,2052,Mission Galactica: The Cylon Attack,1979,"Action,Adventure,Sci-Fi"
7.4,136519,National Lampoon's Animal House,1978,Comedy
7.0,2466,Viva Italia!,1977,Comedy
7.0,2003,The Olsen Gang Goes to War,1978,"Comedy,Crime,Family"
7.4,2565,Beauty and the Beast,1978,"Fantasy,Horror,Mystery"
7.1,11265,Odds and Evens,1978,"Action,Comedy,Crime"
6.9,1720,Perceval le Gallois,1978,"Drama,Music,Romance"
7.3,4260,The Adventures of Picasso,1978,"Biography,Comedy"
6.9,4761,Get Out Your Handkerchiefs,1978,"Comedy,Drama,Romance"
7.3,2701,Meetings with Anna,1978,Drama
6.6,25216,Revenge of the Pink Panther,1978,"Comedy,Crime,Mystery"
6.9,1991,Lupin the 3rd: The Mystery of Mamo,1978,"Action,Adventure,Animation"
7.2,7524,"Same Time, Next Year",1978,"Comedy,Drama,Romance"
6.9,2392,Seeta Aur Geeta,1972,"Adventure,Comedy,Drama"
7.6,20645,The 36th Chamber of Shaolin,1978,"Action,Adventure,Drama"
7.3,14249,Snake in the Eagle's Shadow,1978,"Action,Comedy"
7.4,9346,The Silent Partner,1978,"Comedy,Crime,Drama"
8.1,2365,Desiderium,1978,"Drama,Romance"
7.4,11456,Straight Time,1978,"Crime,Drama"
7.4,208250,Superman,1978,"Action,Adventure,Sci-Fi"
8.1,5746,The Herd,1978,Drama
6.6,3205,The Thirty Nine Steps,1978,"Crime,Drama,Mystery"
7.6,2821,Trishul,1978,"Action,Drama,Musical"
7.2,6954,An Unmarried Woman,1978,"Comedy,Drama,Romance"
6.9,43822,Up in Smoke,1978,"Comedy,Music"
7.1,2793,Violette,1978,"Crime,Drama,Thriller"
7.5,43738,Watership Down,1978,"Adventure,Animation,Drama"
7.0,4209,A Wedding,1978,"Comedy,Drama"
6.6,3873,Who'll Stop the Rain,1978,"Action,Crime,Drama"
6.8,15865,The Wild Geese,1978,"Action,Adventure,Drama"
7.1,1885,Yagyu Clan Conspiracy,1978,"Action,Adventure,Drama"
7.2,1748,Warriors Two,1978,"Action,Comedy,Drama"
7.4,46315,And Justice for All,1979,"Crime,Drama,Thriller"
8.4,1072663,Alien,1979,"Horror,Sci-Fi"
7.8,41042,All That Jazz,1979,"Drama,Music,Musical"
7.8,9214,Camera Buff,1979,"Comedy,Drama,Romance"
7.0,8288,Love on the Run,1979,"Comedy,Drama,Romance"
6.8,2539,Animalympics,1980,"Animation,Comedy,Family"
8.4,775533,Apocalypse Now,1979,"Drama,Mystery,War"
6.8,4013,Rapture,1979,"Drama,Fantasy,Horror"
6.6,5812,The Miser,1980,Comedy
7.9,82374,Being There,1979,"Comedy,Drama"
7.4,15470,The Black Stallion,1979,"Adventure,Family,Sport"
7.4,28071,The Tin Drum,1979,"Drama,War"
7.7,27769,Breaking Away,1979,"Comedy,Drama,Sport"
7.4,10279,French Fried Vacation 2,1979,Comedy
6.8,38401,The Brood,1979,"Horror,Sci-Fi"
7.2,7203,Buffet Froid,1979,"Comedy,Crime,Drama"
7.3,4813,The Bugs Bunny/Road-Runner Movie,1979,"Animation,Comedy,Family"
6.8,9959,The Champ,1979,"Drama,Sport"
7.4,36092,The China Syndrome,1979,"Drama,Thriller"
7.2,2656,Hothead,1979,"Comedy,Drama,Sport"
7.7,4954,Christ Stopped at Eboli,1979,Drama
7.4,2142,Que Viva Mexico,1979,"Documentary,Drama,Western"
6.7,3107,The Third Generation,1979,"Crime,Drama"
6.6,2146,"You're Out of Your Mind, Maggie",1979,"Comedy,Drama,Family"
7.7,16363,The Marriage of Maria Braun,1979,"Drama,Romance"
7.5,165932,Escape from Alcatraz,1979,"Biography,Crime,Drama"
7.6,8146,Vengeance Is Mine,1979,"Crime,Drama"
8.0,4881,The Garage,1980,"Comedy,Drama"
7.1,4556,Going in Style,1979,"Comedy,Crime,Drama"
8.5,22228,Gol Maal,1979,"Comedy,Romance"
7.2,7978,The Great Santini,1979,Drama
6.9,22008,The Great Train Robbery,1978,"Adventure,Crime,Drama"
7.5,44568,Hair,1979,"Comedy,Drama,Musical"
7.1,17081,Hardcore,1979,"Crime,Drama"
7.0,2293,Chilly Scenes of Winter,1979,"Comedy,Drama,Romance"
6.6,6175,The Fearless Hyena,1979,"Action,Comedy"
7.8,5167,I... For Icarus,1979,"Crime,Drama,Mystery"
7.3,11176,The In-Laws,1979,"Action,Adventure,Comedy"
6.6,10351,I'm for the Hippopotamus,1979,"Action,Adventure,Comedy"
7.1,69199,The Jerk,1979,Comedy
7.2,3095,The Jesus Film,1979,"Biography,Drama,Family"
7.0,2009,The Kid with the Golden Arm,1979,"Action,Drama"
7.6,3191,Kaala Patthar,1979,"Action,Drama,History"
8.0,4160,The Kids Are Alright,1979,"Documentary,Music"
7.8,167522,Kramer vs. Kramer,1979,Drama
7.1,1870,Dirty Ho,1979,"Action,Comedy,Drama"
8.0,435266,Monty Python's Life of Brian,1979,Comedy
7.2,2901,The Magnificent Butcher,1979,"Action,Comedy,Drama"
7.4,7182,A Little Romance,1979,"Adventure,Comedy,Drama"
6.8,246360,Mad Max,1979,"Action,Adventure,Sci-Fi"
7.8,153311,Manhattan,1979,"Comedy,Drama,Romance"
8.0,15932,Moscow Does Not Believe in Tears,1980,"Comedy,Drama,Romance"
7.6,42980,The Muppet Movie,1979,"Adventure,Comedy,Family"
7.4,3369,Muqaddar Ka Sikandar,1978,"Drama,Romance"
6.8,7857,Murder by Decree,1979,"Crime,Mystery,Thriller"
7.1,5479,My Brilliant Career,1979,"Biography,Drama,Romance"
8.4,4617,National Class Category Up to 785 Ccm,1979,"Comedy,Drama,Sport"
8.3,4210,Uncle Marin: The Billionaire,1979,Comedy
7.6,2787,A Few Days from the Life of I.I. Oblomov,1980,"Comedy,Drama,History"
7.3,14159,Norma Rae,1979,Drama
6.7,1523,The North Avenue Irregulars,1979,"Action,Comedy,Crime"
6.9,6504,North Dallas Forty,1979,"Comedy,Drama,Sport"
7.3,49726,Nosferatu the Vampyre,1979,"Drama,Horror"
6.8,1981,The Olsen Gang Never Surrenders,1979,"Comedy,Crime,Family"
6.8,6277,The Onion Field,1979,"Crime,Drama"
7.8,14222,Opening Night,1977,Drama
7.8,4151,Autumn Marathon,1979,"Comedy,Drama,Romance"
7.2,9397,Over the Edge,1979,"Crime,Drama"
7.3,1658,The Maids of Wilko,1979,"Drama,Romance"
6.6,45300,Phantasm,1979,"Horror,Sci-Fi"
7.2,3701,Porridge,1979,"Comedy,Crime"
7.1,5549,Orchestra Rehearsal,1978,"Comedy,Drama,Music"
7.5,1568,Five Evenings,1979,"Drama,Romance"
7.2,22733,Quadrophenia,1979,"Drama,Music"
7.0,4726,Real Life,1979,Comedy
8.0,6249,Richard Pryor: Live in Concert,1979,"Comedy,Documentary"
6.6,12330,Rock 'n' Roll High School,1979,"Comedy,Music"
7.4,2423,Rockers,1978,"Comedy,Drama,Music"
7.3,252992,Rocky II,1979,"Drama,Sport"
7.7,6135,The King and the Mockingbird,1980,"Animation,Family,Fantasy"
7.0,9902,The Rose,1979,"Drama,Music,Romance"
7.6,36166,Lupin III: The Castle of Cagliostro,1979,"Adventure,Animation,Comedy"
7.2,3168,Fun Is Beautiful,1980,Comedy
7.0,3345,Saint Jack,1979,Drama
7.5,14694,Scum,1979,"Crime,Drama"
7.4,1508,Legend of the Mountain,1979,"Fantasy,Horror,Mystery"
8.8,2752,Sankarabharanam,1980,"Drama,Music,Romance"
6.8,5150,Shaolin Temple,1982,"Action,Comedy,Drama"
7.9,2524,Siberiade,1979,"Drama,History,Romance"
8.0,157383,Stalker,1979,"Drama,Sci-Fi"
7.3,3946,Serie Noire,1979,"Crime,Drama"
7.2,1579,The Secret Life of Nikola Tesla,1980,"Biography,Drama"
7.3,20061,Tess,1979,"Drama,Romance"
7.0,21476,Time After Time,1979,"Adventure,Drama,Sci-Fi"
6.8,6791,Tom Horn,1980,"Biography,Crime,Drama"
6.8,33609,Zombie,1979,Horror
7.3,13571,The Wanderers,1979,"Crime,Drama,Romance"
7.5,120502,The Warriors,1979,"Action,Crime,Thriller"
6.9,7121,Wise Blood,1979,"Comedy,Drama"
6.9,11555,Woyzeck,1979,Drama
7.2,1738,Knockabout,1979,"Action,Comedy,Drama"
7.5,3138,Heroes of the East,1978,"Action,Comedy"
7.4,48186,Drunken Master,1978,"Action,Comedy"
6.7,8403,Zulu Dawn,1979,"Action,Adventure,Drama"
7.8,15534,Breaker Morant,1980,"Drama,History,War"
6.9,43787,9 to 5,1980,Comedy
7.7,291253,Airplane!,1980,Comedy
7.6,3119,In Search of Famine,1981,Drama
6.9,42882,Altered States,1980,"Horror,Sci-Fi,Thriller"
7.3,19843,Atlantic City,1980,"Crime,Drama,Romance"
7.2,5258,From the Life of the Marionettes,1980,Drama
7.3,2279,Babylon,1980,Drama
6.9,10435,Bad Timing,1980,"Drama,Mystery,Thriller"
7.1,23014,The Big Red One,1980,"Drama,War"
7.6,11643,The Taming of the Scoundrel,1980,"Comedy,Romance"
7.9,231052,The Blues Brothers,1980,"Adventure,Comedy,Crime"
7.1,3893,"Bon Voyage, Charlie Brown (and Don't Come Back!!)",1980,"Adventure,Animation,Comedy"
6.8,1788,Breaking Glass,1980,"Drama,Musical"
7.2,21605,Brubaker,1980,"Crime,Drama"
6.8,2243,Bullet Train,1975,"Action,Crime,Drama"
7.4,2410,Bye Bye Brazil,1980,Drama
7.2,134088,Caddyshack,1980,"Comedy,Sport"
7.1,44939,The Changeling,1980,"Horror,Mystery"
6.9,8909,City of Women,1980,"Comedy,Drama,Fantasy"
7.5,22410,Coal Miner's Daughter,1980,"Biography,Drama,Music"
6.6,3088,The Competition,1980,"Drama,Music,Romance"
6.6,3711,The Umbrella Coup,1980,"Adventure,Comedy,Crime"
7.3,17004,The Last Metro,1980,"Drama,Romance,War"
7.3,1667,Doslo doba da se ljubav proba,1980,"Comedy,Romance"
7.0,55988,Dressed to Kill,1980,"Crime,Drama,Mystery"
7.1,4533,You Are Not Alone,1978,"Drama,Romance"
6.8,2018,The Earthling,1980,"Adventure,Drama"
8.2,283398,The Elephant Man,1980,"Biography,Drama"
8.7,1517801,Star Wars: Episode V - The Empire Strikes Back,1980,"Adventure,Fantasy,Sci-Fi"
7.1,1837,The Falls,1980,"Comedy,Sci-Fi"
6.6,26603,Fame,1980,"Drama,Music,Musical"
7.1,3749,Fantozzi Against the Wind,1980,Comedy
7.4,5881,The Aviator's Wife,1981,"Comedy,Romance"
6.7,30280,The Final Countdown,1980,"Action,Adventure,Sci-Fi"
6.8,92481,The Fog,1980,"Horror,Thriller"
7.4,2667,Galaxy Express 999,1979,"Action,Adventure,Animation"
7.1,13306,Gloria,1980,"Crime,Drama,Thriller"
7.3,63472,The Gods Must Be Crazy,1980,"Adventure,Comedy"
6.6,1503,Golem,1980,Sci-Fi
7.0,3272,Encounter of the Spooky Kind,1980,"Action,Comedy,Fantasy"
6.7,19288,Heaven's Gate,1980,"Adventure,Drama,Western"
8.8,3444,The Kingdom of Diamonds,1980,"Comedy,Drama,Family"
7.1,10151,Hopscotch,1980,"Adventure,Comedy"
7.1,2625,Fists of the White Lotus,1980,"Action,Drama"
6.9,1677,The Idolmaker,1980,"Biography,Drama,Music"
7.0,2654,Inside Moves,1980,"Comedy,Drama,Romance"
7.9,41244,Kagemusha: The Shadow Warrior,1980,"Drama,History,War"
6.6,1742,Lightning Over Water,1980,Documentary
8.2,18985,Lion of the Desert,1980,"Biography,Drama,History"
7.5,30051,The Long Good Friday,1980,"Crime,Drama,Mystery"
6.9,14855,The Long Riders,1980,"Biography,Crime,Drama"
6.6,4052,Loulou,1980,"Drama,Romance"
8.1,1890,All That Jack's,1980,"Comedy,Drama"
6.7,2593,McVicar,1980,"Crime,Drama"
6.8,5800,Melvin and Howard,1980,"Comedy,Drama"
7.6,7405,My American Uncle,1980,"Comedy,Drama,Romance"
7.1,11786,My Bodyguard,1980,"Comedy,Drama,Family"
6.9,2339,Night of the Juggler,1980,"Action,Crime,Drama"
6.7,10213,The Ninth Configuration,1980,"Comedy,Drama,Horror"
7.7,62421,Ordinary People,1980,Drama
7.2,4996,Out of the Blue,1980,Drama
7.4,1920,A Pogány Madonna,1981,"Comedy,Crime"
7.5,2987,Cutting it Short,1981,Comedy
8.1,412740,Raging Bull,1980,"Biography,Drama,Sport"
7.1,3744,Resurrection,1980,"Drama,Fantasy"
7.0,2386,Return of the Secaucus Seven,1979,Drama
7.4,3357,I'm Starting from Three,1981,Comedy
6.7,68208,Scanners,1981,"Horror,Sci-Fi,Thriller"
6.7,11998,Seems Like Old Times,1980,"Comedy,Romance"
7.0,3410,Shaan,1980,"Action,Adventure,Comedy"
6.9,4644,Return to the 36th Chamber,1980,"Action,Comedy"
7.0,9291,The Young Master,1980,"Action,Adventure,Comedy"
8.4,1238062,The Shining,1980,"Drama,Horror"
7.3,12117,Shogun Assassin,1980,"Action,Adventure"
7.2,36825,Somewhere in Time,1980,"Drama,Fantasy,Romance"
6.7,6420,Spetters,1980,"Drama,Romance,Sport"
7.2,25347,Stardust Memories,1980,"Comedy,Drama"
6.7,32849,Stir Crazy,1980,"Comedy,Crime"
6.9,11768,The Stunt Man,1980,"Action,Comedy,Drama"
6.8,124481,Superman II,1980,"Action,Adventure,Sci-Fi"
7.2,10016,The Charter Trip,1980,Comedy
6.9,2174,Taboo,1980,"Adult,Drama"
6.6,2004,Taxi to the Toilet,1980,"Comedy,Drama,Romance"
7.1,2203,The Terrace,1980,"Comedy,Drama"
6.9,74688,Time Bandits,1981,"Adventure,Comedy,Fantasy"
6.6,2418,Times Square,1980,"Drama,Music"
6.9,1660,Zigeunerweisen,1980,"Horror,Mystery"
7.4,1692,A Bad Son,1980,Drama
6.7,18780,Used Cars,1980,Comedy
7.9,2491,"Run, Waiter, Run!",1981,Comedy
6.9,2270,The Wizard of Speed and Time,1988,"Biography,Comedy,Musical"
6.9,16700,Absence of Malice,1981,"Drama,Romance,Thriller"
7.0,1845,Rasputin,1981,"Biography,Drama,History"
7.2,6214,American Pop,1981,"Animation,Drama,History"
7.5,135779,An American Werewolf in London,1981,"Comedy,Horror"
6.9,33914,Arthur,1981,"Comedy,Romance"
6.9,4224,A Good Marriage,1982,"Comedy,Drama,Romance"
6.9,4381,Stepfather,1981,"Comedy,Drama,Romance"
7.4,4757,"Bianco, rosso e Verdone",1981,Comedy
7.3,3019,Marianne & Juliane,1981,Drama
7.4,77370,Blow Out,1981,"Crime,Drama,Mystery"
7.4,2202,Blood Wedding,1981,"Drama,Music,Romance"
7.4,44575,Body Heat,1981,"Crime,Drama,Romance"
8.3,289750,Das Boot,1981,"Drama,War"
6.7,11992,The Party,1980,"Comedy,Drama,Romance"
7.1,71454,Chariots of Fire,1981,"Biography,Drama,Sport"
7.9,2896,Chashme Buddoor,1981,"Comedy,Family,Romance"
6.9,2394,Choice of Arms,1981,"Crime,Drama"
7.2,2665,The Chosen,1981,Drama
7.5,35680,Christiane F.,1981,"Biography,Drama"
7.3,12072,La Chèvre,1981,"Adventure,Comedy,Crime"
6.9,51876,Clash of the Titans,1981,"Action,Adventure,Fantasy"
6.9,175054,Conan the Barbarian,1982,"Adventure,Fantasy"
7.3,7330,Coup de torchon,1981,"Comedy,Crime,Drama"
7.4,2177,El crack,1981,"Crime,Drama,Mystery"
6.8,9047,Cutter's Way,1981,"Crime,Drama,Mystery"
7.3,4247,Man of Iron,1981,"Drama,History"
6.9,9152,Death Hunt,1981,"Action,Adventure,Crime"
7.5,5791,The Decline of Western Civilization,1981,"Documentary,History,Music"
7.0,2111,"Deprisa, Deprisa",1981,"Crime,Drama,Romance"
7.1,15430,Diva,1981,"Crime,Drama,Music"
6.9,1516,Documenteur,1981,Drama
6.6,20813,Dragonslayer,1981,"Action,Adventure,Fantasy"
7.5,4838,Ek Duuje Ke Liye,1981,"Drama,Musical,Romance"
8.2,2292,They Don't Wear Black Tie,1981,Drama
6.7,20593,The Entity,1982,"Drama,Horror"
7.1,174664,Escape from New York,1981,"Action,Adventure,Sci-Fi"
7.3,74396,Excalibur,1981,"Adventure,Drama,Fantasy"
7.1,14217,Eye of the Needle,1981,"Romance,Thriller,War"
6.6,2319,The Fan,1982,"Drama,Horror,Music"
7.2,9639,The Woman Next Door,1981,"Drama,Romance"
6.7,117277,For Your Eyes Only,1981,"Action,Adventure,Thriller"
6.7,7858,Fort Apache the Bronx,1981,"Crime,Drama"
7.0,2154,Four Friends,1981,"Comedy,Drama"
6.8,7916,The Four Seasons,1981,"Comedy,Drama"
7.2,111323,The Fox and the Hound,1981,"Adventure,Animation,Drama"
6.7,2055,Fracchia la belva umana,1981,"Comedy,Crime"
6.9,16917,The French Lieutenant's Woman,1981,"Drama,Romance"
7.4,44923,Gallipoli,1981,"Adventure,Drama,History"
7.6,6521,The Grilling,1981,"Crime,Drama,Mystery"
7.1,18510,The Great Muppet Caper,1981,"Adventure,Comedy,Crime"
7.1,10132,Gregory's Girl,1980,"Comedy,Drama,Romance"
7.3,26646,Quest for Fire,1981,"Adventure,Drama"
7.2,1504,Heartland,1979,"Drama,Western"
6.6,42020,Heavy Metal,1981,"Adventure,Animation,Fantasy"
6.8,59445,History of the World: Part I,1981,"Comedy,History,Musical"
6.9,5138,Madly in Love,1981,"Comedy,Romance"
6.7,1937,Kaalia,1981,"Action,Drama"
7.2,2045,Tree of Knowledge,1981,Drama
6.7,3508,"Ladies and Gentlemen, the Fabulous Stains",1982,"Comedy,Drama,Music"
7.0,2696,Laawaris,1981,"Action,Drama,Musical"
7.1,4766,Lili Marleen,1981,"Drama,Music,Romance"
7.1,1614,"Ljubi, ljubi, al' glavu ne gubi",1981,"Comedy,Romance"
7.4,7479,Lola,1981,"Drama,Romance"
7.1,2887,"The Looney, Looney, Looney Bugs Bunny Movie",1981,"Animation,Comedy,Crime"
7.6,214542,The Road Warrior,1981,"Action,Adventure,Sci-Fi"
6.6,1506,Samurai Reincarnation,1981,"Action,Fantasy,Horror"
7.7,4285,The Marquis of Grillo,1981,"Comedy,History"
7.5,1778,Time Stands Still,1982,"Comedy,Drama"
7.7,12659,Mephisto,1981,Drama
8.2,7241,Teddy Bear,1981,Comedy
7.0,5362,Modern Romance,1981,"Comedy,Romance"
6.7,20237,Mommie Dearest,1981,"Biography,Drama"
6.8,15367,Ms .45,1981,"Crime,Drama,Thriller"
7.6,31037,My Dinner with Andre,1981,"Comedy,Drama"
7.1,2222,Naseeb,1981,"Action,Musical,Romance"
6.9,1946,The Olsen Gang Long Gone,1981,"Comedy,Crime,Family"
6.8,1794,Olsen-bandens flugt - over plankeværket,1981,"Comedy,Crime,Family"
7.6,37979,On Golden Pond,1981,Drama
6.6,35856,Outland,1981,"Action,Crime,Sci-Fi"
6.6,1513,The Skin,1981,"Drama,War"
7.9,11027,Pixote,1980,"Crime,Drama"
7.0,10230,Polyester,1981,Comedy
6.7,1535,Le Pont du Nord,1981,"Adventure,Crime,Drama"
7.2,59521,Possession,1981,"Drama,Horror"
6.6,28038,The Postman Always Rings Twice,1981,"Crime,Drama,Romance"
7.4,10751,Prince of the City,1981,"Crime,Drama"
7.4,19405,The Professional,1981,"Action,Crime,Drama"
6.8,2105,Raggedy Man,1981,Drama
7.3,11646,Ragtime,1981,Drama
8.4,1117516,Raiders of the Lost Ark,1981,Adventure
6.8,2790,Rasmus and the Vagabond,1981,"Adventure,Drama,Family"
7.3,26987,Reds,1981,"Biography,Drama,History"
6.6,11098,Road Games,1981,"Mystery,Thriller"
7.3,1818,Family Relations,1982,"Comedy,Drama"
7.0,1872,Gauche the Cellist,1982,"Animation,Fantasy,Music"
7.1,3566,Silsila,1981,"Drama,Family,Romance"
7.5,7374,Do You Remember Dolly Bell?,1981,"Comedy,Drama,Romance"
7.1,23612,Southern Comfort,1981,"Action,Thriller"
6.8,86624,Stripes,1981,"Comedy,War"
7.1,1747,The Mysterious Castle in the Carpathians,1981,"Adventure,Comedy,Fantasy"
6.8,22128,Taps,1981,Drama
7.4,51027,Thief,1981,"Action,Crime,Drama"
7.6,1784,This Is Elvis,1981,"Biography,Documentary,Music"
7.8,1598,Time for Revenge,1981,"Drama,Thriller"
7.0,1960,Three Brothers,1981,Drama
7.3,3063,Bolero,1981,"Drama,Music"
7.8,5639,Vabank,1981,"Comedy,Crime"
8.1,3408,Variola Vera,1982,"Drama,History,Horror"
7.0,3951,"Vernon, Florida",1981,Documentary
6.7,36187,Victory,1981,"Drama,Sport,War"
7.3,3747,Whose Life Is It Anyway?,1981,"Comedy,Drama"
6.9,2154,Yaarana,1981,"Action,Comedy,Drama"
6.7,1533,Zoot Suit,1981,"Drama,Musical"
6.9,94088,48 Hrs.,1982,"Action,Comedy,Crime"
7.6,3630,All My Friends Part 2,1982,"Comedy,Drama"
6.6,53923,Annie,1982,"Comedy,Drama,Family"
7.8,1722,Arth,1982,"Drama,Romance"
6.6,4731,Ace of Aces,1982,"Adventure,Comedy,Sport"
7.6,4881,The Atomic Cafe,1982,"Documentary,History"
8.1,3828,Bill Cosby: Himself,1983,"Comedy,Documentary"
8.1,887843,Blade Runner,1982,"Action,Drama,Sci-Fi"
6.9,3038,Talcum Powder,1982,Comedy
7.0,2439,Bugs Bunny's 3rd Movie: 1001 Rabbit Tales,1982,"Adventure,Animation,Comedy"
7.9,9238,Burden of Dreams,1982,Documentary
6.6,4383,Cannery Row,1982,"Drama,Romance"
7.1,2138,Chan Is Missing,1982,"Drama,Mystery"
7.1,5829,"Come Back to the 5 & Dime Jimmy Dean, Jimmy Dean",1982,"Comedy,Drama"
6.8,58115,Creepshow,1982,"Comedy,Fantasy,Horror"
7.4,8490,Danton,1983,"Biography,Drama,History"
7.1,77696,The Dark Crystal,1982,"Adventure,Family,Fantasy"
6.8,25971,Dead Men Don't Wear Plaid,1982,"Comedy,Crime,Mystery"
7.0,18052,Deathtrap,1982,"Comedy,Crime,Drama"
7.0,23745,Diner,1982,"Comedy,Drama"
7.2,12071,The Draughtsman's Contract,1982,"Comedy,Drama,Mystery"
7.8,1578,Dögkeselyü,1982,"Action,Crime,Drama"
7.9,475161,E.T. the Extra-Terrestrial,1982,"Adventure,Family,Sci-Fi"
6.8,10025,Eating Raoul,1982,"Comedy,Crime"
7.5,4161,The Simple-Minded Murderer,1982,Drama
7.3,255664,The Evil Dead,1981,Horror
7.1,24261,Evil Under the Sun,1982,"Crime,Drama,Mystery"
8.1,71712,Fanny and Alexander,1982,Drama
7.1,125936,Fast Times at Ridgemont High,1982,"Comedy,Drama"
7.8,3938,Son of the White Mare,1981,"Adventure,Animation,Drama"
7.7,304285,First Blood,1982,"Action,Adventure,Thriller"
7.9,43485,Fitzcarraldo,1982,"Adventure,Drama,Music"
7.2,9448,Frances,1982,"Biography,Drama,Romance"
8.0,246727,Gandhi,1982,"Biography,Drama,History"
7.4,1812,A Season in Hakkari,1983,Drama
6.6,10330,Honkytonk Man,1982,"Comedy,Drama,Music"
6.6,3598,Identification of a Woman,1982,"Drama,Romance"
7.2,1511,The Flight of the Eagle,1982,"Adventure,Biography,Drama"
7.3,33527,The Last Unicorn,1982,"Adventure,Animation,Drama"
7.2,2258,Ninja in the Dragon's Den,1982,"Action,Comedy"
6.9,3244,Making Love,1982,"Drama,Romance"
7.2,10886,The Man from Snowy River,1982,"Adventure,Drama,Romance"
8.8,18261,The Marathon Family,1982,"Comedy,Drama"
8.3,1531,Death of Yazdgerd,1982,"Drama,History"
7.3,7669,The Time Masters,1982,"Adventure,Animation,Sci-Fi"
7.2,1644,Meri Jung,1985,"Action,Drama"
6.6,22058,A Midsummer Night's Sex Comedy,1982,Comedy
7.7,24564,Missing,1982,"Biography,Drama,History"
7.4,3025,My Friend Ivan Lapshin,1985,Drama
7.8,15139,Monty Python Live at the Hollywood Bowl,1982,"Comedy,Documentary,Musical"
7.3,4029,Moonlighting,1982,Drama
6.8,3214,Deadly Circuit,1983,"Crime,Mystery,Romance"
7.3,11345,My Favorite Year,1982,"Comedy,Drama"
7.2,3142,Namak Halaal,1982,"Action,Comedy,Drama"
7.8,10049,The Ballad of Narayama,1983,"Drama,Family,Mystery"
7.2,5095,The Night of the Shooting Stars,1982,"Drama,Fantasy,Romance"
7.2,2821,That Night in Varennes,1982,"Drama,History"
7.1,66817,An Officer and a Gentleman,1982,"Drama,Romance"
7.1,1514,The Prefab People,1982,Drama
8.0,90398,Pink Floyd: The Wall,1982,"Drama,Fantasy,Music"
7.7,10166,The Plague Dogs,1982,"Adventure,Animation,Drama"
7.3,196336,Poltergeist,1982,"Horror,Thriller"
7.5,1554,Flights in Dreams and in Reality,1983,Drama
6.7,1857,The Prize of Peril,1983,"Action,Sci-Fi,Thriller"
7.9,4093,Interrogation,1989,"Crime,Drama,Thriller"
7.7,12379,Blind Chance,1987,"Drama,Romance"
7.4,11606,Santa Claus Is a Stinker,1982,Comedy
6.6,8676,Querelle,1982,Drama
7.4,5275,The Return of Martin Guerre,1982,"Biography,Crime,Drama"
7.6,4793,Richard Pryor: Live on the Sunset Strip,1982,"Comedy,Documentary"
6.9,231333,Rocky III,1982,"Drama,Sport"
7.6,1780,I Enjoy the World with You,1983,"Comedy,Family"
7.7,13203,Sans Soleil,1983,"Documentary,Drama"
7.2,4025,Satte Pe Satta,1982,"Action,Comedy,Drama"
7.2,2436,Savannah Smiles,1982,"Comedy,Family"
7.5,49266,The Secret of NIMH,1982,"Adventure,Animation,Drama"
7.6,8376,Veronika Voss,1982,Drama
7.6,2628,Shakti,1982,"Action,Crime,Drama"
6.8,2070,Legendary Weapons of China,1982,"Action,Comedy,Drama"
6.8,3446,Shoot the Moon,1982,Drama
6.7,3201,Smithereens,1982,"Drama,Music"
7.5,56226,Sophie's Choice,1982,"Drama,Romance"
6.8,2647,Sportloto-82,1982,"Action,Adventure,Comedy"
6.9,4014,The State of Things,1982,Drama
7.7,136556,Star Trek II: The Wrath of Khan,1982,"Action,Adventure,Sci-Fi"
7.8,7457,El Sur,1983,"Drama,Mystery,Romance"
7.0,31345,Tenebrae,1982,"Horror,Mystery,Thriller"
8.2,4167,A Tight Spot,1982,Comedy
8.2,532242,The Thing,1982,"Horror,Mystery,Sci-Fi"
7.4,123507,Tootsie,1982,"Comedy,Drama,Romance"
7.6,2006,Boat People,1982,Drama
7.6,1600,La Traviata,1982,"Drama,Music"
6.7,147162,Tron,1982,"Action,Adventure,Sci-Fi"
6.7,1864,A Room in Town,1982,"Drama,Musical,Romance"
7.7,51140,The Verdict,1982,Drama
7.6,25798,Victor/Victoria,1982,"Comedy,Music,Romance"
7.8,4216,A Railway Station for Two,1983,"Comedy,Drama,Romance"
6.9,1808,Begin the Beguine,1982,Drama
7.0,11738,White Dog,1982,"Drama,Horror"
7.0,3304,Wild Style,1982,"Drama,Music"
7.1,31284,The World According to Garp,1982,"Comedy,Drama"
7.2,3615,Five Elements Ninjas,1982,"Action,Drama"
7.2,2694,Duel to the Death,1983,"Action,Comedy,Drama"
7.9,15519,Yol,1982,Drama
7.8,4393,The Quack,1982,"Drama,Romance"
6.6,2113,Mad Mission,1982,"Action,Adventure,Comedy"
7.2,20658,Project A,1983,"Action,Adventure,Comedy"
8.1,2457,Ardh Satya,1983,"Crime,Drama"
7.3,13288,L'Argent,1983,"Crime,Drama"
7.2,18950,Bad Boys,1983,"Crime,Drama,Thriller"
7.3,3805,The Prodigal Son,1981,"Action,Comedy"
7.6,3321,Le Bal,1983,"History,Musical"
7.7,3140,Balkan ekspres,1983,"Comedy,War"
8.0,10543,Barefoot Gen,1983,"Animation,Biography,Drama"
6.9,1896,Betrayal,1983,"Drama,Thriller"
7.3,4039,Bianca,1984,"Comedy,Drama"
7.1,45812,The Big Chill,1983,"Comedy,Drama"
6.6,2793,Born in Flames,1983,"Drama,Sci-Fi"
7.4,3881,Carmen,1983,"Drama,Music,Romance"
7.1,14341,Who Finds a Friend Finds a Treasure,1981,"Action,Adventure,Comedy"
6.8,103440,Christine,1983,"Horror,Thriller"
7.9,179970,A Christmas Story,1983,"Comedy,Family"
7.7,2134,Scarecrow,1984,Drama
6.9,7604,The ComDads,1983,"Comedy,Crime"
6.6,3074,Coolie,1983,"Action,Comedy,Drama"
7.0,2528,Entre Nous,1983,"Biography,Drama,Romance"
6.9,2410,Cross Creek,1983,"Biography,Drama,Romance"
6.9,2358,Daffy Duck's Movie: Fantastic Island,1983,"Animation,Comedy,Family"
6.6,1785,Daniel,1983,"Drama,Mystery,Thriller"
7.2,1610,In the White City,1983,Drama
7.1,85281,The Dead Zone,1983,"Drama,Fantasy,Thriller"
6.7,7110,The Last Battle,1983,Sci-Fi
7.4,6428,The Dresser,1983,Drama
6.9,9833,Eddie and the Cruisers,1983,"Drama,Music,Mystery"
7.2,15914,Educating Rita,1983,"Comedy,Drama"
7.7,6078,El Norte,1983,"Adventure,Drama"
7.3,2276,The Boys from Fengkuei,1983,Drama
7.4,1861,Sweet Bunch,1983,"Crime,Drama,Thriller"
7.1,12254,Go for It,1983,"Action,Adventure,Comedy"
6.7,18431,Gorky Park,1983,"Crime,Drama,Mystery"
7.3,2917,The Grey Fox,1982,"Biography,Drama,History"
7.6,1860,"That Day, on the Beach",1983,Drama
6.8,1733,Heart Like a Wheel,1983,"Biography,Drama,Romance"
6.6,32293,The Hunger,1983,"Drama,Horror"
8.3,17987,Jaane Bhi Do Yaaro,1983,"Comedy,Crime,Drama"
7.4,1715,Kakav deda takav unuk,1983,Comedy
7.8,134852,The King of Comedy,1982,"Comedy,Crime,Drama"
8.2,45008,Koyaanisqatsi,1982,"Documentary,Music"
6.9,1954,Lianna,1983,"Drama,Romance"
7.3,30148,Local Hero,1983,"Comedy,Drama"
6.6,3224,The Lords of Discipline,1983,Thriller
8.3,4781,Masoom,1983,"Drama,Family"
6.7,4267,Max Dugan Returns,1983,"Comedy,Drama"
7.2,22635,Merry Christmas Mr. Lawrence,1983,"Drama,War"
7.0,2558,The Boxer's Omen,1983,Horror
7.5,130601,Monty Python's the Meaning of Life,1983,"Comedy,Musical"
6.6,31319,Mr. Mom,1983,"Comedy,Drama"
7.6,1949,Antarctica,1983,"Adventure,Drama"
7.3,129332,National Lampoon's Vacation,1983,"Adventure,Comedy"
7.5,9545,Never Cry Wolf,1983,"Adventure,Drama"
7.9,33488,Nostalgia,1983,Drama
7.0,110698,The Outsiders,1983,"Crime,Drama"
6.7,3843,Gramps Is in the Resistance,1983,"Comedy,Music,War"
7.3,12017,Pauline at the Beach,1983,"Comedy,Drama,Romance"
7.2,2146,Phar Lap,1983,"Biography,Drama,Family"
7.1,4282,The Pirates of Penzance,1983,"Comedy,Musical,Romance"
6.8,3729,Golgo 13: The Professional,1983,"Action,Animation,Crime"
6.6,35527,Psycho II,1983,"Crime,Horror,Mystery"
8.1,3346,Rembetiko,1983,"Biography,Drama,Music"
8.3,1219734,Star Wars: Episode VI - Return of the Jedi,1983,"Action,Adventure,Fantasy"
7.8,68328,The Right Stuff,1983,"Adventure,Biography,Drama"
7.0,3899,Crime and Punishment,1983,"Crime,Drama"
6.8,109111,Risky Business,1983,"Comedy,Crime,Drama"
7.1,41546,Rumble Fish,1983,"Crime,Drama,Romance"
8.3,3919,Sadma,1983,"Drama,Romance"
8.7,6558,Sagara Sangamam,1983,"Drama,Music,Musical"
7.2,1941,The Makioka Sisters,1983,"Comedy,Drama,Romance"
8.3,1028952,Scarface,1983,"Crime,Drama"
6.6,1633,Siege,1983,"Crime,Drama,Thriller"
6.6,3380,Zu: Warriors from the Magic Mountain,1983,"Action,Adventure,Fantasy"
7.1,24978,Silkwood,1983,"Biography,Drama,History"
7.5,1788,The Snowdrop Festivities,1984,"Comedy,Drama"
6.7,13035,Something Wicked This Way Comes,1983,"Fantasy,Mystery,Thriller"
6.8,8893,Star 80,1983,"Biography,Drama"
7.9,1557,State buoni se potete,1983,"Comedy,Drama,History"
6.6,20278,Strange Brew,1983,"Comedy,Crime,Sci-Fi"
6.6,52689,Sudden Impact,1983,"Action,Crime,Thriller"
6.6,3352,Tales of Ordinary Madness,1981,Drama
7.3,3627,"So Long, Stooge",1983,"Crime,Drama"
7.3,14595,Tender Mercies,1983,"Drama,Music"
7.4,71140,Terms of Endearment,1983,"Comedy,Drama"
6.9,8165,Testament,1983,"Drama,Sci-Fi"
6.9,12999,To Be or Not to Be,1983,"Comedy,Drama,War"
7.5,183993,Trading Places,1983,Comedy
6.9,1585,Utu,1983,"Adventure,Drama,History"
7.0,9811,Under Fire,1983,"Drama,War"
7.2,114054,Videodrome,1983,"Drama,Horror,Sci-Fi"
7.1,9410,The 4th Man,1983,"Drama,Mystery,Thriller"
7.2,8132,Confidentially Yours,1983,"Comedy,Crime,Mystery"
7.1,122688,WarGames,1983,"Action,Drama,Sci-Fi"
6.9,6753,Suburbia,1983,"Drama,Thriller"
7.1,2539,Without a Trace,1983,"Drama,Mystery"
6.6,6508,Winners & Sinners,1983,"Action,Comedy,Crime"
7.4,4165,The Eight Diagram Pole Fighter,1984,"Action,Drama"
7.1,25024,The Year of Living Dangerously,1982,"Drama,Romance,War"
6.6,17570,Yentl,1983,"Drama,Musical,Romance"
7.6,46235,Zelig,1983,Comedy
7.5,3192,Ziggy Stardust and the Spiders from Mars,1979,"Documentary,Music"
6.6,1531,Mad Mission Part 2: Aces Go Places,1983,"Action,Adventure,Comedy"
7.1,7834,To Our Loves,1983,"Drama,Romance"
7.2,6210,One Deadly Summer,1983,"Drama,Mystery"
6.7,61468,2010: The Year We Make Contact,1984,"Adventure,Mystery,Sci-Fi"
6.8,1725,Out of Order,1984,Thriller
6.6,2046,Acqua e sapone,1983,Comedy
6.8,1502,Mister Blot's Academy,1984,"Family,Fantasy"
6.7,21468,All of Me,1984,"Comedy,Fantasy,Romance"
6.9,2991,L'allenatore nel pallone,1984,"Comedy,Sport"
8.4,471711,Amadeus,1984,"Biography,Drama,Music"
6.6,1867,American Dreamer,1984,"Comedy,Crime,Romance"
6.9,8035,Another Country,1984,"Biography,Drama,Romance"
7.2,1879,Antonio Gaudí,1984,Documentary
8.7,13544,Balkan Spy,1984,"Comedy,Drama"
7.4,233889,Beverly Hills Cop,1984,"Action,Comedy,Crime"
7.3,6301,No End,1985,"Drama,Romance"
7.2,26776,Birdy,1984,"Drama,War"
7.5,114754,Blood Simple,1984,"Crime,Drama,Thriller"
6.8,45821,Body Double,1984,"Crime,Drama,Mystery"
7.1,35221,The Bounty,1984,"Adventure,Drama,History"
6.9,4433,Boy Meets Girl,1984,"Drama,Romance"
7.4,28351,Broadway Danny Rose,1984,Comedy
6.8,7101,The Brother from Another Planet,1984,"Comedy,Sci-Fi"
7.1,1744,Buster's World,1984,"Comedy,Family"
6.9,4583,Calamari Union,1985,"Comedy,Drama,Music"
6.9,1689,Camila,1984,"Drama,Romance"
7.4,1831,Carmen,1984,"Drama,Music,Romance"
6.7,3561,Choose Me,1984,"Comedy,Drama,Romance"
7.0,3185,Ciske the Rat,1984,"Crime,Drama,Thriller"
6.6,9306,Cloak & Dagger,1984,"Action,Adventure,Crime"
6.6,2634,Comfort and Joy,1984,Comedy
6.6,21170,The Company of Wolves,1984,"Drama,Fantasy,Horror"
6.6,21310,The Cotton Club,1984,"Crime,Drama,Music"
6.6,2433,Country,1984,Drama
8.0,5026,Strangler vs. Strangler,1984,"Comedy,Crime,Horror"
6.6,1702,Dangerous Moves,1984,"Drama,Sport,Thriller"
7.6,2130,A Summer at Grandpa's,1984,"Comedy,Drama"
7.4,7442,The Ship Sails On,1983,"Drama,Music"
6.8,14243,The Falcon and the Snowman,1985,"Biography,Crime,Drama"
6.6,102675,Footloose,1984,"Drama,Music,Romance"
6.7,12338,The Element of Crime,1984,"Crime,Drama,Thriller"
8.2,1728,Hibiscus Town,1987,"Drama,History,Romance"
7.5,2046,The Home and the World,1984,Drama
7.8,489260,Ghostbusters,1984,"Action,Comedy,Fantasy"
8.6,2569,"Blue Mountains, or Unbelievable Story",1983,"Comedy,Drama"
7.3,276444,Gremlins,1984,"Comedy,Fantasy,Horror"
7.5,2337,The Dog Who Stopped the War,1984,"Comedy,Drama,Family"
7.0,11552,The Hit,1984,"Crime,Drama,Thriller"
6.7,2748,When the Raven Flies,1984,"Action,Adventure,Drama"
7.1,2797,Yellow Earth,1984,"Drama,History,Music"
7.5,572150,Indiana Jones and the Temple of Doom,1984,"Action,Adventure"
7.1,12982,Double Trouble,1984,"Action,Comedy"
7.8,3400,Kaos,1984,"Comedy,Drama,Romance"
7.4,273714,The Karate Kid,1984,"Action,Drama,Family"
8.0,198716,Nausicaä of the Valley of the Wind,1984,"Adventure,Animation,Sci-Fi"
7.8,64132,The Killing Fields,1984,"Biography,Drama,History"
7.0,17418,Wheels on Meals,1984,"Action,Comedy,Crime"
6.7,50199,The Last Starfighter,1984,"Action,Adventure,Sci-Fi"
7.3,2461,The Legend of Suram Fortress,1985,Drama
7.6,7523,Love Streams,1984,Drama
7.8,6467,Love and Doves,1985,"Comedy,Drama,Romance"
7.6,3779,Macross: Do You Remember Love?,1984,"Action,Adventure,Animation"
6.9,3057,The Man from Majorca,1984,"Action,Crime,Thriller"
6.6,1876,Marche à l'ombre,1984,"Comedy,Drama"
6.8,3259,In the Middle of the Night,1984,"Comedy,Drama"
8.0,1620,Give the Devil His Due,1985,"Adventure,Comedy,Family"
6.9,24425,The Muppets Take Manhattan,1984,"Adventure,Comedy,Drama"
7.4,58204,The Natural,1984,"Drama,Sport"
7.4,293585,A Nightmare on Elm Street,1984,Horror
7.0,89025,1984,1984,"Drama,Sci-Fi"
7.6,8062,Nothing Left to Do but Cry,1984,"Comedy,Fantasy"
7.2,6092,Full Moon in Paris,1984,"Comedy,Drama,Romance"
8.3,410812,Once Upon a Time in America,1984,"Crime,Drama"
7.1,1843,Almanac of Fall,1984,Drama
8.1,143724,"Paris, Texas",1984,Drama
7.3,23404,A Passage to India,1984,"Adventure,Drama,History"
6.7,33439,Phenomena,1985,"Crime,Horror,Mystery"
7.4,15808,Places in the Heart,1984,Drama
6.7,150176,Police Academy,1984,Comedy
6.6,11117,The Pope of Greenwich Village,1984,"Action,Comedy,Crime"
6.6,5677,Racing with the Moon,1984,"Comedy,Drama,Romance"
6.9,2747,Il ragazzo di campagna,1984,Comedy
6.8,45962,Repo Man,1984,"Comedy,Crime,Sci-Fi"
6.6,62629,Revenge of the Nerds,1984,Comedy
7.2,5606,My New Partner,1984,"Comedy,Crime,Thriller"
7.1,1551,A Year of the Quiet Sun,1984,"Drama,Romance,War"
6.9,112867,Romancing the Stone,1984,"Action,Adventure,Comedy"
7.3,13064,Ronia: The Robber's Daughter,1984,"Adventure,Drama,Family"
8.1,2127,Saaransh,1984,Drama
8.1,5363,The Holy Innocents,1984,Drama
7.2,3762,Secret Honor,1984,"Biography,Comedy,Drama"
7.5,15900,Sexmission,1984,"Adventure,Comedy,Sci-Fi"
7.3,3450,Sharaabi,1984,"Comedy,Drama,Romance"
6.8,1638,The Shooting Party,1985,"Drama,Romance"
7.0,136134,Sixteen Candles,1984,"Comedy,Romance"
7.2,12717,A Soldier's Story,1984,"Crime,Drama,Mystery"
6.7,91218,Star Trek III: The Search for Spock,1984,"Action,Adventure,Sci-Fi"
7.0,59035,Starman,1984,"Romance,Sci-Fi"
8.7,24406,Stop Making Sense,1984,"Documentary,Music"
7.4,43595,Stranger Than Paradise,1984,"Comedy,Drama"
6.7,27706,Streets of Fire,1984,"Action,Crime,Drama"
8.2,3811,Streetwise,1984,"Documentary,Drama"
6.9,1611,Typhoon Club,1985,"Drama,Romance"
7.7,3608,Voyage to Cythera,1984,Drama
8.1,1013731,The Terminator,1984,"Action,Adventure,Sci-Fi"
7.9,161279,This Is Spinal Tap,1984,"Comedy,Music"
8.2,7263,The Times of Harvey Milk,1984,"Biography,Documentary,History"
7.2,83385,Top Secret!,1984,"Comedy,Crime,Music"
7.3,2121,Twist and Shout,1984,"Comedy,Drama,Music"
7.4,3518,A Sunday in the Country,1984,Drama
6.8,6882,Under the Volcano,1984,Drama
7.3,171929,The NeverEnding Story,1984,"Adventure,Drama,Family"
7.4,2475,Urusei Yatsura 2: Beautiful Dreamer,1984,"Adventure,Animation,Comedy"
6.7,2722,Uuno Turhapuro armeijan leivissä,1984,Comedy
8.4,6784,The Elusive Summer of '68,1984,"Comedy,Drama,Romance"
7.0,2987,Where the Green Ants Dream,1984,Drama
7.3,3253,Zappa,1983,"Comedy,Drama,Romance"
7.1,12188,What Have I Done to Deserve This?,1984,"Comedy,Drama"
7.2,3928,The Adventures of Mark Twain,1985,"Action,Adventure,Animation"
7.6,99885,After Hours,1985,"Comedy,Crime,Drama"
6.6,8680,Agnes of God,1985,"Drama,Mystery"
6.8,11537,Asterix Versus Caesar,1985,"Adventure,Animation,Comedy"
8.5,1468481,Back to the Future,1985,"Adventure,Comedy,Sci-Fi"
7.1,54114,Better Off Dead,1985,"Comedy,Romance"
6.7,1525,Bliss,1985,"Comedy,Drama"
7.8,222651,Brazil,1985,"Drama,Sci-Fi,Thriller"
7.8,475866,The Breakfast Club,1985,"Comedy,Drama"
7.1,1927,The Professor,1986,"Crime,Drama"
7.3,124382,Clue,1985,"Comedy,Crime,Mystery"
6.7,73868,Cocoon,1985,"Comedy,Drama,Sci-Fi"
7.7,105063,The Color Purple,1985,Drama
6.7,189070,Commando,1985,"Action,Adventure,Thriller"
6.6,3233,Dance with a Stranger,1985,"Biography,Crime,Drama"
7.6,2941,The Runner,1984,Drama
7.1,80263,Day of the Dead,1985,"Horror,Thriller"
6.6,29898,Demons,1985,Horror
7.1,8655,Desert Hearts,1985,"Drama,Romance"
6.6,1945,Dreamchild,1985,"Biography,Comedy,Drama"
6.8,2393,L'effrontée,1985,"Comedy,Drama,Music"
7.4,1557,Egészséges erotika,1986,Comedy
6.9,1858,Eleni,1985,"Drama,War"
6.9,12189,The Emerald Forest,1985,"Action,Adventure,Drama"
6.9,55154,Enemy Mine,1985,"Action,Adventure,Drama"
8.0,8546,Waiting for the Hearse,1985,Comedy
6.7,25145,F/X,1986,"Action,Thriller"
6.7,9814,Fandango,1985,"Comedy,Drama"
6.7,22456,Flesh+Blood,1985,"Adventure,Drama"
6.9,61844,Fletch,1985,"Comedy,Crime,Mystery"
7.0,88835,Fright Night,1985,Horror
7.0,2887,Night on the Galactic Railroad,1985,"Adventure,Animation,Drama"
7.7,329279,The Goonies,1985,"Adventure,Comedy,Family"
6.9,5560,Heaven Help Us,1985,"Comedy,Drama,Romance"
7.7,11872,The Official Story,1985,"Drama,History"
7.4,2231,Hour of the Star,1985,Drama
7.2,5407,Mr. Vampire,1985,"Action,Comedy,Fantasy"
7.5,46970,Police Story,1985,"Action,Comedy,Crime"
7.0,7826,The Journey of Natty Gann,1985,"Adventure,Drama,Family"
7.3,19563,Kiss of the Spider Woman,1985,Drama
6.9,55681,Ladyhawke,1985,"Adventure,Comedy,Drama"
6.8,18379,The Last Dragon,1985,"Action,Comedy,Drama"
6.7,13180,The Legend of Billie Jean,1985,"Action,Drama"
6.7,1856,Letter to Brezhnev,1985,"Comedy,Drama,Romance"
7.0,11585,Lost in America,1985,Comedy
7.2,35406,Mask,1985,"Biography,Drama"
7.2,2260,The Mass Is Ended,1985,"Comedy,Drama"
7.8,1716,Mirch Masala,1986,"Drama,Thriller"
7.9,17120,Mishima: A Life in Four Chapters,1985,"Biography,Drama"
7.6,23012,My Life as a Dog,1985,"Comedy,Drama"
7.0,8032,Murphy's Romance,1985,"Comedy,Drama,Romance"
7.2,2611,"O-Bi, O-Ba: The End of Civilization",1985,"Drama,Mystery,Sci-Fi"
7.4,3667,Colonel Redl,1985,"Biography,Drama,History"
6.8,2361,Orion's Belt,1985,"Action,Thriller"
7.2,2337,The Funeral,1984,"Comedy,Drama"
7.7,10868,When Father Was Away on Business,1985,Drama
7.2,93838,Out of Africa,1985,"Biography,Drama,Romance"
7.3,71470,Pale Rider,1985,"Drama,Western"
7.1,63897,Pee-wee's Big Adventure,1985,"Adventure,Comedy,Family"
7.5,1513,The Feather Fairy,1985,"Action,Comedy,Fantasy"
6.7,28794,Prizzi's Honor,1985,"Comedy,Crime,Drama"
7.6,58352,The Purple Rose of Cairo,1985,"Comedy,Fantasy,Romance"
6.7,1942,Death in a French Garden,1985,"Crime,Drama,Mystery"
7.6,4932,Taipei Story,1985,Drama
6.7,29657,The Quiet Earth,1985,"Drama,Mystery,Sci-Fi"
6.8,1575,Rainbow Brite and the Star Stealer,1985,"Adventure,Animation,Family"
8.2,153767,Ran,1985,"Action,Drama,War"
7.1,79254,Re-Animator,1985,"Comedy,Horror,Sci-Fi"
6.9,41646,Real Genius,1985,"Comedy,Romance,Sci-Fi"
6.8,2270,Restless Natives,1985,"Comedy,Crime"
7.3,78334,The Return of the Living Dead,1985,"Comedy,Horror,Sci-Fi"
6.7,34392,Return to Oz,1985,"Adventure,Family,Fantasy"
6.9,248241,Rocky IV,1985,"Drama,Sport"
7.2,37430,Runaway Train,1985,"Action,Adventure,Drama"
7.4,2580,The Most Charming and Attractive,1985,"Comedy,Romance"
7.6,16049,Vagabond,1985,Drama
7.2,3746,He-Man and She-Ra: The Secret of the Sword,1985,"Action,Adventure,Animation"
6.8,6143,Follow That Bird,1985,"Adventure,Comedy,Family"
8.7,11685,Shoah,1985,"Documentary,History,War"
7.2,54631,Silverado,1985,"Action,Drama,Western"
6.6,3907,Smooth Talk,1985,"Drama,Romance,Thriller"
7.0,24442,The Sure Thing,1985,"Comedy,Drama,Romance"
7.0,5909,Sweet Dreams,1985,"Biography,Drama,Music"
6.7,8016,Sällskapsresan II - Snowroller,1985,Comedy
7.3,49638,To Live and Die in L.A.,1985,"Action,Crime,Drama"
7.3,4172,Tokyo-Ga,1985,Documentary
7.5,3971,A Time to Live and a Time to Die,1985,"Biography,Drama"
6.7,5580,In a Glass Cage,1986,"Drama,Horror,Thriller"
7.4,5917,The Trip to Bountiful,1985,Drama
6.6,4324,Three Men and a Cradle,1985,Comedy
7.4,3228,The Unknown Soldier,1985,"Drama,War"
7.4,3319,"Vabank II, czyli riposta",1985,"Comedy,Crime"
7.0,19387,Vampire Hunter D,1985,"Action,Animation,Fantasy"
6.8,1602,Vampires in Havana,1985,"Animation,Comedy,Crime"
7.5,2375,The Heifer,1985,"Comedy,War"
7.8,5231,My Sweet Little Village,1985,Comedy
7.5,2027,Voyage to Nowhere,1986,"Comedy,Drama"
6.7,11847,Vision Quest,1985,"Drama,Romance,Sport"
6.6,106476,Weird Science,1985,"Comedy,Romance,Sci-Fi"
7.7,15075,When the Wind Blows,1986,"Animation,Drama,War"
6.7,9161,White Nights,1985,"Drama,Music"
7.3,115006,Witness,1985,"Crime,Drama,Romance"
6.8,19919,Year of the Dragon,1985,"Action,Crime,Drama"
6.8,25440,Young Sherlock Holmes,1985,"Adventure,Fantasy,Mystery"
7.2,8198,A Zed & Two Noughts,1985,"Comedy,Drama"
7.9,4454,A Cruel Romance,1984,"Drama,Romance"
6.7,125159,Crocodile Dundee,1986,"Adventure,Comedy"
7.5,2830,"'night, Mother",1986,Drama
7.4,6464,'Round Midnight,1986,"Drama,Music"
7.3,24135,Betty Blue,1986,"Drama,Romance"
7.4,4135,Four Adventures of Reinette and Mirabelle,1987,"Comedy,Drama,Romance"
7.4,12420,84 Charing Cross Road,1987,"Biography,Drama,Romance"
7.1,1778,Aakhree Raasta,1986,"Action,Crime,Drama"
7.2,3662,The Assault,1986,"Drama,History,Romance"
7.4,2719,Voyeur,1986,Comedy
8.4,845453,Aliens,1986,"Action,Adventure,Horror"
6.8,2739,The Children of Noisy Village,1986,Family
6.9,61957,An American Tail,1986,"Adventure,Animation,Comedy"
6.7,4838,Anguish,1987,"Horror,Thriller"
6.7,2392,Halfaouine: Boy of the Terraces,1990,"Comedy,Drama"
7.1,13677,Asterix in Britain,1986,"Adventure,Animation,Comedy"
6.9,20832,At Close Range,1986,"Crime,Drama"
6.7,39849,Back to School,1986,"Comedy,Romance,Sport"
7.2,168843,Big Trouble in Little China,1986,"Action,Adventure,Comedy"
7.7,247771,Blue Velvet,1986,"Crime,Drama,Mystery"
6.6,7164,The Boy Who Could Fly,1986,"Drama,Fantasy,Romance"
6.8,4179,Brighton Beach Memoirs,1986,Comedy
7.5,1895,Chameli Ki Shaadi,1986,"Comedy,Drama,Romance"
7.2,20162,Children of a Lesser God,1986,"Drama,Romance"
6.6,14760,Clockwise,1986,Comedy
7.0,102251,The Color of Money,1986,"Drama,Sport"
7.1,19570,Crossroads,1986,"Drama,Music,Mystery"
6.8,1743,The Horse Thief,1986,Drama
7.2,3316,Peking Opera Blues,1986,"Action,Comedy,History"
7.1,3672,Eastern Condors,1987,"Action,Adventure,War"
7.6,59039,Down by Law,1986,"Comedy,Crime,Drama"
7.9,4645,The Wall,1983,Drama
7.1,9184,The Decline of the American Empire,1986,"Comedy,Drama"
7.8,419252,Ferris Bueller's Day Off,1986,Comedy
6.9,55826,Flight of the Navigator,1986,"Adventure,Comedy,Family"
6.7,8464,Flodder,1986,"Action,Comedy"
7.6,226504,The Fly,1986,"Drama,Horror,Sci-Fi"
7.0,3808,Fortress,1985,"Action,Crime,Horror"
6.6,36209,From Beyond,1986,"Horror,Sci-Fi"
6.9,2583,Millionaires' Express,1986,"Action,Comedy,Western"
7.0,8973,The Fugitives,1986,"Comedy,Crime,Drama"
7.2,5940,Ginger & Fred,1986,"Comedy,Drama"
7.1,59445,The Great Mouse Detective,1986,"Adventure,Animation,Family"
7.8,82022,Hannah and Her Sisters,1986,"Comedy,Drama"
6.8,52817,Heartbreak Ridge,1986,"Drama,War"
7.0,160268,Highlander,1986,"Action,Adventure,Fantasy"
7.2,59683,The Hitcher,1986,"Mystery,Thriller"
7.6,5037,Man Facing Southeast,1986,"Drama,Mystery,Sci-Fi"
7.4,57638,Hoosiers,1986,"Drama,Sport"
7.0,2616,Royal Warriors,1986,"Action,Crime,Drama"
8.3,125496,Come and See,1985,"Drama,Thriller,War"
8.3,1929,Permission,1987,"Drama,Musical,Romance"
8.1,29580,Jean de Florette,1986,Drama
7.2,2673,Karma,1986,"Action,Adventure,Drama"
7.8,15512,Kin-dza-dza!,1986,"Comedy,Drama,Sci-Fi"
7.7,6332,The Terrorizers,1986,"Crime,Drama"
7.7,6964,Courier,1986,"Comedy,Drama,Romance"
7.3,166231,Labyrinth,1986,"Adventure,Family,Fantasy"
7.1,7571,Lady Jane,1986,"Biography,Drama,History"
8.0,2863,The Beauty of Vice,1986,Drama
7.6,3675,Dust in the Wind,1986,"Drama,Romance"
7.1,95513,Little Shop of Horrors,1986,"Comedy,Horror,Musical"
6.9,24624,Armour of God,1986,"Action,Adventure,Comedy"
6.9,18996,Lucas,1986,"Comedy,Drama,Romance"
7.1,3162,Malcolm,1986,"Comedy,Crime,Sci-Fi"
7.2,92911,Manhunter,1986,"Crime,Mystery,Thriller"
8.0,25955,Manon of the Spring,1986,Drama
6.9,14225,Matador,1986,"Drama,Thriller"
7.1,10266,Bad Blood,1986,"Crime,Drama,Romance"
7.2,3348,The Beekeeper,1986,Drama
7.1,1978,Mélo,1986,"Drama,Romance"
7.4,70134,The Mission,1986,"Adventure,Drama,History"
7.3,19550,Mona Lisa,1986,"Crime,Drama,Romance"
6.6,33890,The Mosquito Coast,1986,"Adventure,Drama,Thriller"
8.4,4852,Mouna Ragam,1986,"Drama,Musical,Romance"
6.8,18893,My Beautiful Laundrette,1985,"Comedy,Drama,Romance"
7.7,128040,The Name of the Rose,1986,"Drama,Mystery,Thriller"
6.7,29042,Night of the Creeps,1986,"Comedy,Horror,Sci-Fi"
6.9,1581,Nutcracker,1986,"Family,Fantasy,Music"
7.8,35413,The Sacrifice,1986,Drama
7.1,3459,Parting Glances,1986,"Comedy,Drama,Music"
7.5,4665,Dead Man's Letters,1986,"Drama,Sci-Fi"
8.0,475477,Platoon,1986,"Drama,War"
6.7,96181,Pretty in Pink,1986,"Comedy,Drama,Romance"
6.9,1672,Project A-Ko,1986,"Action,Adventure,Animation"
6.7,7973,Rad,1986,"Drama,Sport"
7.6,12166,The Green Ray,1986,"Drama,Romance"
7.6,1842,Christmas Present,1986,Drama
6.6,5409,"Rita, Sue and Bob Too",1987,"Comedy,Drama"
6.8,23672,River's Edge,1986,"Crime,Drama"
7.2,52924,A Room with a View,1986,"Drama,Romance"
6.9,2134,Rosa Luxemburg,1986,"Biography,Drama,History"
6.9,33219,Ruthless People,1986,"Comedy,Crime"
7.3,25620,Salvador,1986,"Drama,History,Thriller"
6.8,17794,She's Gotta Have It,1986,"Comedy,Romance"
7.2,2958,Sherman's March,1985,"Biography,Comedy,Documentary"
6.6,71218,Short Circuit,1986,"Comedy,Family,Sci-Fi"
7.0,37168,Sid and Nancy,1986,"Biography,Drama,Music"
6.9,24165,Something Wild,1986,"Comedy,Crime,Romance"
8.1,492406,Stand by Me,1986,"Adventure,Drama"
7.3,97235,Star Trek IV: The Voyage Home,1986,"Adventure,Comedy,Sci-Fi"
7.9,27243,Tampopo,1985,Comedy
8.0,199942,Castle in the Sky,1986,"Adventure,Animation,Family"
6.8,4017,Ménage,1986,"Comedy,Crime,Drama"
7.0,558870,Top Gun,1986,"Action,Drama"
7.2,44947,The Transformers: The Movie,1986,"Action,Adventure,Animation"
7.3,8536,True Stories,1986,"Comedy,Musical"
7.4,8824,Shadows in Paradise,1986,"Comedy,Drama,Music"
6.8,2654,Working Girls,1986,Drama
7.4,29471,A Better Tomorrow,1986,"Action,Crime,Drama"
6.7,2326,The Seventh Curse,1986,"Action,Horror"
6.6,39374,*batteries not included,1987,"Comedy,Family,Fantasy"
7.0,12703,Project A 2,1987,"Action,Comedy,Crime"
7.0,54675,Adventures in Babysitting,1987,"Adventure,Comedy,Crime"
7.5,6408,Boyfriends and Girlfriends,1987,"Comedy,Drama,Romance"
7.5,5224,Motherland Hotel,1987,"Crime,Drama,Thriller"
7.2,105143,Angel Heart,1987,"Horror,Mystery,Thriller"
6.6,10813,StageFright,1987,"Drama,Horror,Thriller"
8.0,38796,Au Revoir Les Enfants,1987,"Drama,War"
7.7,24152,Babette's Feast,1987,Drama
7.1,23665,Barfly,1987,"Comedy,Drama,Romance"
6.9,6716,The Belly of an Architect,1987,Drama
6.6,147913,Beverly Hills Cop II,1987,"Action,Comedy,Crime"
7.2,2545,The Cyclist,1989,Drama
6.8,104284,Bloodsport,1988,"Action,Drama,Sport"
7.3,1794,The Enchanted Forest,1987,"Comedy,Fantasy"
7.2,29758,The Brave Little Toaster,1987,"Adventure,Animation,Family"
7.3,37071,Broadcast News,1987,"Comedy,Drama,Romance"
6.8,46453,Can't Buy Me Love,1987,"Comedy,Drama,Romance"
7.6,4029,A Man from Boulevard des Capucines,1987,"Comedy,Musical,Romance"
7.2,6550,The Chipmunk Adventure,1987,"Adventure,Animation,Comedy"
7.7,1663,Chuck Berry: Hail! Hail! Rock 'n' Roll,1987,"Biography,Documentary,Music"
6.6,1670,Crazy Love,1987,Drama
7.4,15421,Cry Freedom,1987,"Biography,Drama,History"
7.2,10130,The Dead,1987,Drama
7.7,3605,Ten Little Indians,1987,"Crime,Drama,Mystery"
7.1,283168,Dirty Dancing,1987,"Drama,Music,Romance"
7.1,10620,Drowning by Numbers,1988,"Comedy,Drama"
7.6,21932,Eddie Murphy: Raw,1987,"Comedy,Documentary"
8.1,2435,The Emperor's Naked Army Marches On,1987,"Biography,Documentary"
7.7,144414,Empire of the Sun,1987,"Drama,War"
7.6,199370,Evil Dead II,1987,"Comedy,Horror"
6.7,10015,Extreme Prejudice,1987,"Action,Crime,Drama"
7.4,2821,The Family,1987,"Drama,Romance"
6.6,1619,Family Viewing,1987,Drama
6.9,112484,Fatal Attraction,1987,"Drama,Thriller"
7.1,10654,Dragons Forever,1988,"Action,Comedy,Romance"
8.2,856573,Full Metal Jacket,1987,"Drama,War"
7.1,2452,The Glass Menagerie,1987,Drama
6.7,1875,Good Morning Babylon,1987,"Drama,Romance,War"
7.3,166898,"Good Morning, Vietnam",1987,"Biography,Comedy,Drama"
7.3,1969,The Grand Highway,1987,"Comedy,Drama"
7.9,6429,The Story of Hachikō,1987,"Biography,Drama,Family"
6.7,30202,Hamburger Hill,1987,"Action,Drama,Thriller"
6.8,2765,Hamlet Goes Business,1987,"Comedy,Drama,Romance"
6.8,2304,Hector,1987,Comedy
6.9,155146,Hellraiser,1987,"Horror,Thriller"
7.0,25920,The Hidden,1987,"Crime,Horror,Sci-Fi"
7.9,84572,Wings of Desire,1987,"Drama,Fantasy,Romance"
6.9,7227,Hollywood Shuffle,1987,Comedy
7.3,10758,Red Sorghum,1988,"Drama,History,Romance"
7.2,6314,Royal Space Force: The Wings of Honneamise,1987,"Animation,Drama,Sci-Fi"
7.3,15991,Hope and Glory,1987,"Comedy,Drama,Romance"
7.2,25965,House of Games,1987,"Crime,Drama,Thriller"
7.1,3324,Housekeeping,1987,"Comedy,Drama"
6.6,3882,"Yes, Madam!",1985,"Action,Comedy,Crime"
6.7,2141,I've Heard the Mermaids Singing,1987,"Comedy,Drama"
7.3,4232,Rouge,1987,"Drama,Fantasy,Music"
6.9,70591,Innerspace,1987,"Action,Adventure,Comedy"
7.0,3615,Intervista,1987,"Comedy,Drama,Fantasy"
6.7,10788,Ironweed,1987,Drama
7.2,1882,Jane B. for Agnes V.,1988,"Biography,Documentary,Fantasy"
7.2,3895,Prison on Fire,1987,"Action,Crime,Drama"
8.1,1593,Jimi Plays Monterey,1986,"Documentary,Music"
8.1,23417,Where Is the Friend's House?,1987,"Adventure,Drama,Family"
6.9,2559,Kung-Fu Master!,1988,"Drama,Romance"
7.0,38764,La Bamba,1987,"Biography,Drama,Music"
7.7,120510,The Last Emperor,1987,"Biography,Drama,History"
7.6,297859,Lethal Weapon,1987,"Action,Crime,Thriller"
7.1,15546,Law of Desire,1987,"Comedy,Drama,Thriller"
6.8,2262,The Lighthorsemen,1987,"Drama,History,War"
7.5,2819,An Autumn's Tale,1987,"Drama,Romance"
6.7,115536,The Living Daylights,1987,"Action,Adventure,Thriller"
7.1,9115,City on Fire,1987,"Action,Crime,Drama"
7.2,179444,The Lost Boys,1987,"Comedy,Horror"
7.3,2510,A Taxing Woman,1987,"Comedy,Crime"
6.8,2029,Masks,1987,"Crime,Drama,Mystery"
7.9,10653,Matewan,1987,"Drama,History"
7.6,27476,Maurice,1987,"Drama,Romance"
6.7,1521,More About the Children of Noisy Village,1987,Family
6.9,39575,The Monster Squad,1987,"Action,Comedy,Fantasy"
6.8,2333,A Month in the Country,1987,Drama
7.2,78863,Moonstruck,1987,"Comedy,Drama,Romance"
7.7,20685,Mr. India,1987,"Action,Adventure,Comedy"
7.1,6498,On the Silver Globe,1988,"Adventure,Drama,Fantasy"
8.6,28094,Nayakan,1987,"Crime,Drama"
6.9,50012,Near Dark,1987,Horror
6.7,100736,A Nightmare on Elm Street 3: Dream Warriors,1987,"Fantasy,Horror"
7.1,56058,No Way Out,1987,"Action,Crime,Drama"
6.6,3266,North Shore,1987,"Action,Drama,Romance"
6.7,8050,Nuts,1987,"Drama,Thriller"
7.3,3843,Dark Eyes,1987,"Comedy,Drama,Romance"
7.1,6003,Pathfinder,1987,"Action,Adventure,Drama"
6.9,21937,Opera,1987,"Crime,Horror,Mystery"
6.9,77443,Overboard,1987,"Comedy,Romance"
7.7,12752,Pelle the Conqueror,1987,Drama
7.6,181546,"Planes, Trains & Automobiles",1987,"Comedy,Drama"
8.0,5482,Repentance,1984,Drama
7.8,504865,Predator,1987,"Action,Adventure,Horror"
7.1,7010,Prick Up Your Ears,1987,"Biography,Drama"
6.7,56042,Prince of Darkness,1987,Horror
8.0,489437,The Princess Bride,1987,"Adventure,Comedy,Family"
7.4,39052,Radio Days,1987,Comedy
7.3,161818,Raising Arizona,1987,"Comedy,Crime"
7.6,311074,RoboCop,1987,"Action,Crime,Sci-Fi"
6.6,50236,Roxanne,1987,"Comedy,Romance"
6.6,192776,The Running Man,1987,"Action,Sci-Fi,Thriller"
6.6,1642,Sammy and Rosie Get Laid,1987,"Comedy,Drama,Romance"
6.6,1724,Shy People,1987,Drama
8.0,3009,Sign 'o' the Times,1987,"Documentary,Music"
7.3,12810,A Chinese Ghost Story,1987,"Action,Fantasy,Horror"
7.0,37882,Some Kind of Wonderful,1987,"Drama,Romance"
6.7,4185,Under the Sun of Satan,1987,"Drama,Fantasy"
7.1,228172,Spaceballs,1987,"Adventure,Comedy,Sci-Fi"
6.7,30661,Stakeout,1987,"Action,Comedy,Crime"
7.3,22640,Stand and Deliver,1988,"Biography,Drama"
6.7,20970,The Stepfather,1987,"Horror,Thriller"
6.6,24272,Summer School,1987,"Comedy,Romance"
6.6,13141,Suspect,1987,"Crime,Drama,Mystery"
7.6,2574,Swimming to Cambodia,1987,"Comedy,Drama"
7.0,1503,Tandem,1987,"Comedy,Drama"
7.1,14513,Three O'Clock High,1987,Comedy
6.6,10730,Tin Men,1987,"Comedy,Drama"
7.8,355767,The Untouchables,1987,"Crime,Drama,Thriller"
7.1,2779,Valhalla,1986,"Adventure,Animation,Family"
7.7,1516,Reflections,1987,"Drama,Horror,Romance"
7.3,175585,Wall Street,1987,"Crime,Drama"
7.1,5844,The Whales of August,1987,Drama
6.8,3760,Wish You Were Here,1987,"Comedy,Drama"
6.6,84883,The Witches of Eastwick,1987,"Comedy,Fantasy,Horror"
7.5,52721,Withnail and I,1987,"Comedy,Drama"
7.3,2449,The Year My Voice Broke,1987,"Drama,Romance"
6.9,3038,Yeelen,1987,"Drama,Fantasy"
7.1,12927,A Better Tomorrow II,1987,"Action,Crime,Drama"
7.1,2561,Righting Wrongs,1986,"Action,Comedy,Crime"
7.4,4647,Ödipussi,1988,"Comedy,Romance"
8.1,2305,Depeche Mode: 101,1989,"Documentary,Music"
6.7,18670,The Accidental Tourist,1988,"Comedy,Drama,Romance"
7.1,43401,The Accused,1988,"Crime,Drama"
7.7,1550,Agni Natchathiram,1988,"Action,Crime,Drama"
8.0,229855,Akira,1988,"Action,Animation,Drama"
7.4,4656,"Amanece, que no es poco",1989,"Comedy,Fantasy"
6.6,11321,Amsterdamned,1988,"Action,Crime,Horror"
7.2,16429,Another Woman,1988,Drama
6.8,4387,Apartment Zero,1988,"Drama,Mystery,Thriller"
7.4,9969,Ariel,1988,"Comedy,Crime,Drama"
7.2,2533,Ashik Kerib,1988,Drama
7.6,3536,Assa,1987,"Crime,Drama,History"
6.7,3162,Baxter,1989,"Drama,Horror"
7.0,31304,Beaches,1988,"Comedy,Drama,Music"
7.3,11751,The Beast of War,1988,"Adventure,Drama,War"
7.4,421086,Beetlejuice,1988,"Comedy,Fantasy"
7.3,262631,Big,1988,"Comedy,Drama,Fantasy"
6.7,17589,Biloxi Blues,1988,"Comedy,Drama"
7.1,14455,Bird,1988,"Biography,Drama,Music"
6.7,49657,The Blob,1988,"Horror,Sci-Fi,Thriller"
7.0,63373,Bull Durham,1988,"Comedy,Romance,Sport"
7.3,8030,Camille Claudel,1988,"Biography,Drama,History"
6.8,1892,Celia,1989,"Drama,Fantasy,Horror"
6.7,133346,Child's Play,1988,"Horror,Thriller"
7.3,5186,Chocolat,1988,Drama
6.6,2651,The Chocolate War,1988,Drama
6.7,7889,Clean and Sober,1988,Drama
6.9,9274,Cobra Verde,1987,"Adventure,Drama"
6.7,33795,Colors,1988,"Crime,Drama,Thriller"
7.1,241583,Coming to America,1988,"Comedy,Romance"
7.2,3173,Compagni di scuola,1988,"Comedy,Drama,Romance"
7.0,6185,Crossing Delancey,1988,"Comedy,Romance"
6.9,12238,A Cry in the Dark,1988,"Biography,Drama"
7.0,2973,Daffy Duck's Quackbusters,1988,"Action,Adventure,Animation"
7.5,80545,Dangerous Liaisons,1988,"Drama,Romance"
7.2,59393,Dead Ringers,1988,"Drama,Horror,Thriller"
7.2,4929,The Decline of Western Civilization Part II: The Metal Years,1988,"Documentary,Music"
7.0,3642,The Devil,1972,"Drama,Horror"
8.2,1036546,Die Hard,1988,"Action,Thriller"
7.4,87087,Dirty Rotten Scoundrels,1988,"Comedy,Crime"
7.4,5767,"Distant Voices, Still Lives",1988,"Drama,Music"
7.0,3440,Dominick and Eugene,1988,Drama
7.2,24197,Eight Men Out,1988,"Drama,History,Sport"
6.6,23292,Elvira: Mistress of the Dark,1988,"Comedy,Horror"
7.5,166705,A Fish Called Wanda,1988,"Comedy,Crime"
6.8,62012,Frantic,1988,"Crime,Drama,Mystery"
6.8,2093,Ghosts... of the Civil Dead,1988,"Crime,Drama,Thriller"
7.0,31494,Gorillas in the Mist,1988,"Biography,Drama"
7.3,3071,Zerograd,1988,"Comedy,Drama,Mystery"
7.5,59170,The Big Blue,1988,"Adventure,Drama,Sport"
6.6,56644,The Great Outdoors,1988,Comedy
7.2,2638,Mobile Suit Gundam: Char's Counterattack,1988,"Action,Animation,Drama"
7.0,25643,Hairspray,1988,"Comedy,Drama,Music"
7.2,2088,Hanussen: Hitler's Astrologer,1988,"Drama,History"
7.4,6351,High Hopes,1988,"Comedy,Drama"
8.5,393072,Grave of the Fireflies,1988,"Animation,Drama,War"
7.6,1788,Hôtel Terminus,1988,"Biography,Documentary,History"
6.6,16643,I'm Gonna Git You Sucka,1988,"Action,Comedy,Crime"
7.8,5441,Imagine: John Lennon,1988,"Biography,Documentary,Music"
6.9,3123,Itinerary of a Spoiled Child,1988,"Adventure,Comedy,Drama"
7.0,25468,Police Story 2,1988,"Action,Comedy,Crime"
7.8,2907,The Cold Summer of 1953,1988,"Action,Crime,Drama"
7.3,3708,King Size,1988,"Adventure,Comedy,Fantasy"
8.1,28526,A Short Film About Love,1988,"Drama,Romance"
7.9,24598,A Short Film About Killing,1988,"Crime,Drama"
7.6,7796,Damnation,1988,"Crime,Drama,Romance"
6.6,9166,Lady in White,1988,"Fantasy,Horror,Mystery"
7.4,108125,The Land Before Time,1988,"Adventure,Animation,Drama"
6.9,2466,Tiger on the Beat,1988,"Action,Comedy,Crime"
7.5,68715,The Last Temptation of Christ,1988,Drama
7.0,1930,The Reader,1988,"Comedy,Drama"
7.1,2495,The Legend of the Holy Drinker,1988,Drama
7.7,2627,Let's Get Lost,1988,"Biography,Documentary,Music"
6.9,6502,Gandahar,1987,"Adventure,Animation,Fantasy"
6.6,1777,Madame Sousatzka,1988,"Drama,Music"
6.9,2368,Little Vera,1988,"Drama,Romance"
7.5,104699,Midnight Run,1988,"Action,Comedy,Crime"
6.8,7365,The Milagro Beanfield War,1988,"Comedy,Drama,Fantasy"
7.8,128335,Mississippi Burning,1988,"Crime,Drama,Mystery"
6.6,2216,The Moderns,1988,"Comedy,Drama,Romance"
8.8,4604,The Moromete Family,1987,Drama
7.5,51154,Women on the Verge of a Nervous Breakdown,1988,"Comedy,Drama"
7.6,224587,The Naked Gun: From the Files of Police Squad!,1988,"Comedy,Crime"
6.6,4337,The Navigator: A Medieval Odyssey,1988,"Action,Adventure,Drama"
7.4,15288,Alice,1988,"Adventure,Animation,Family"
8.5,319390,Cinema Paradiso,1988,"Drama,Romance"
6.6,57536,Oliver & Company,1988,"Adventure,Animation,Comedy"
7.7,20580,The Bear,1988,"Adventure,Drama,Family"
7.4,16692,Bagdad Cafe,1987,"Comedy,Drama"
6.7,1688,Pascali's Island,1988,Drama
6.9,4488,The Little Devil,1988,"Comedy,Fantasy,Romance"
7.2,9438,Powaqqatsi,1988,"Documentary,Music"
7.4,11944,Qayamat Se Qayamat Tak,1988,"Drama,Musical,Romance"
8.0,588006,Rain Man,1988,Drama
6.6,3011,Return to Snowy River,1988,"Adventure,Drama,Romance"
7.6,20199,Running on Empty,1988,"Crime,Drama,Music"
7.9,11273,Salaam Bombay!,1988,"Crime,Drama"
6.9,129433,Scrooged,1988,"Comedy,Drama,Fantasy"
6.8,16313,Shoot to Kill,1988,"Action,Adventure,Crime"
7.6,55628,The Vanishing,1988,"Mystery,Thriller"
6.6,5479,Stealing Home,1988,"Drama,Romance,Sport"
6.6,1618,Tales from the Gimli Hospital,1988,"Comedy,Drama,Fantasy"
7.2,15662,Talk Radio,1988,"Drama,Thriller"
6.9,29385,Tetsuo: The Iron Man,1989,"Horror,Sci-Fi"
6.9,2801,Tezaab,1988,"Action,Crime,Drama"
7.2,166120,They Live,1988,"Action,Horror,Sci-Fi"
7.9,26336,The Thin Blue Line,1988,"Crime,Documentary"
7.0,4414,Things Change,1988,"Comedy,Crime,Drama"
8.1,437454,My Neighbor Totoro,1988,"Adventure,Animation,Comedy"
7.9,11344,Landscape in the Mist,1988,Drama
7.8,8346,Torch Song Trilogy,1988,"Comedy,Drama,Romance"
6.9,22779,Tucker: The Man and His Dream,1988,"Biography,Comedy,Drama"
7.6,6420,U2: Rattle and Hum,1988,"Documentary,Music"
7.8,2346,Ubit drakona,1988,"Drama,Family,Fantasy"
7.2,40950,The Unbearable Lightness of Being,1988,"Drama,Romance"
7.5,6445,Story of Women,1988,"Drama,History,Romance"
6.8,5172,Life Is a Long Quiet River,1988,Comedy
9.0,2624,Time of Violence,1988,Drama
6.7,4984,Walker,1987,"Biography,Drama,History"
7.7,234272,Who Framed Roger Rabbit,1988,"Adventure,Animation,Comedy"
7.2,139006,Willow,1988,"Action,Adventure,Drama"
6.9,12203,Without a Clue,1988,"Comedy,Crime,Mystery"
7.0,14389,As Tears Go By,1988,"Crime,Drama,Romance"
6.8,68429,Working Girl,1988,"Comedy,Drama,Romance"
7.0,1973,A World Apart,1988,Drama
6.8,74470,Young Guns,1988,"Action,Drama,Western"
6.6,2189,Door on the Left as You Leave the Elevator,1988,"Comedy,Romance"
6.8,93101,The 'Burbs,1989,"Comedy,Mystery,Thriller"
6.7,2241,84C MoPic,1989,"Drama,War"
7.5,210038,The Abyss,1989,"Adventure,Drama,Mystery"
7.1,60171,The Adventures of Baron Munchausen,1988,"Adventure,Comedy,Fantasy"
6.8,49944,All Dogs Go to Heaven,1989,"Adventure,Animation,Comedy"
8.3,5132,Apoorva Sagodharargal,1989,"Action,Comedy,Drama"
7.0,2308,My Twentieth Century,1989,"Comedy,Drama,Fantasy"
6.7,8027,The BFG,1989,"Adventure,Animation,Drama"
7.8,626998,Back to the Future Part II,1989,"Adventure,Comedy,Sci-Fi"
8.0,3870,"Bashu, the Little Stranger",1989,"Drama,War"
7.5,434586,Batman,1989,Crime
7.7,7103,A City of Sadness,1989,"Drama,History"
6.9,150518,Bill & Ted's Excellent Adventure,1989,"Adventure,Comedy,Music"
6.6,65134,Black Rain,1989,"Action,Crime,Drama"
7.6,3071,The Battle of Kosovo,1989,"Drama,History,War"
7.2,125595,Born on the Fourth of July,1989,"Biography,Drama,War"
7.1,52174,Casualties of War,1989,"Action,Crime,Drama"
6.7,2380,Chandni,1989,"Drama,Musical,Romance"
6.8,13591,The Adventures of Milo and Otis,1986,"Adventure,Drama,Family"
7.3,1546,What Time Is It?,1989,"Comedy,Drama"
7.0,2119,Coming Out,1989,"Drama,Romance"
7.1,6615,A Tale of Springtime,1990,"Comedy,Drama,Romance"
7.5,45329,"The Cook, the Thief, His Wife & Her Lover",1989,"Crime,Drama"
7.8,63611,Crimes and Misdemeanors,1989,"Comedy,Drama"
6.8,48867,Dead Calm,1989,"Horror,Thriller"
8.1,664231,Dead Poets Society,1989,"Comedy,Drama"
7.3,1577,Why Has Bodhi-Dharma Left for the East?,1989,Drama
7.7,56023,The Killer,1989,"Action,Crime,Drama"
7.9,125692,Do the Right Thing,1989,"Comedy,Drama"
8.1,34743,Time of the Gypsies,1988,"Comedy,Crime,Drama"
7.3,124230,Driving Miss Daisy,1989,"Comedy,Drama"
7.2,43264,Drugstore Cowboy,1989,"Crime,Drama"
7.0,6928,A Dry White Season,1989,"Drama,Thriller"
7.2,7339,God of Gamblers,1989,"Action,Adventure,Comedy"
7.5,1733,Deja vu,1990,"Comedy,Crime,History"
6.6,2837,"Enemies, a Love Story",1989,"Comedy,Drama,Romance"
6.9,27973,The Fabulous Baker Boys,1989,"Comedy,Drama,Music"
7.5,141337,Field of Dreams,1989,"Drama,Family,Fantasy"
8.1,7323,For All Mankind,1989,"Documentary,History"
7.3,1733,An Enemy of the People,1989,Drama
7.1,2372,Kaadhalan,1994,"Action,Drama,Romance"
6.6,240968,Ghostbusters II,1989,"Action,Comedy,Fantasy"
8.3,3220,Geethanjali,1989,"Drama,Musical,Romance"
7.8,153770,Glory,1989,"Biography,Drama,History"
6.8,19194,The Gods Must Be Crazy II,1989,Comedy
7.1,127071,Heathers,1989,"Comedy,Crime"
7.5,33508,Henry V,1989,"Biography,Drama,History"
6.8,7166,How to Get Ahead in Advertising,1989,"Comedy,Fantasy"
7.1,2100,In the Line of Duty IV,1989,"Action,Comedy,Crime"
6.9,3464,The Needle,1988,"Drama,Thriller"
8.2,868912,Indiana Jones and the Last Crusade,1989,Adventure
7.0,1810,Intergirl,1989,"Drama,Romance"
7.5,7911,Jesus of Montreal,1989,"Drama,Romance"
6.7,2302,Kogel-mogel,1988,Comedy
7.8,4406,Black Rain,1989,"Drama,War"
6.8,7714,Last Exit to Brooklyn,1989,Drama
7.4,24956,Lean on Me,1989,"Biography,Drama"
7.4,1744,A legényanya,1989,Comedy
7.0,9576,Leningrad Cowboys Go America,1989,"Comedy,Music"
6.8,7389,Let It Ride,1989,"Action,Comedy"
7.3,202554,Lethal Weapon 2,1989,"Action,Crime,Thriller"
6.7,121442,Licence to Kill,1989,"Action,Adventure,Thriller"
7.6,314424,The Little Mermaid,1989,"Adventure,Animation,Family"
7.8,190824,Kiki's Delivery Service,1989,"Animation,Family,Fantasy"
7.3,83845,Major League,1989,"Comedy,Sport"
6.7,1771,Marquis,1989,"Animation,Comedy"
7.3,2608,Marrakech Express,1989,"Adventure,Comedy"
7.7,2461,Homework,1989,"Documentary,Drama"
8.2,1825,Mathilukal,1990,"Drama,Romance"
6.6,21979,Meet the Feebles,1989,"Comedy,Fantasy,Music"
7.2,3673,May Fools,1990,"Comedy,Romance"
7.0,15271,Miracle Mile,1988,"Action,Drama,Romance"
7.5,7691,Monsieur Hire,1989,"Crime,Drama,Romance"
7.8,85731,My Left Foot,1989,"Biography,Drama"
7.5,33234,Mystery Train,1989,"Comedy,Crime,Drama"
7.5,248334,National Lampoon's Christmas Vacation,1989,Comedy
6.8,3096,White Wedding,1989,"Drama,Romance"
6.9,6139,Miracles: The Canton Godfather,1989,"Action,Comedy,Crime"
7.1,3455,Red Wood Pigeon,1989,"Comedy,Drama,Sport"
6.6,6827,Paperhouse,1988,"Drama,Fantasy"
7.1,59409,Parenthood,1989,"Comedy,Drama"
6.8,2576,The Little Thief,1988,"Comedy,Drama"
7.2,2298,Powwow Highway,1989,"Adventure,Drama"
6.8,3281,Ram Lakhan,1989,"Action,Comedy,Drama"
7.3,1608,Recollections of the Yellow House,1989,"Adventure,Comedy,Drama"
7.3,1601,The Journey to Melonia,1989,"Adventure,Animation,Family"
6.7,113156,Road House,1989,"Action,Thriller"
7.5,28297,Roger & Me,1989,Documentary
8.0,2428,Red Dawn,1990,"Drama,Thriller"
7.2,2631,Romero,1989,"Biography,Crime,Drama"
6.8,2076,"Mama, There's a Man in Your Bed",1989,"Comedy,Drama,Romance"
7.6,2247,The French Revolution,1989,"Drama,History,Thriller"
7.5,25803,Santa Sangre,1989,"Drama,Horror,Thriller"
7.3,103570,Say Anything,1989,"Comedy,Drama,Romance"
7.4,1640,The Adventures of Scamper the Penguin,1987,"Adventure,Animation,Family"
6.8,49038,Sea of Love,1989,"Crime,Drama,Mystery"
6.9,62695,"See No Evil, Hear No Evil",1989,"Comedy,Crime"
7.3,9970,Shirley Valentine,1989,"Comedy,Drama,Romance"
7.6,19291,The Seventh Continent,1989,Drama
6.8,3824,The Siege of Firebase Gloria,1988,"Action,Drama,War"
7.1,14287,Violent Cop,1989,"Action,Crime,Drama"
6.6,1810,Speaking Parts,1989,"Drama,Romance"
7.3,70230,Steel Magnolias,1989,"Comedy,Drama,Romance"
7.5,9254,The Winter War,1989,"Drama,History,War"
6.6,2001,Tap,1989,"Comedy,Drama,Music"
6.8,3141,Triumph of the Spirit,1989,"Biography,Drama,History"
6.6,3270,Too Beautiful for You,1989,"Drama,Romance"
6.7,6057,True Believer,1989,"Crime,Drama,Mystery"
7.5,13862,The Match Factory Girl,1990,"Comedy,Crime,Drama"
6.9,34616,UHF,1989,"Comedy,Sci-Fi"
7.1,122425,Uncle Buck,1989,Comedy
8.2,8381,Don't Let Them Shoot the Kite,1989,Drama
7.0,15493,Valmont,1989,"Drama,Romance"
7.5,2302,Life and Nothing But,1989,"Drama,War"
6.9,63234,The War of the Roses,1989,"Comedy,Romance"
7.7,274061,When Harry Met Sally...,1989,"Comedy,Drama,Romance"
6.7,11994,Wicked City,1987,"Action,Animation,Fantasy"
7.2,1867,All About Ah-Long,1989,Drama
7.2,65060,"Sex, Lies, and Videotape",1989,Drama
6.7,5922,Sweetie,1989,"Comedy,Drama"
6.8,8206,Boiling Point,1990,"Action,Comedy,Crime"
7.6,10042,Agneepath,1990,"Action,Crime,Drama"
6.6,16401,Alice,1990,"Comedy,Romance"
7.4,9498,An Angel at My Table,1990,"Biography,Drama"
8.2,3355,Anjali,1990,"Drama,Family,Musical"
7.2,7535,Avalon,1990,Drama
7.8,178167,Awakenings,1990,"Biography,Drama"
7.5,524451,Back to the Future Part III,1990,"Adventure,Comedy,Sci-Fi"
6.9,1699,The Big Steal,1990,Comedy
7.6,6157,My Mother's Castle,1990,"Adventure,Biography,Comedy"
6.7,3300,Come See the Paradise,1990,"Drama,Romance,War"
6.7,2782,Coupe de Ville,1990,"Comedy,Drama"
7.5,27716,Cyrano de Bergerac,1990,"Comedy,Drama,History"
8.0,312244,Dances with Wolves,1990,"Adventure,Drama,Western"
7.2,409034,Die Hard 2,1990,"Action,Thriller"
7.5,13485,Bullet in the Head,1990,"Action,Crime,Drama"
6.6,6198,Dil,1990,"Comedy,Drama,Romance"
6.8,30598,DuckTales: The Movie - Treasure of the Lost Lamp,1990,"Adventure,Animation,Comedy"
7.8,568738,Edward Scissorhands,1990,"Drama,Fantasy,Romance"
7.6,3150,The Tenants,1987,"Comedy,Drama"
7.2,24950,Operation Condor,1991,"Action,Adventure,Comedy"
7.3,7642,The Field,1990,"Drama,Thriller"
6.6,98852,Flatliners,1990,"Drama,Horror,Sci-Fi"
7.7,5643,Ghayal,1990,"Action,Crime,Drama"
7.1,258484,Ghost,1990,"Drama,Fantasy,Romance"
7.6,7630,My Father's Glory,1990,"Adventure,Biography,Comedy"
7.5,458974,The Godfather Part III,1990,"Crime,Drama"
8.7,1406286,GoodFellas,1990,"Biography,Crime,Drama"
6.8,33631,The Grifters,1990,"Crime,Drama,Thriller"
6.7,25187,Hamlet,1990,Drama
7.8,7749,Hamoun,1990,Drama
7.0,44790,Henry: Portrait of a Serial Killer,1986,"Biography,Crime,Drama"
6.9,5390,Hidden Agenda,1990,"Drama,Thriller"
7.5,18730,Europa Europa,1990,"Drama,History,War"
7.8,751822,Home Alone,1990,"Comedy,Family"
7.5,233168,The Hunt for Red October,1990,"Action,Adventure,Thriller"
7.1,9078,I Hired a Contract Killer,1990,"Comedy,Crime,Drama"
7.4,130410,Jacob's Ladder,1990,"Drama,Horror,Mystery"
7.6,9729,Ju Dou,1990,"Drama,Romance"
6.9,49472,King of New York,1990,"Crime,Thriller"
7.4,1850,Korczak,1990,"Biography,Drama,War"
6.6,9796,The Krays,1990,"Biography,Crime,Drama"
7.4,12232,Life Is Sweet,1990,"Comedy,Drama"
7.3,5765,The Long Walk Home,1990,"Drama,History"
7.6,6546,Longtime Companion,1989,"Drama,Romance"
7.3,14078,Maine Pyar Kiya,1989,"Drama,Musical,Romance"
7.1,11170,The Hairdresser's Husband,1990,"Comedy,Drama,Romance"
6.9,32241,Memphis Belle,1990,"Action,Drama,War"
6.6,2993,Men Don't Leave,1990,"Comedy,Drama"
6.7,41691,Mermaids,1990,"Comedy,Drama,Romance"
7.2,13841,Metropolitan,1990,"Comedy,Drama,Romance"
7.7,148922,Miller's Crossing,1990,"Crime,Drama,Thriller"
7.6,3417,Mindwalk,1990,Drama
7.8,268130,Misery,1990,"Drama,Thriller"
6.7,15104,Mo' Better Blues,1990,"Drama,Music,Romance"
7.1,4761,Mountains of the Moon,1990,"Adventure,Drama,History"
6.6,3950,Mr. & Mrs. Bridge,1990,Drama
7.4,9798,Music Box,1989,"Crime,Drama,Thriller"
6.6,12134,Narrow Margin,1990,"Action,Crime,Thriller"
8.2,27230,Close-Up,1990,"Biography,Crime,Drama"
6.8,49364,Night of the Living Dead,1990,Horror
7.2,82103,La Femme Nikita,1990,"Action,Crime,Drama"
6.8,2921,The Nutcracker Prince,1990,"Adventure,Animation,Family"
8.2,21581,Paris Is Burning,1990,Documentary
7.0,6364,Patlabor: The Movie,1989,"Action,Animation,Crime"
6.7,22519,Postcards from the Edge,1990,"Comedy,Drama"
6.9,53323,Presumed Innocent,1990,"Mystery,Thriller"
7.1,410080,Pretty Woman,1990,"Comedy,Romance"
7.2,33721,Pump Up the Volume,1990,"Comedy,Drama,Music"
6.6,8257,Q&A,1990,"Crime,Drama,Thriller"
6.8,24271,Quick Change,1990,"Comedy,Crime"
6.7,10652,The Reflecting Skin,1990,"Drama,Horror,Thriller"
7.5,2574,Journey of Hope,1990,"Adventure,Drama"
6.8,51670,The Rescuers Down Under,1990,"Adventure,Animation,Comedy"
7.1,21667,Reversal of Fortune,1990,"Biography,Drama,Mystery"
7.0,5279,Riff-Raff,1991,"Comedy,Drama"
7.3,25927,Rosencrantz & Guildenstern Are Dead,1990,"Comedy,Drama"
7.3,2968,The Nasty Girl,1990,"Comedy,Drama,History"
6.7,14884,The Sheltering Sky,1990,"Adventure,Drama"
6.6,6580,A Shock to the System,1990,"Comedy,Crime,Thriller"
6.8,4595,A Chinese Ghost Story II,1990,"Action,Comedy,Fantasy"
7.6,4962,Everybody's Fine,1990,Drama
7.1,29662,State of Grace,1990,"Action,Crime,Drama"
7.2,1576,Twilight,1990,"Crime,Drama,Mystery"
7.0,3969,Auntie Danielle,1990,"Comedy,Drama,Romance"
7.3,2178,Taxi Blues,1990,"Comedy,Drama"
6.8,113323,Teenage Mutant Ninja Turtles,1990,"Action,Adventure,Comedy"
7.3,2375,A Moment of Romance,1990,"Action,Crime,Drama"
7.1,3571,To Sleep with Anger,1990,Drama
7.5,383837,Total Recall,1990,"Action,Adventure,Sci-Fi"
7.2,167481,Tremors,1990,"Comedy,Horror"
7.2,6857,The Unbelievable Truth,1989,"Comedy,Drama,Romance"
7.0,1663,Uranus,1990,"Comedy,Drama,History"
6.9,4526,Vincent & Theo,1990,"Biography,Drama"
6.8,6822,Werner and the Wizard of Booze,1990,"Action,Adventure,Animation"
7.2,112507,Wild at Heart,1990,"Crime,Drama,Thriller"
6.8,59742,The Witches,1990,"Adventure,Comedy,Family"
6.9,4665,King of Beggars,1992,"Action,Comedy,Drama"
6.9,1586,Tiger Cage II,1990,"Action,Comedy,Crime"
6.8,2914,Swordsman,1990,"Action,Comedy,History"
7.7,33115,Dreams,1990,"Drama,Fantasy"
6.7,8231,Once a Thief,1991,"Action,Comedy,Crime"
7.1,3637,"Oh, Carmela!",1990,"Comedy,Drama,War"
7.0,33762,Tie Me Up! Tie Me Down!,1989,"Comedy,Crime,Drama"
7.2,3549,29th Street,1991,"Comedy,Drama"
7.4,28801,Days of Being Wild,1990,"Crime,Drama,Romance"
7.0,202515,The Addams Family,1991,"Comedy,Fantasy"
6.6,4089,The Adjuster,1991,"Comedy,Drama"
8.0,4800,The Stranger,1991,Drama
6.8,25509,The Lover,1992,"Biography,Drama,Romance"
6.9,3701,Lovers: A True Story,1991,"Crime,Drama,Romance"
7.6,17511,The Lovers on the Bridge,1991,"Drama,Romance"
6.8,3747,At Play in the Fields of the Lord,1991,"Drama,Romance"
6.6,2069,Atlantis,1991,"Documentary,Music"
6.7,94609,Backdraft,1991,"Action,Drama,Mystery"
7.6,136236,Barton Fink,1991,"Comedy,Drama,Thriller"
8.0,508328,Beauty and the Beast,1991,"Animation,Family,Fantasy"
7.5,10673,La belle noiseuse,1991,Drama
6.8,12701,Until the End of the World,1991,"Action,Drama,Sci-Fi"
7.1,8358,Black Robe,1991,"Adventure,Drama,War"
7.8,170028,Boyz n the Hood,1991,"Crime,Drama"
6.8,33850,Bugsy,1991,"Biography,Crime,Drama"
7.2,1700,Children of Nature,1991,"Drama,Romance"
7.3,248386,Cape Fear,1991,"Crime,Drama,Thriller"
6.8,67708,City Slickers,1991,"Comedy,Western"
7.2,2953,City of Hope,1991,"Crime,Drama"
6.9,2083,Clearcut,1991,"Drama,Horror,Thriller"
7.0,3281,Closet Land,1990,"Drama,Thriller"
7.6,43463,The Commitments,1991,"Comedy,Drama,Music"
6.6,6356,Coolie No. 1,1995,"Action,Comedy,Romance"
8.1,38341,Raise the Red Lantern,1991,"Drama,Romance"
8.5,16127,Thalapathi,1991,"Action,Crime,Drama"
6.8,32847,Dead Again,1991,"Crime,Drama,Mystery"
7.2,23759,Defending Your Life,1991,"Comedy,Drama,Fantasy"
7.5,94710,Delicatessen,1991,"Comedy,Crime"
7.2,5038,Dil Hai Ki Manta Nahin,1991,"Adventure,Comedy,Drama"
6.9,6273,The Doctor,1991,Drama
7.3,11400,Dogfight,1991,"Comedy,Drama,Romance"
7.2,107775,The Doors,1991,"Biography,Drama,Music"
6.8,4070,God of Gamblers II,1990,"Action,Adventure,Comedy"
7.6,57439,The Double Life of Véronique,1991,"Drama,Fantasy,Music"
7.0,2441,The Boys from St. Petri,1991,"Drama,War"
6.6,2974,God of Gamblers Part III: Back to Shanghai,1991,"Comedy,Crime,Drama"
6.7,3378,Edward II,1991,"Drama,History,Romance"
7.3,7837,Enchanted April,1991,Drama
7.5,24807,Europa,1991,"Crime,Drama,Thriller"
6.6,94141,Father of the Bride,1991,"Comedy,Family,Romance"
7.5,97330,The Fisher King,1991,"Comedy,Drama,Fantasy"
7.6,5446,The Five Heartbeats,1991,"Drama,Music"
7.1,6788,Flirting,1991,"Drama,Romance"
6.8,39048,Frankie and Johnny,1991,"Comedy,Drama,Romance"
7.7,93072,Fried Green Tomatoes,1991,Drama
6.8,17543,Grand Canyon,1991,"Crime,Drama"
6.6,10555,Guilty by Suspicion,1991,Drama
8.2,15281,A Brighter Summer Day,1991,"Crime,Drama,Romance"
7.2,8320,Rhapsody in August,1991,"Drama,War"
6.9,1682,Hangin' with the Homeboys,1991,"Comedy,Drama"
7.0,2080,Hear My Song,1991,"Comedy,Drama,Music"
8.1,25984,Hearts of Darkness: A Filmmaker's Apocalypse,1991,Documentary
7.0,1572,Highway 61,1991,"Comedy,Music"
6.9,8973,Homicide,1991,"Crime,Mystery,Thriller"
6.7,3826,Voyager,1991,"Drama,Romance"
6.8,293808,Hook,1991,"Adventure,Comedy,Family"
6.7,125826,Hot Shots!,1991,"Action,Comedy"
6.9,3767,Hum,1991,"Action,Comedy,Drama"
6.8,5992,Impromptu,1991,"Biography,Comedy,Music"
6.9,10434,The Indian Runner,1991,Drama
6.7,1607,I Don't Kiss,1991,"Adventure,Crime,Drama"
8.0,182927,JFK,1991,"Drama,History,Thriller"
7.6,2365,Jacquot of Nantes,1991,"Biography,Comedy,Drama"
7.2,12491,Johnny Stecchino,1991,"Comedy,Crime,Romance"
6.6,21147,Jungle Fever,1991,"Drama,Romance"
6.8,11169,Kafka,1991,"Drama,Mystery,Sci-Fi"
8.3,3223,Kit Kat,1991,"Comedy,Drama,Romance"
6.7,34903,L.A. Story,1991,"Comedy,Drama,Fantasy"
7.2,3459,Lamhe,1991,"Drama,Musical,Romance"
7.0,121614,The Last Boy Scout,1991,"Action,Comedy,Crime"
7.1,4043,Let Him Have It,1991,"Crime,Drama,History"
7.0,16745,Riki-Oh: The Story of Ricky,1991,"Action,Comedy,Crime"
6.9,11481,Light Sleeper,1992,"Crime,Drama"
6.6,18025,Little Man Tate,1991,Drama
6.6,4983,Madame Bovary,1991,"Drama,Romance"
8.4,5490,Mother,1990,Drama
7.2,21914,The Man in the Moon,1991,"Drama,Romance"
7.5,3791,Mother,1991,Drama
7.4,17901,Mediterraneo,1991,"Comedy,Drama,War"
7.5,3230,The Suspended Step of the Stork,1991,"Drama,Romance"
7.1,10700,A Midnight Clear,1992,"Drama,War"
6.8,7589,Mississippi Masala,1991,"Drama,Romance"
6.9,98958,My Girl,1991,"Comedy,Drama,Family"
6.9,67701,My Own Private Idaho,1991,Drama
6.9,142607,The Naked Gun 2½: The Smell of Fear,1991,"Comedy,Crime"
6.9,61240,Naked Lunch,1991,"Drama,Mystery"
6.7,42648,New Jack City,1991,"Action,Crime,Drama"
7.6,71558,Night on Earth,1991,"Comedy,Drama"
6.6,17975,Not Without My Daughter,1991,"Drama,Thriller"
7.7,3506,The Elementary School,1991,"Adventure,Comedy,Drama"
7.5,1972,"Olivier, Olivier",1992,"Adventure,Crime,Drama"
7.6,42939,Only Yesterday,1991,"Animation,Drama,Romance"
7.1,16825,One False Move,1991,"Crime,Drama,Thriller"
6.6,37145,Oscar,1991,"Comedy,Crime"
7.9,6302,"Attention, Papa Arrives!",1991,"Comedy,Family"
6.7,3448,Paradise,1991,Drama
7.8,4155,Parinda,1989,"Action,Crime,Drama"
6.8,1569,The Pistol: The Birth of a Legend,1991,"Biography,Drama,Sport"
7.3,228190,Point Break,1991,"Action,Crime,Thriller"
8.0,2442,Prahaar: The Final Attack,1991,"Action,Crime,Drama"
6.8,21627,The Prince of Tides,1991,"Drama,Romance"
7.2,7600,Proof,1991,"Drama,Romance"
6.8,7093,Prospero's Books,1991,"Drama,Fantasy"
6.9,27602,Quigley Down Under,1990,"Action,Adventure,Drama"
6.7,36457,Regarding Henry,1991,"Drama,Romance"
6.9,223570,Robin Hood: Prince of Thieves,1991,"Action,Adventure,Drama"
6.6,66237,The Rocketeer,1991,"Action,Adventure,Family"
6.8,3738,Roujin Z,1991,"Animation,Comedy,Drama"
7.1,1769,Controlled Conversations,1991,Comedy
7.4,3221,Center Stage,1991,"Biography,Drama,Romance"
7.0,2191,Rubin and Ed,1991,"Comedy,Drama"
6.7,11257,Rush,1991,"Action,Crime,Drama"
7.2,8191,Saajan,1991,"Drama,Musical,Romance"
6.7,1799,Saudagar,1991,"Action,Drama,Romance"
8.6,1740837,The Silence of the Lambs,1991,"Crime,Drama,Horror"
6.6,3451,A Chinese Ghost Story III,1991,"Action,Comedy,Fantasy"
7.0,25594,Slacker,1990,"Comedy,Drama"
6.6,19000,Soapdish,1991,"Comedy,Romance"
6.8,4661,Love in the Time of Hysteria,1991,"Comedy,Romance"
7.3,85646,Star Trek VI: The Undiscovered Country,1991,"Action,Adventure,Sci-Fi"
7.6,1609,Strangers in Good Company,1990,"Adventure,Drama"
7.2,1978,Surviving Desire,1992,"Comedy,Drama,Romance"
7.0,19035,High Heels,1991,"Comedy,Drama,Romance"
6.7,1684,Prison on Fire II,1991,"Crime,Drama,Thriller"
7.0,5482,Fight Back to School,1991,"Action,Comedy,Crime"
8.6,1294712,Terminator 2: Judgment Day,1991,"Action,Adventure,Sci-Fi"
7.6,195567,Thelma & Louise,1991,"Adventure,Crime,Drama"
7.1,2173,Tongues Untied,1989,Documentary
7.4,6711,Toto the Hero,1991,"Comedy,Drama,Fantasy"
7.5,8499,All the Mornings of the World,1991,"Biography,Drama,History"
6.6,26521,Toy Soldiers,1991,"Action,Drama,Thriller"
7.2,9426,Truly Madly Deeply,1990,"Comedy,Drama,Fantasy"
7.3,11869,Trust,1990,"Comedy,Crime,Drama"
6.7,1514,Une époque formidable...,1991,"Comedy,Drama"
7.5,4080,Close to Eden,1991,"Adventure,Drama,Romance"
7.1,4085,Cows,1992,"Drama,Mystery,Romance"
7.1,3646,Van Gogh,1991,"Biography,Drama,Romance"
7.0,79624,What About Bob?,1991,Comedy
6.7,24392,White Fang,1991,"Adventure,Drama,Family"
7.2,6438,Wild Hearts Can't Be Broken,1991,"Drama,Family,Romance"
7.2,21585,Once Upon a Time in China,1991,Action
7.1,5249,Swordsman II,1992,"Action,Comedy,Fantasy"
7.0,3421,Tricky Brains,1991,"Comedy,Romance"
7.3,1704,1991: The Year Punk Broke,1992,"Documentary,History,Music"
6.9,2124,"588, rue Paradis",1992,Drama
6.9,3243,Aileen Wuornos: The Selling of a Serial Killer,1992,"Crime,Documentary"
8.0,504071,Aladdin,1992,"Adventure,Animation,Comedy"
6.7,3897,American Heart,1992,"Crime,Drama,Romance"
7.1,11643,American Me,1992,"Biography,Crime,Drama"
7.5,7522,A Scene at the Sea,1991,"Comedy,Drama,Romance"
6.8,5354,The Eight Immortals Restaurant: The Untold Story,1993,"Comedy,Crime,Horror"
7.0,52986,Bad Lieutenant,1992,"Crime,Drama,Thriller"
8.5,43385,Baraka,1992,Documentary
7.1,245891,Basic Instinct,1992,"Drama,Mystery,Romance"
7.1,351800,Batman Returns,1992,"Action,Crime,Fantasy"
7.1,12274,Belle Epoque,1992,"Comedy,Drama,Romance"
7.1,21017,Benny's Video,1992,"Crime,Drama"
6.8,1924,Betty,1992,Drama
7.0,2315,The Inner Circle,1991,"Biography,Crime,Drama"
7.0,14997,Bob Roberts,1992,"Comedy,Drama"
6.9,5001,Brain Donors,1992,Comedy
7.4,110441,Braindead,1992,"Comedy,Fantasy,Horror"
7.4,269899,Dracula,1992,"Fantasy,Horror,Romance"
7.3,6250,A Brief History of Time,1991,"Biography,Documentary"
7.5,4427,Brother's Keeper,1992,"Crime,Documentary,Mystery"
7.4,45236,Man Bites Dog,1992,"Comedy,Crime,Drama"
6.8,110096,Candyman,1992,"Horror,Thriller"
7.0,2056,Careful,1992,"Comedy,Drama,Horror"
7.5,6357,Rebels of the Neon God,1992,"Crime,Drama,Romance"
7.5,65936,Chaplin,1992,"Biography,Comedy,Drama"
7.8,4318,The Oak,1992,"Comedy,Drama"
7.1,20603,Like Water for Chocolate,1992,"Drama,Romance"
7.2,7101,A Tale of Winter,1992,"Drama,Romance"
6.8,1844,The Crisis,1992,"Comedy,Music"
7.8,3920,The Black Bomber,1992,Drama
6.7,36814,Cronos,1992,"Drama,Fantasy,Horror"
7.2,63727,The Crying Game,1992,"Crime,Drama,Romance"
6.9,25506,The Cutting Edge,1992,"Comedy,Drama,Romance"
7.5,4666,Daens,1992,"Biography,Drama,History"
6.7,3902,Daughters of the Dust,1991,"Drama,History,Romance"
6.7,151222,Death Becomes Her,1992,"Comedy,Fantasy,Horror"
7.0,16727,Deep Cover,1992,"Action,Crime,Thriller"
6.9,8884,Diggstown,1992,"Drama,Sport"
6.8,3123,All for the Winner,1990,"Action,Comedy,Crime"
6.6,16593,Wuthering Heights,1992,"Drama,History,Romance"
6.6,73164,Far and Away,1992,"Adventure,Drama,Romance"
6.7,22854,Damage,1992,"Drama,Romance"
6.6,37821,FernGully: The Last Rainforest,1992,"Adventure,Animation,Family"
7.8,320337,A Few Good Men,1992,"Drama,Thriller"
6.6,4824,Gas Food Lodging,1992,"Drama,Romance"
6.6,11929,Gladiator,1992,"Action,Drama,Sport"
7.6,126838,Glengarry Glen Ross,1992,"Crime,Drama,Mystery"
7.7,3787,The Best Intentions,1992,"Biography,Drama,Romance"
6.7,56485,The Hand That Rocks the Cradle,1992,"Drama,Thriller"
6.6,26282,Hoffa,1992,"Biography,Crime,Drama"
6.9,460121,Home Alone 2: Lost in New York,1992,"Adventure,Comedy,Crime"
7.3,38938,Howards End,1992,"Drama,Romance"
7.5,33124,Husbands and Wives,1992,"Comedy,Drama,Romance"
7.4,1578,Hyenas,1992,"Comedy,Drama"
7.1,5032,In the Soup,1992,"Comedy,Drama"
7.0,11818,Indochine,1992,"Drama,Romance,War"
7.0,3423,Into the West,1992,"Adventure,Family,Fantasy"
7.2,2939,"All's Well, Ends Well",1992,"Comedy,Romance"
7.0,27008,Police Story 3: Supercop,1992,"Action,Comedy,Crime"
8.1,27747,Jo Jeeta Wohi Sikandar,1992,"Comedy,Drama,Romance"
7.0,33693,Juice,1992,"Action,Crime,Drama"
7.2,2786,Kein Pardon,1993,Comedy
7.1,8989,Khiladi,1992,"Action,Comedy,Musical"
6.6,2429,Khuda Gawah,1992,"Action,Adventure,Drama"
7.7,118124,Porco Rosso,1992,"Adventure,Animation,Comedy"
7.2,2342,L.627,1992,"Crime,Drama,Thriller"
7.3,4388,The Dark Side of the Heart,1992,"Comedy,Drama,Romance"
7.6,3123,The Stolen Children,1992,"Crime,Drama"
7.7,60435,Hard Boiled,1992,"Action,Crime,Thriller"
7.6,208800,The Last of the Mohicans,1992,"Action,Adventure,Drama"
7.4,131809,A League of Their Own,1992,"Comedy,Drama,Sport"
6.6,1718,Leaving Normal,1992,"Comedy,Drama"
6.7,189560,Lethal Weapon 3,1992,"Action,Crime,Thriller"
7.1,8937,Little Nemo: Adventures in Slumberland,1989,"Adventure,Animation,Comedy"
6.6,4723,The Living End,1992,"Comedy,Crime,Drama"
7.3,4525,The Long Day Closes,1992,"Biography,Drama"
7.3,25610,Lorenzo's Oil,1992,"Biography,Drama"
7.1,4669,Royal Tramp,1992,"Action,Comedy,Crime"
7.0,3396,Royal Tramp II,1992,"Action,Comedy,Crime"
7.7,3053,A Place in the World,1992,Drama
7.2,46656,Bitter Moon,1992,"Drama,Romance,Thriller"
7.3,7718,Leolo,1992,"Comedy,Drama,Fantasy"
7.7,112065,Malcolm X,1992,"Biography,Drama,History"
6.8,1959,Damned the Day I Met You,1992,Comedy
8.1,5045,Manufacturing Consent: Noam Chomsky and the Media,1992,"Biography,Documentary,War"
7.0,3587,Map of the Human Heart,1992,"Adventure,Drama,Romance"
6.8,75166,El Mariachi,1992,"Action,Crime,Thriller"
8.3,10275,We Are Not Angels,1992,"Comedy,Fantasy,Romance"
6.6,77356,The Mighty Ducks,1992,"Comedy,Drama,Family"
7.8,82514,The Muppet Christmas Carol,1992,"Comedy,Drama,Family"
7.6,160788,My Cousin Vinny,1992,"Comedy,Crime"
6.9,24506,Newsies,1992,"Drama,Family,History"
7.4,13914,Noises Off...,1992,Comedy
7.2,3623,The Northerners,1992,"Comedy,Drama"
6.8,2598,Savage Nights,1992,"Biography,Crime,Drama"
7.4,51660,Of Mice and Men,1992,"Drama,Western"
7.3,3115,"Dearest Relatives, Poisonous Relations",1992,Comedy
7.3,6512,Passion Fish,1992,Drama
6.8,129203,Patriot Games,1992,"Action,Thriller"
6.8,1517,I Thought It Was Love,1991,"Comedy,Drama,Romance"
7.0,13179,Peter's Friends,1992,"Comedy,Drama,Romance"
7.7,2432,Piano Piano Kid,1991,"Comedy,Drama,Family"
7.5,72768,The Player,1992,"Comedy,Crime,Drama"
7.1,11493,The Power of One,1992,"Drama,Sport"
7.6,6144,Psy,1992,"Action,Crime,Drama"
6.6,1907,Puerto Escondido,1992,"Comedy,Crime"
7.2,5922,Pure Country,1992,"Drama,Music,Romance"
7.5,7204,The Story of Qiu Ju,1992,"Comedy,Drama"
6.9,15283,Radio Flyer,1992,Drama
7.0,28555,Red Rock West,1993,"Crime,Drama,Thriller"
8.2,1178030,Reservoir Dogs,1992,"Crime,Thriller"
7.2,71793,A River Runs Through It,1992,Drama
8.1,14855,Roja,1992,"Drama,Musical,Romance"
6.8,43757,Romper Stomper,1992,"Crime,Drama,Thriller"
8.0,374722,Scent of a Woman,1992,Drama
6.9,29626,School Ties,1992,Drama
7.1,4493,Schtonk,1992,"Comedy,Crime"
6.7,19146,Shadows and Fog,1991,Comedy
6.8,3487,"Justice, My Foot!",1992,"Action,Comedy,Crime"
7.1,5131,Simple Men,1992,"Crime,Drama,Romance"
6.8,35683,Singles,1992,"Comedy,Drama,Music"
6.6,119390,Sister Act,1992,"Comedy,Family,Music"
7.1,67917,Sneakers,1992,"Comedy,Crime,Drama"
7.6,2404,Dream of Light,1992,Biography
6.8,7479,South Central,1992,"Crime,Drama"
7.2,31186,Strictly Ballroom,1992,"Comedy,Drama,Music"
6.6,2086,Swoon,1992,"Crime,Drama"
6.6,3444,Fight Back to School II,1992,"Action,Comedy,Crime"
6.6,3536,That Night,1992,"Drama,Romance"
8.7,9059,Thevar Magan,1992,"Action,Drama,Romance"
6.8,19525,Thunderheart,1992,"Crime,Mystery,Thriller"
6.9,2422,Tirangaa,1993,"Action,Drama,Thriller"
7.9,6539,Tito and Me,1992,"Comedy,Drama,Romance"
6.6,5364,The Heroic Trio,1993,"Action,Fantasy,Thriller"
7.2,5353,Pushing Hands,1991,"Comedy,Drama"
7.3,119395,Twin Peaks: Fire Walk with Me,1992,"Drama,Horror,Mystery"
7.5,11631,A Heart in Winter,1992,"Drama,Music,Romance"
8.2,471266,Unforgiven,1992,"Drama,Western"
7.5,7321,The Bohemian Life,1992,"Comedy,Drama,Romance"
7.7,3442,Visions of Light,1992,"Documentary,History"
6.8,3108,The Waterdance,1992,"Comedy,Drama,Romance"
6.6,2645,Waterland,1992,"Drama,Mystery"
7.0,183261,Wayne's World,1992,"Comedy,Music"
6.8,104324,White Men Can't Jump,1992,"Comedy,Sport"
7.3,11498,Once Upon a Time in China II,1992,"Action,Adventure,Biography"
7.1,5405,Full Contact,1992,"Action,Crime,Thriller"
7.2,5306,Dragon Inn,1992,"Action,Thriller"
7.8,9322,And Life Goes On,1992,"Adventure,Drama"
6.8,2625,Aankhen,1993,"Action,Comedy,Crime"
6.9,124270,Addams Family Values,1993,"Comedy,Fantasy"
7.2,75423,The Age of Innocence,1993,"Drama,Romance"
7.1,69139,Alive,1993,"Biography,Drama,Thriller"
6.9,1906,"The Tree, the Mayor and the Mediatheque",1993,"Comedy,Drama"
7.1,5185,The Red Squirrel,1993,"Comedy,Drama,Music"
7.2,47993,Arizona Dream,1993,"Comedy,Drama,Fantasy"
7.4,211451,Army of Darkness,1992,"Comedy,Horror"
7.1,3152,From Karkheh to Rhein,1993,"Drama,War"
8.1,37515,Farewell My Concubine,1993,"Drama,Music,Romance"
7.6,32124,Baazigar,1993,"Crime,Drama,Musical"
6.9,5456,The Baby of Mâcon,1993,"Drama,History"
6.7,7049,Backbeat,1994,"Biography,Drama,Music"
7.3,16220,Bad Boy Bubby,1993,"Comedy,Crime,Drama"
6.8,4129,The Bride with White Hair,1993,"Action,Fantasy,Romance"
6.7,1946,The Ballad of Little Jo,1993,"Drama,Romance,Western"
7.8,64523,Batman: Mask of the Phantasm,1993,"Action,Adventure,Animation"
7.1,65675,Benny & Joon,1993,"Comedy,Drama,Romance"
7.7,3167,Sailor Moon R: The Movie: The Promise of the Rose,1993,"Action,Adventure,Animation"
7.3,3233,Blue,1993,Biography
7.9,38123,Blood in Blood Out,1993,"Biography,Crime,Drama"
7.8,188571,A Bronx Tale,1993,"Crime,Drama"
6.7,2560,Calendar,1993,"Comedy,Drama,Romance"
7.9,249836,Carlito's Way,1993,"Crime,Drama,Thriller"
8.4,2016,The Earth's Most Beloved Son,1993,Drama
6.9,5895,The Cement Garden,1993,Drama
7.2,4281,Green Snake,1993,"Drama,Fantasy,Romance"
7.0,6606,"Clean, Shaven",1993,"Crime,Drama,Thriller"
7.0,124493,Cool Runnings,1993,"Adventure,Comedy,Family"
7.1,2206,Kitchen with Apartment,1993,"Comedy,Drama"
7.8,4481,Damini,1993,"Crime,Drama"
6.9,60592,Dave,1993,"Comedy,Romance"
7.6,218183,Dazed and Confused,1993,Comedy
7.6,2893,The Inheritance or Fuckoffguysgoodday,1992,Comedy
6.7,210588,Demolition Man,1993,"Action,Sci-Fi,Thriller"
7.3,2688,Whistle If You Come Back,1993,Drama
7.0,34024,Dragon: The Bruce Lee Story,1993,"Action,Biography,Drama"
7.5,228311,Falling Down,1993,"Crime,Drama,Thriller"
6.7,3267,Fanfan,1993,"Comedy,Romance"
7.2,4909,Fear of a Black Hat,1993,"Comedy,Music"
7.0,26352,Fearless,1993,"Drama,Thriller"
6.9,163198,The Firm,1993,"Crime,Drama,Mystery"
7.1,8908,The Legend,1993,"Action,Comedy,History"
6.9,5068,The Legend of Fong Sai-Yuk 2,1993,"Action,Adventure,Comedy"
7.4,2506,Stolen Spring,1993,Drama
7.4,6379,Strawberry & Chocolate,1993,"Comedy,Drama,Romance"
7.8,349195,The Fugitive,1993,"Action,Crime,Drama"
7.1,6198,Germinal,1993,"Drama,Romance"
6.6,15490,Geronimo: An American Legend,1993,"Drama,History,Western"
7.6,32486,Gettysburg,1993,"Drama,History,War"
8.0,739442,Groundhog Day,1993,"Comedy,Drama,Fantasy"
7.0,57823,Grumpy Old Men,1993,"Comedy,Drama,Romance"
7.2,3959,Hated: GG Allin & the Murder Junkies,1993,"Biography,Documentary,Music"
7.0,20380,Heart and Souls,1993,"Comedy,Drama,Fantasy"
6.8,16248,Heaven & Earth,1993,"Action,Biography,Drama"
7.1,1827,Hercules Returns,1993,Comedy
6.9,173482,Hocus Pocus,1993,"Comedy,Family,Fantasy"
7.1,4719,A Home of Our Own,1993,"Biography,Drama"
7.0,55834,Homeward Bound: The Incredible Journey,1993,"Adventure,Comedy,Drama"
6.6,104414,Hot Shots! Part Deux,1993,"Action,Comedy"
6.6,2335,The Advocate,1993,"Comedy,Crime,Drama"
6.9,26686,The House of the Spirits,1993,"Drama,Romance"
7.6,19082,The Wedding Banquet,1993,"Comedy,Drama,Romance"
7.0,2282,The Puppetmaster,1993,"Biography,Drama,War"
7.3,6793,Hum Hain Rahi Pyar Ke,1993,"Comedy,Drama,Romance"
7.2,124143,In the Line of Fire,1993,"Action,Crime,Drama"
8.1,204121,In the Name of the Father,1993,"Biography,Crime,Drama"
7.2,9853,"Faraway, So Close!",1993,"Drama,Fantasy,Romance"
6.6,6818,Indian Summer,1993,"Comedy,Drama,Romance"
7.9,3198,India,1993,"Comedy,Drama"
6.9,2431,"Ciao, Professore!",1992,Comedy
7.8,4058,The Terrorism and the Kebab,1992,"Action,Comedy,Crime"
7.7,19788,The Joy Luck Club,1993,Drama
6.6,21253,Judgment Night,1993,"Action,Crime,Drama"
8.2,1193159,Jurassic Park,1993,"Adventure,Sci-Fi"
6.7,63083,Kalifornia,1993,"Crime,Drama,Thriller"
7.1,4294,Khalnayak,1993,"Action,Adventure,Crime"
7.3,9439,King of the Hill,1993,"Drama,History"
7.5,1616,Little Sharks,1992,"Comedy,Romance"
7.5,3519,The Blue Kite,1993,"Drama,History"
8.1,2289,Latcho Drom,1993,"Documentary,Music"
6.8,3935,Lost in Yonkers,1993,"Comedy,Drama"
6.6,2975,Love and Human Remains,1993,"Comedy,Drama"
6.7,11837,M. Butterfly,1993,"Drama,Romance"
6.9,2371,My Favorite Season,1993,"Drama,Romance"
8.0,3172,"The Wonderful, Horrible Life of Leni Riefenstahl",1993,"Biography,Documentary,History"
7.3,6801,Madadayo,1993,Drama
6.7,33089,The Man Without a Face,1993,Drama
7.3,50067,Manhattan Murder Mystery,1993,"Comedy,Mystery"
6.9,13754,Matinee,1993,"Comedy,Drama"
7.5,70768,Menace II Society,1993,"Crime,Drama,Thriller"
7.1,318909,Mrs. Doubtfire,1993,"Comedy,Drama,Family"
7.3,56019,Much Ado About Nothing,1993,"Comedy,Drama,Romance"
7.3,11139,The Scent of Green Papaya,1993,"Drama,Music,Romance"
7.0,2795,The Music of Chance,1993,Drama
7.9,2345,Mother's Day,1993,Comedy
6.8,13038,My Life,1993,Drama
7.6,49185,Naked,1993,"Comedy,Drama"
7.9,414153,The Nightmare Before Christmas,1993,"Adventure,Animation,Family"
7.8,45120,Ninja Scroll,1993,"Action,Adventure,Animation"
7.6,1914,Moving,1993,Drama
6.6,7603,Only the Strong,1993,"Action,Drama"
7.1,21225,Orlando,1992,"Biography,Drama,Fantasy"
6.6,104971,The Pelican Brief,1993,"Crime,Drama,Mystery"
7.5,94303,A Perfect World,1993,"Crime,Drama,Thriller"
7.7,275969,Philadelphia,1993,Drama
7.5,102163,The Piano,1993,"Drama,Music,Romance"
6.7,3571,The Princess and the Goblin,1991,"Adventure,Animation,Comedy"
7.3,5322,Raining Stones,1993,"Comedy,Drama"
7.8,93810,The Remains of the Day,1993,"Drama,Romance"
6.7,146842,Robin Hood: Men in Tights,1993,"Adventure,Comedy,Musical"
6.9,3444,Ruby in Paradise,1993,"Drama,Romance"
7.5,75251,Rudy,1993,"Biography,Drama,Sport"
7.0,3085,The Saint of Fort Washington,1993,Drama
7.8,117015,The Sandlot,1993,"Comedy,Drama,Family"
9.0,1597245,Schindler's List,1993,"Biography,Drama,History"
7.3,44948,Searching for Bobby Fischer,1993,"Biography,Drama,Sport"
7.2,1714,The Secret Adventures of Tom Thumb,1993,"Adventure,Animation,Drama"
7.3,47601,The Secret Garden,1993,"Drama,Family,Fantasy"
6.9,3681,The Eagle Shooting Heroes,1993,"Action,Comedy,Fantasy"
7.3,21683,Shadowlands,1993,"Biography,Drama,Romance"
7.6,50213,Short Cuts,1993,"Comedy,Drama"
7.5,18235,Iron Monkey,1993,"Action,Crime,Drama"
6.7,24365,Six Degrees of Separation,1993,"Comedy,Drama,Mystery"
6.8,208979,Sleepless in Seattle,1993,"Comedy,Drama,Romance"
7.3,2065,Smoking/No Smoking,1993,"Comedy,Drama"
7.4,24295,Sonatine,1993,"Action,Comedy,Crime"
7.6,2176,Sose halunk meg,1993,"Comedy,Drama"
7.5,39506,Stalingrad,1993,"Drama,War"
7.0,5654,Sune's Summer,1993,"Comedy,Family"
6.8,18384,Swing Kids,1993,"Drama,Music"
7.2,11787,Tai Chi Master,1993,"Action,Comedy,Drama"
7.6,7148,Flirting Scholar,1993,"Comedy,Romance"
6.7,1883,Wild Tango,1993,"Biography,Drama,Music"
6.6,2684,Texas - Doc Snyder hält die Welt in Atem,1993,"Comedy,Western"
7.3,4265,Thirty Two Short Films About Glenn Gould,1993,"Biography,Drama,Music"
7.1,1564,Thiruda Thiruda,1993,"Action,Crime,Drama"
7.2,62770,This Boy's Life,1993,"Biography,Drama"
7.8,194308,Tombstone,1993,"Biography,Drama,History"
7.8,118886,Three Colors: Blue,1993,"Drama,Music,Mystery"
7.9,262651,True Romance,1993,"Crime,Drama,Romance"
8.4,1769,Sun of the Sleepless,1992,"Crime,Drama"
6.8,17125,Untamed Heart,1993,"Drama,Romance"
7.3,1761,Abraham's Valley,1993,Drama
8.2,1767,Vidheyan,1994,Drama
7.0,41384,The Visitors,1993,"Comedy,Fantasy"
7.5,5305,For a Lost Soldier,1992,"Drama,Romance,War"
7.4,4731,The War Room,1993,"Documentary,History"
7.7,270478,What's Eating Gilbert Grape,1993,Drama
7.4,25850,What's Love Got to Do with It,1993,"Biography,Drama,Music"
6.9,3237,Wittgenstein,1993,"Biography,Comedy,Drama"
6.7,8317,Once Upon a Time in China III,1992,"Action,Adventure,Biography"
6.6,3809,Last Hero in China,1993,"Action,Comedy"
7.0,3549,Wrestling Ernest Hemingway,1993,"Drama,Romance"
6.7,8476,Crime Story,1993,"Action,Crime,Drama"
6.9,2775,00 Schneider - Jagd auf Nihil Baxter,1994,Comedy
7.2,3896,1942: A Love Story,1994,"Action,Drama,History"
7.1,9708,71 Fragments of a Chronology of Chance,1994,"Crime,Drama"
6.7,6459,8 Seconds,1994,"Biography,Drama,Sport"
7.0,1987,Cold Fever,1995,"Comedy,Drama,Mystery"
6.8,2314,Above Suspicion,1995,"Drama,Thriller"
6.6,18368,Above the Rim,1994,"Crime,Drama,Sport"
6.9,356870,Ace Ventura: Pet Detective,1994,Comedy
7.5,62226,"The Adventures of Priscilla, Queen of the Desert",1994,"Comedy,Music"
7.4,5562,Vive L'Amour,1994,"Drama,Romance"
6.9,1731,Accumulator 1,1994,"Comedy,Fantasy,Romance"
6.7,7489,Amateur,1994,"Comedy,Crime,Drama"
8.0,58165,Andaz Apna Apna,1994,"Action,Comedy,Romance"
6.6,7974,Anjaam,1994,"Crime,Drama,Thriller"
7.5,5901,Bandit Queen,1994,"Biography,Crime,Drama"
7.0,7080,Barcelona,1994,"Comedy,Drama,Romance"
7.6,2489,Sailor Moon S: The Movie - Hearts in Ice,1994,"Action,Adventure,Animation"
6.6,11410,Black Beauty,1994,"Adventure,Drama,Family"
7.2,3832,The Browning Version,1994,Drama
7.4,43388,Bullets Over Broadway,1994,"Comedy,Crime"
6.7,1571,"Carlota Joaquina, Princesa do Brazil",1995,"Biography,Comedy,History"
7.2,10167,Dear Diary,1993,"Biography,Comedy,Drama"
7.9,113002,Chungking Express,1994,"Comedy,Crime,Drama"
7.5,11662,Fear City: A Family-Style Comedy,1994,"Comedy,Horror"
6.9,117473,Clear and Present Danger,1994,"Action,Crime,Drama"
7.7,241396,Clerks,1994,Comedy
6.7,87127,The Client,1994,"Crime,Drama,Mystery"
6.9,2259,Colonel Chabert,1994,"Drama,History,Romance"
6.6,15424,"Corrina, Corrina",1994,"Comedy,Drama,Romance"
7.1,12444,Crooklyn,1994,"Comedy,Drama"
7.5,232795,The Crow,1994,"Action,Crime,Drama"
8.0,23140,Crumb,1994,"Biography,Comedy,Documentary"
7.1,1524,Dance Me Outside,1994,"Comedy,Drama"
7.6,27256,Darr,1993,"Action,Drama,Romance"
7.2,29192,Death and the Maiden,1994,"Drama,Mystery,Thriller"
7.0,26452,Cemetery Man,1994,"Comedy,Horror"
7.4,53719,Dolores Claiborne,1995,"Crime,Drama,Mystery"
6.7,3139,The Return of the God of Gamblers,1994,"Action,Drama"
7.5,2229,A Confucian Confusion,1994,"Comedy,Drama,Romance"
7.3,446315,Dumb and Dumber,1994,Comedy
7.0,18414,Ashes of Time,1994,"Action,Drama"
6.9,2521,Cold Water,1994,Drama
7.8,190732,Ed Wood,1994,"Biography,Comedy,Drama"
7.6,2171,The Endless Summer 2,1994,"Adventure,Documentary,Sport"
7.0,7378,Hell,1994,"Crime,Drama,Thriller"
6.8,1722,Angel Dust,1994,"Drama,Horror,Romance"
7.7,3162,The Strategy of the Snail,1993,"Comedy,Drama"
7.0,22692,Exotica,1994,Drama
6.8,7918,Farinelli,1994,"Biography,Drama,History"
7.3,4790,Faust,1994,"Animation,Comedy,Drama"
7.0,5970,Felidae,1994,"Animation,Drama,Mystery"
8.8,2523019,Forrest Gump,1994,"Drama,Romance"
7.1,183675,Four Weddings and a Funeral,1994,"Comedy,Drama,Romance"
7.5,16357,Fresh,1994,"Crime,Drama,Thriller"
6.9,1656,Guantanamera,1995,"Comedy,Drama"
7.1,9120,From Beijing with Love,1994,"Action,Comedy,Thriller"
7.2,70147,Heavenly Creatures,1994,"Biography,Crime,Drama"
6.6,33579,Heavyweights,1995,"Comedy,Drama,Family"
7.2,39327,Pom Poko,1994,"Animation,Comedy,Drama"
8.3,29723,Hoop Dreams,1994,"Documentary,Drama,Sport"
7.2,90738,The Hudsucker Proxy,1994,"Comedy,Drama,Fantasy"
7.5,24467,Hum Aapke Hain Koun..!,1994,"Comedy,Drama,Musical"
8.3,22573,To Live,1994,"Drama,War"
6.8,2068,I Like It Like That,1994,"Comedy,Drama,Romance"
7.4,27712,Immortal Beloved,1994,"Biography,Drama,Music"
7.5,379544,Interview with the Vampire: The Vampire Chronicles,1994,"Drama,Fantasy,Horror"
6.6,10232,Iron Will,1994,"Adventure,Family"
6.6,5158,Jason's Lyric,1994,"Crime,Drama,Romance"
7.5,26967,Fist of Legend,1994,"Action,Drama"
7.5,5440,Hail the Judge,1994,Comedy
7.6,20463,Kabhi Haan Kabhi Naa,1994,"Comedy,Drama,Music"
7.4,2698,Revolutionary,1994,"Action,Crime,Drama"
7.4,4144,Ladybird Ladybird,1994,Drama
7.4,2520,Lamerica,1994,"Comedy,Drama"
7.0,29017,The Last Seduction,1994,"Crime,Drama,Romance"
7.5,201330,Legends of the Fall,1994,"Drama,Romance,War"
8.5,1272106,The Lion King,1994,"Adventure,Animation,Drama"
7.1,5971,Lisbon Story,1994,"Drama,Music"
6.7,10079,Little Odessa,1994,"Crime,Drama"
7.3,69658,Little Women,1994,"Drama,Family,Romance"
8.5,1360894,Léon: The Professional,1994,"Action,Crime,Drama"
7.2,20227,The Madness of King George,1994,"Biography,Comedy,Drama"
7.0,475118,The Mask,1994,"Comedy,Crime,Fantasy"
7.0,125700,Maverick,1994,"Action,Adventure,Comedy"
6.7,51251,Miracle on 34th Street,1994,"Drama,Family,Fantasy"
7.0,9292,Mohra,1994,"Action,Crime,Drama"
7.3,12572,The Monster,1994,"Comedy,Crime,Mystery"
7.3,45814,Muriel's Wedding,1994,"Comedy,Drama"
6.7,8469,Mute Witness,1995,"Crime,Horror,Thriller"
7.1,20713,Nightwatch,1994,Thriller
7.2,269445,Natural Born Killers,1994,"Crime,Romance"
7.3,24850,Nobody's Fool,1994,"Comedy,Drama"
7.3,1794,Window to Paris,1993,"Comedy,Drama,Fantasy"
7.9,39613,Once Were Warriors,1994,"Crime,Drama"
6.6,15510,PCU,1994,Comedy
6.7,17499,The Paper,1994,"Comedy,Drama"
7.2,1751,The Patriots,1994,"Drama,Thriller"
7.1,4400,"Take Care of Your Scarf, Tatiana",1994,"Comedy,Romance"
6.9,4350,Love on Delivery,1994,"Action,Comedy,Romance"
7.8,41803,The Postman,1994,"Biography,Comedy,Drama"
7.8,16778,Before the Rain,1994,"Drama,Romance,War"
7.1,11820,Priest,1994,"Drama,Romance"
6.7,2930,Psy 2. Ostatnia krew,1994,"Action,Crime,Drama"
8.8,2457658,Pulp Fiction,1994,"Crime,Drama"
7.5,13709,A Pure Formality,1994,"Crime,Drama,Thriller"
7.2,3555,Good Old Daze,1994,"Comedy,Drama,Romance"
7.5,78215,Quiz Show,1994,"Biography,Drama,History"
6.6,57920,Reality Bites,1994,"Comedy,Drama,Romance"
6.9,28774,The Ref,1994,"Comedy,Crime,Drama"
7.4,20460,Queen Margot,1994,"Biography,Drama,History"
7.2,7313,Wild Reeds,1994,"Drama,Romance"
6.7,6171,Sangharsh,1999,"Action,Crime,Drama"
6.6,148219,The Santa Clause,1994,"Comedy,Drama,Family"
6.8,2127,Second Best,1994,Drama
7.4,9507,The Secret of Roan Inish,1994,"Drama,Family,Fantasy"
6.9,38377,Serial Mom,1994,"Comedy,Crime,Thriller"
7.2,71308,Shallow Grave,1994,"Crime,Drama,Thriller"
9.3,3223047,The Shawshank Redemption,1994,Drama
7.3,425665,Speed,1994,"Action,Adventure,Thriller"
6.6,91811,Star Trek: Generations,1994,"Action,Adventure,Mystery"
7.0,221030,Stargate,1994,"Action,Adventure,Sci-Fi"
7.3,6242,The Sum of Us,1994,"Comedy,Drama"
8.2,14468,Satantango,1994,Drama
7.5,1887,That's Entertainment! III,1994,"Documentary,Family,Musical"
8.0,116547,Three Colors: Red,1994,"Drama,Mystery,Romance"
7.3,302552,True Lies,1994,"Action,Comedy,Thriller"
7.6,85161,Three Colors: White,1994,"Comedy,Drama,Romance"
7.5,52039,Drunken Master II,1994,"Action,Comedy"
7.8,17379,Burnt by the Sun,1994,"Drama,War"
7.3,5691,Vanya on 42nd Street,1994,"Comedy,Drama,Romance"
7.3,4997,War of the Buttons,1994,"Adventure,Drama,Family"
6.8,14443,The War,1994,"Drama,History,War"
7.3,2902,What Happened Was...,1994,"Comedy,Drama,Romance"
6.6,25141,When a Man Loves a Woman,1994,"Drama,Romance"
6.7,2084,Widows' Peak,1994,"Comedy,Crime,Drama"
6.8,18337,With Honors,1994,"Comedy,Drama"
6.7,59881,Wyatt Earp,1994,"Adventure,Biography,Drama"
8.0,6363,In the Heat of the Sun,1994,"Drama,Romance"
7.8,25400,Eat Drink Man Woman,1994,"Comedy,Drama,Romance"
6.9,3774,Wing Chun,1994,"Action,Comedy,Drama"
6.8,4538,Yrrol - En kolossalt genomtänkt film,1994,Comedy
7.7,12095,Through the Olive Trees,1994,Drama
6.9,5938,Akele Hum Akele Tum,1995,"Drama,Musical,Romance"
6.9,65779,The American President,1995,"Comedy,Drama,Romance"
6.9,1679,Angel Baby,1995,"Drama,Romance"
6.8,5108,Angels and Insects,1995,"Drama,Romance"
6.7,7551,Angus,1995,"Comedy,Drama"
7.4,10089,Antonia's Line,1995,"Comedy,Drama"
7.7,341324,Apollo 13,1995,"Adventure,Drama,History"
6.7,2565,The Bait,1995,"Crime,Drama"
7.1,5372,The Thief and the Cobbler,1993,"Action,Adventure,Animation"
6.9,143335,Babe,1995,"Comedy,Drama,Family"
6.8,317895,Bad Boys,1995,"Action,Comedy,Crime"
7.6,9517,The White Balloon,1995,"Drama,Family"
7.1,52290,Balto,1995,"Adventure,Animation,Drama"
7.3,133885,The Basketball Diaries,1995,"Biography,Crime,Drama"
8.1,382238,Before Sunrise,1995,"Comedy,Drama,Romance"
7.4,2019,Sailor Moon SuperS: The Movie: Black Dream Hole,1995,"Action,Animation,Comedy"
6.6,10640,Blue in the Face,1995,Comedy
8.1,15268,Bombay,1995,"Drama,Musical,Romance"
7.0,3199,Happiness Is in the Field,1995,Comedy
6.6,1822,The Scent of Joseph's Shirt,1995,"Drama,War"
8.3,1168980,Braveheart,1995,"Drama,War"
7.6,97597,The Bridges of Madison County,1995,"Drama,Romance"
6.6,9205,The Brothers McMullen,1995,"Comedy,Drama,Romance"
7.1,2082,Wild Horses,1995,"Comedy,Crime,Drama"
7.3,3666,Midaq Alley,1995,"Drama,Romance"
6.8,6209,Carrington,1995,"Biography,Drama,Romance"
8.2,625508,Casino,1995,"Crime,Drama"
7.8,8096,The Celluloid Closet,1995,"Documentary,History"
6.6,9811,Circle of Friends,1995,"Drama,Romance"
7.4,75191,The City of Lost Children,1995,"Adventure,Drama,Fantasy"
6.9,25082,Clockers,1995,"Crime,Drama,Mystery"
6.9,281063,Clueless,1995,"Comedy,Romance"
6.7,4311,Coldblooded,1995,"Action,Comedy,Thriller"
7.1,1600,God's Comedy,1995,"Comedy,Drama"
7.4,1664,The Confessional,1995,"Drama,Mystery,Thriller"
6.6,87595,Copycat,1995,"Drama,Mystery,Thriller"
7.4,137610,Crimson Tide,1995,"Action,Drama,Thriller"
6.8,2186,"Cry, the Beloved Country",1995,"Drama,Thriller"
7.7,12150,The Cure,1995,"Adventure,Drama"
7.1,5975,Cyclo,1995,"Crime,Drama"
7.5,15388,La cérémonie,1995,"Crime,Drama,Thriller"
7.5,9600,A Chinese Odyssey: Part One - Pandora's Box,1995,"Action,Adventure,Comedy"
6.9,4119,The Blade,1995,Action
7.5,109670,Dead Man,1995,"Adventure,Drama,Western"
7.5,109008,Dead Man Walking,1995,"Crime,Drama"
6.9,26970,Dead Presidents,1995,"Action,Crime,Drama"
7.1,209550,Desperado,1995,"Action,Crime,Drama"
6.8,27843,Devil in a Blue Dress,1995,"Crime,Drama,Mystery"
7.6,432381,Die Hard with a Vengeance,1995,"Action,Adventure,Thriller"
8.0,86472,Dilwale Dulhania Le Jayenge,1995,"Drama,Romance"
6.7,55499,Don Juan DeMarco,1994,"Comedy,Drama,Romance"
7.5,60623,Fallen Angels,1995,"Comedy,Crime,Drama"
7.3,25031,The Day of the Beast,1995,"Action,Comedy,Crime"
6.7,71775,Empire Records,1995,"Comedy,Drama,Music"
6.6,19782,The Englishman Who Went Up a Hill But Came Down a Mountain,1995,"Comedy,Drama,Romance"
6.6,2114,A Single Girl,1995,Drama
7.0,13829,The Flower of My Secret,1995,"Comedy,Drama"
6.6,8259,Fluke,1995,"Drama,Family,Fantasy"
6.7,117358,Four Rooms,1995,Comedy
6.6,56983,French Kiss,1995,"Comedy,Drama,Romance"
7.2,138401,Friday,1995,"Comedy,Drama"
6.7,3925,Funny Bones,1995,"Comedy,Drama"
6.7,4674,"Gamera, the Guardian of the Universe",1995,"Action,Drama,Fantasy"
6.9,96823,Get Shorty,1995,"Comedy,Crime,Thriller"
6.9,8715,Godzilla vs. Destoroyah,1995,"Action,Drama,Horror"
7.2,288139,GoldenEye,1995,"Action,Adventure,Thriller"
6.7,2902,The Five,1995,"Action,Crime,Drama"
7.0,70519,A Goofy Movie,1995,"Adventure,Animation,Comedy"
6.6,20019,The Grass Harp,1995,"Comedy,Drama"
6.7,31877,Grumpier Old Men,1995,"Comedy,Romance"
8.1,230140,La haine,1995,"Crime,Drama"
8.3,814359,Heat,1995,"Action,Crime,Drama"
6.7,6345,Heavy,1995,"Drama,Romance"
6.6,16287,Home for the Holidays,1995,"Comedy,Drama,Romance"
6.8,50078,Rumble in the Bronx,1995,"Action,Comedy,Crime"
6.8,3212,Out of the Dark,1995,"Comedy,Fantasy,Horror"
7.0,6680,The Horseman on the Roof,1995,"Adventure,Drama,Romance"
7.3,8031,I.D.,1995,"Crime,Drama"
7.2,2904,A Midwinter's Tale,1995,Comedy
7.1,91051,In the Mouth of Madness,1994,"Drama,Fantasy,Horror"
6.7,5797,The Incredibly True Adventure of Two Girls in Love,1995,"Comedy,Drama,Romance"
7.0,2208,"Institute Benjamenta, or This Dream That One Calls Human Life",1995,Drama
7.1,3408,It's My Party,1996,"Drama,Romance"
6.7,5818,Jack & Sarah,1995,"Comedy,Drama,Romance"
6.8,7190,Jeffrey,1995,"Comedy,Drama"
6.7,1655,The Chinese Feast,1995,"Comedy,Romance"
7.1,417694,Jumanji,1995,"Adventure,Comedy,Family"
6.8,17788,Karan Arjun,1995,"Action,Drama,Fantasy"
6.6,16120,Kicking and Screaming,1995,"Comedy,Drama,Romance"
7.0,92434,Kids,1995,Drama
7.2,2350,Zero Kelvin,1995,Drama
7.9,175980,Ghost in the Shell,1995,"Action,Animation,Crime"
7.0,2651,Kummeli Stories,1995,"Comedy,Musical,Sport"
6.7,16471,The Last Supper,1995,"Comedy,Crime,Drama"
7.0,6619,Last of the Dogmen,1995,"Adventure,Drama,Western"
7.5,146495,Leaving Las Vegas,1995,"Drama,Romance"
6.9,2373,Freedomfighters,1996,"Drama,History,War"
7.6,39377,A Little Princess,1995,"Drama,Family,Fantasy"
7.5,21872,Living in Oblivion,1995,"Comedy,Drama"
7.9,13580,Love Letter,1995,"Drama,Romance"
6.8,3526,Lumière and Company,1995,"Documentary,Drama"
6.8,8849,All Things Fair,1995,"Drama,Romance,War"
7.5,8690,Maborosi,1995,Drama
7.0,134980,Mallrats,1995,"Comedy,Romance"
7.5,26392,Memories,1995,"Animation,Drama,Horror"
7.0,45191,Mighty Aphrodite,1995,"Comedy,Fantasy,Romance"
7.8,84364,Whisper of the Heart,1995,"Animation,Drama,Family"
7.4,4423,Les Misérables,1995,"Comedy,Drama,History"
7.4,44436,Mr. Holland's Opus,1995,"Drama,Music"
7.3,33130,Murder in the First,1995,"Drama,Thriller"
7.3,4838,My Family,1995,Drama
6.8,2357,Nobody Will Speak of Us When We're Dead,1995,"Crime,Drama,Thriller"
7.3,1674,Like Grains of Sand,1995,"Drama,Romance"
7.2,5468,Nelly & Monsieur Arnaud,1995,Drama
6.6,3739,New Jersey Drive,1995,"Crime,Drama"
7.3,4262,Nothing Funny,1995,"Comedy,Drama"
7.0,34775,Nixon,1995,"Biography,Drama,History"
6.8,35156,Now and Then,1995,"Comedy,Drama,Romance"
7.4,5266,Peculiarities of the National Hunt,1995,Comedy
6.8,10666,Othello,1995,"Drama,Romance"
6.6,146715,Outbreak,1995,"Action,Drama,Thriller"
6.7,219389,Pocahontas,1995,"Adventure,Animation,Drama"
6.6,35247,Powder,1995,"Drama,Fantasy,Mystery"
6.8,1822,O Quatrilho,1995,"Drama,Romance"
7.4,11191,Rangeela,1995,"Comedy,Drama,Musical"
7.2,2769,Rendez-vous in Paris,1995,"Comedy,Romance"
6.6,10447,Restoration,1995,"Biography,Drama,History"
7.3,16440,Richard III,1995,"Drama,Sci-Fi,War"
6.9,49809,Rob Roy,1995,"Adventure,Biography,Drama"
7.1,19550,Safe,1995,Drama
7.6,2396,Hello Cinema,1995,"Comedy,Drama"
7.0,1748,Brother of Sleep,1995,"Drama,Music,Romance"
8.6,2047701,Seven,1995,"Crime,Drama,Mystery"
7.7,137431,Sense and Sensibility,1995,"Drama,Romance"
7.1,2899,Shirli-myrli,1995,Comedy
6.8,1747,Small Faces,1995,Drama
7.4,38920,Smoke,1995,"Comedy,Drama"
7.1,1877,Stonewall,1995,"Comedy,Drama,Romance"
7.2,86265,Strange Days,1995,"Crime,Drama,Sci-Fi"
7.2,11291,Street Fighter II: The Animated Movie,1994,"Action,Adventure,Animation"
7.0,24782,Swimming with Sharks,1994,"Comedy,Crime"
6.7,28837,Tales from the Crypt: Demon Knight,1995,"Action,Fantasy,Horror"
6.6,11260,Tales from the Hood,1995,"Crime,Drama,Horror"
7.1,1769,Tato,1995,Drama
7.4,2750,Foreign Land,1995,"Action,Crime,Drama"
6.7,32116,Things to Do in Denver When You're Dead,1995,"Crime,Drama,Thriller"
7.5,12945,Land and Freedom,1995,"Drama,War"
6.8,60697,To Die For,1995,"Comedy,Crime,Drama"
6.8,42342,"To Wong Foo, Thanks for Everything! Julie Newmar",1995,"Comedy,Drama"
7.0,4740,Tokyo Fist,1995,"Action,Drama,Horror"
7.1,105518,Tommy Boy,1995,"Adventure,Comedy"
7.5,2536,The Deathmaker,1995,"Crime,Drama"
8.3,1192855,Toy Story,1995,"Adventure,Animation,Comedy"
7.2,8253,The Three Brothers,1995,Comedy
8.0,682738,12 Monkeys,1995,"Mystery,Sci-Fi,Thriller"
6.6,1540,The Blue Villa,1995,"Crime,Drama,Mystery"
8.0,64440,Underground,1995,"Comedy,Drama,Fantasy"
6.7,3409,Unstrung Heroes,1995,"Comedy,Drama"
7.3,5833,The Star Maker,1995,"Drama,Romance"
8.5,1248594,The Usual Suspects,1995,"Crime,Drama,Mystery"
6.6,3019,Viaggi di nozze,1995,Comedy
7.6,8135,Ulysses' Gaze,1995,"Drama,War"
6.7,39352,A Walk in the Clouds,1995,"Drama,Romance"
7.3,40788,Welcome to the Dollhouse,1995,"Comedy,Drama"
6.8,128000,While You Were Sleeping,1995,"Comedy,Drama,Romance"
7.8,9645,A Chinese Odyssey: Part 2 - Cinderella,1995,"Action,Adventure,Comedy"
7.4,3887,Xiu Xiu: The Sent-Down Girl,1998,Drama
7.1,6442,Shanghai Triad,1995,"Crime,Drama,History"
7.0,3988,The Young Poisoner's Handbook,1995,"Comedy,Crime,Drama"
7.6,2366,The Garden,1995,Comedy
6.8,2769,Little Sister,1995,"Drama,Mystery"
7.1,1582,According to Pereira,1995,Drama
6.7,5422,Airbag,1997,"Action,Comedy,Crime"
7.3,17185,The Apartment,1996,"Drama,Mystery,Romance"
7.9,2052,Asphalt Tango,1996,Comedy
6.9,24018,Basquiat,1996,"Biography,Drama"
6.7,1564,Beaumarchais the Scoundrel,1996,"Comedy,History,Romance"
7.1,36474,Beautiful Girls,1996,"Comedy,Drama,Romance"
7.6,27550,Beautiful Thing,1996,"Comedy,Drama,Romance"
6.8,63187,Beavis and Butt-Head Do America,1996,"Adventure,Animation,Comedy"
7.1,6294,The Green Planet,1996,"Comedy,Sci-Fi"
7.1,4311,Bernie,1996,"Comedy,Drama"
7.7,3591,The King of Masks,1995,Drama
7.3,25202,Big Night,1996,"Drama,Romance"
7.3,118124,The Birdcage,1996,Comedy
6.9,88870,Bottle Rocket,1996,"Comedy,Crime,Drama"
7.3,68028,Bound,1996,"Crime,Thriller"
7.1,6429,Box of Moonlight,1996,"Comedy,Drama"
7.2,22451,Brassed Off,1996,"Comedy,Drama,Music"
7.8,76421,Breaking the Waves,1996,Drama
6.9,13910,Cannibal! The Musical,1993,"Comedy,Horror,Musical"
7.2,2655,Captain Conan,1996,"Drama,War"
6.8,3724,Carla's Song,1996,"Drama,Romance,War"
6.9,3732,When the Cat's Away,1996,"Comedy,Romance"
6.8,6721,The Cyclone,1996,"Comedy,Romance"
7.0,9814,Citizen Ruth,1996,"Comedy,Drama"
6.7,1833,My Sex Life... or How I Got Into an Argument,1996,"Comedy,Drama,Romance"
7.6,12215,A Summer's Tale,1996,"Comedy,Drama,Romance"
6.7,1716,Things I Never Told You,1996,"Comedy,Drama,Romance"
6.7,2427,Cosi,1996,"Comedy,Drama,Music"
6.6,64064,Courage Under Fire,1996,"Action,Drama,Mystery"
6.8,42985,The Crucible,1996,"Drama,History"
6.9,5220,Forbidden City Cop,1996,"Action,Comedy,Fantasy"
7.1,9093,The Daytrippers,1996,"Comedy,Drama"
7.0,2125,Different for Girls,1996,"Comedy,Drama,Romance"
6.6,67733,Don't Be a Menace to South Central While Drinking Your Juice in the Hood,1996,"Comedy,Crime"
6.6,7621,Drive,1997,"Action,Adventure,Comedy"
6.8,1553,Regular Guys,1996,"Comedy,Crime,Romance"
6.6,44284,Emma,1996,"Comedy,Drama,Romance"
7.4,214762,The English Patient,1996,"Drama,Romance,War"
8.1,75742,The Bandit,1996,"Crime,Drama"
6.7,41448,Everyone Says I Love You,1996,"Comedy,Musical,Romance"
7.3,1513,Eye of God,1997,"Crime,Drama"
7.2,1655,Familia,1996,"Comedy,Drama"
7.1,5032,A Family Thing,1996,"Comedy,Drama"
8.1,793017,Fargo,1996,"Crime,Drama,Thriller"
6.6,2167,Temptress Moon,1996,"Drama,Romance"
7.1,6811,Fire,1996,"Crime,Drama,Romance"
6.7,21108,Flirting with Disaster,1996,Comedy
6.9,29036,Fly Away Home,1996,"Adventure,Drama,Family"
6.8,34528,Freeway,1996,"Crime,Drama,Thriller"
7.1,103074,The Frighteners,1996,"Comedy,Drama,Fantasy"
7.2,372923,From Dusk Till Dawn,1996,"Action,Crime,Horror"
6.6,10061,The Funeral,1996,"Crime,Drama"
6.9,4033,Gabbeh,1996,"Drama,Mystery,Romance"
7.0,3590,Gamera 2: Attack of the Legion,1996,"Action,Drama,Fantasy"
6.9,6431,Get on the Bus,1996,"Adventure,Drama,History"
7.6,4949,Ghatak,1996,"Action,Drama"
6.8,71110,The Ghost and the Darkness,1996,"Adventure,Drama,Thriller"
6.7,13740,Ghosts of Mississippi,1996,"Drama,History"
7.2,10887,The God of Cookery,1996,"Action,Comedy,Fantasy"
6.8,4225,Grace of My Heart,1996,"Comedy,Drama,Music"
6.8,2672,Gray's Anatomy,1996,"Comedy,Documentary,Drama"
7.0,2315,Young and Dangerous,1996,"Action,Crime,Thriller"
7.7,42128,Hamlet,1996,Drama
7.2,1831,Hamsun,1996,"Biography,Drama,War"
7.6,2702,Hands on a Hardbody: The Documentary,1997,"Comedy,Documentary,Drama"
7.0,310990,Happy Gilmore,1996,"Comedy,Sport"
7.2,2964,Hard Core Logo,1996,"Comedy,Drama,Music"
7.4,10650,The Eighth Day,1996,"Comedy,Drama"
7.0,185998,The Hunchback of Notre Dame,1996,"Animation,Drama,Family"
7.5,3348,Hype!,1996,"Documentary,History,Music"
6.6,7503,I Shot Andy Warhol,1996,"Biography,Comedy,Drama"
7.0,653162,Independence Day,1996,"Action,Adventure,Sci-Fi"
8.1,16168,Indian,1996,"Action,Drama,Musical"
7.0,10815,Irma Vep,1996,"Comedy,Drama"
6.7,79117,James and the Giant Peach,1996,"Adventure,Animation,Family"
6.8,10825,Jane Eyre,1996,"Drama,Romance"
7.4,4770,Beyond Silence,1996,"Drama,Music"
7.3,314693,Jerry Maguire,1996,"Comedy,Drama,Romance"
6.9,1613,Jerusalem,1996,Drama
6.6,24408,First Strike,1996,"Action,Adventure,Comedy"
6.9,11770,Jude,1996,"Drama,Romance"
6.9,2211,The Dress,1996,"Comedy,Drama"
7.0,10283,The Hunters,1996,"Crime,Thriller"
7.8,3110,How the War Started on My Island,1996,"Comedy,Drama,War"
7.6,10768,Drifting Clouds,1996,"Comedy,Drama"
7.4,4976,Prisoner of the Mountains,1996,"Drama,War"
7.4,5004,Khamoshi the Musical,1996,"Drama,Musical,Romance"
7.4,7408,Kids Return,1996,"Crime,Drama,Sport"
6.9,9812,Kids in the Hall: Brain Candy,1996,Comedy
6.9,97241,Kingpin,1996,"Comedy,Sport"
7.7,17058,Kolya,1996,"Comedy,Drama,Music"
7.4,4500,Leila,1997,"Drama,Family,Romance"
7.5,5420,Leily Is with Me,1996,"Adventure,Comedy,Drama"
8.6,19128,"Pretty Village, Pretty Flame",1996,"Drama,History,War"
7.3,3177,Lilies,1996,"Crime,Drama,Fantasy"
7.4,36110,Lone Star,1996,"Drama,Mystery,Western"
6.8,93535,The Long Kiss Goodnight,1996,"Action,Crime,Drama"
7.3,8875,Looking for Richard,1996,"Documentary,Drama"
7.6,172479,Lost Highway,1997,"Drama,Mystery,Thriller"
6.7,1777,Love Serenade,1996,"Comedy,Crime,Drama"
7.7,2613,Maachis,1996,"Action,Crime,Drama"
7.3,2431,Mahjong,1996,"Comedy,Crime,Drama"
6.6,2417,Manny & Lo,1996,"Comedy,Drama"
6.7,32127,Marvin's Room,1996,Drama
7.0,198003,Matilda,1996,"Comedy,Family,Fantasy"
7.1,36366,Michael Collins,1996,"Biography,Drama,History"
7.9,12160,Microcosmos,1996,Documentary
7.5,3810,The Mirror,1997,Drama
6.7,25811,The Mirror Has Two Faces,1996,"Comedy,Drama,Romance"
7.2,521562,Mission: Impossible,1996,"Action,Adventure,Thriller"
6.8,2436,Moebius,1996,"Mystery,Sci-Fi,Thriller"
6.9,7402,Mother,1996,"Comedy,Drama"
7.1,5906,Mother Night,1996,"Drama,Romance,War"
6.9,29637,Muppet Treasure Island,1996,"Action,Adventure,Comedy"
7.1,19337,Mystery Science Theater 3000: The Movie,1996,"Comedy,Drama,Fantasy"
7.0,1643,Nach Fünf im Urwald,1995,"Comedy,Romance"
7.2,2154,"Goodbye South, Goodbye",1996,"Crime,Drama"
6.7,2047,No Way Home,1996,"Crime,Drama,Thriller"
7.7,5268,A Moment of Innocence,1996,"Comedy,Drama"
6.9,1995,Nénette and Boni,1996,Drama
8.2,19736,Paradise Lost: The Child Murders at Robin Hood Hills,1996,"Crime,Documentary"
7.4,1811,The Father,1996,Drama
7.3,106499,The People vs. Larry Flynt,1996,"Biography,Drama"
7.0,2983,Picnic,1996,"Drama,Fantasy"
7.5,4979,Ponette,1996,Drama
7.7,293404,Primal Fear,1996,"Crime,Drama,Mystery"
7.1,2506,Deep Crimson,1996,"Crime,Drama,Romance"
7.7,9043,The Promise,1996,Drama
7.3,52632,Pusher,1996,"Crime,Thriller"
6.7,144966,Ransom,1996,"Action,Crime,Drama"
7.3,8581,Ridicule,1996,"Comedy,Drama,History"
7.4,383278,The Rock,1996,"Action,Adventure,Thriller"
6.7,262679,Romeo + Juliet,1996,"Drama,Romance"
8.1,2599,The Perfect Circle,1997,"Drama,War"
6.7,6397,Schizopolis,1996,"Comedy,Fantasy,Mystery"
7.4,451212,Scream,1996,"Horror,Mystery"
8.0,50676,Secrets & Lies,1996,"Comedy,Drama"
6.9,20630,Set It Off,1996,"Action,Crime,Drama"
7.7,12586,Shall We Dance?,1996,"Comedy,Drama,Music"
7.6,59235,Shine,1996,"Biography,Drama,Music"
7.5,256146,Sleepers,1996,"Crime,Drama,Thriller"
8.0,104547,Sling Blade,1996,Drama
7.2,3184,Some Mother's Son,1996,"Drama,History"
7.3,3957,Conspirators of Pleasure,1996,"Comedy,Drama,Mystery"
7.0,6199,The Spitfire Grill,1996,Drama
7.6,138613,Star Trek: First Contact,1996,"Action,Adventure,Drama"
7.5,4936,Swallowtail Butterfly,1996,"Crime,Drama"
7.2,91654,Swingers,1996,"Comedy,Drama"
7.1,1548,Tenchi the Movie - Tenchi Muyo in Love,1996,"Adventure,Animation,Comedy"
7.4,47023,Thesis,1996,"Crime,Horror,Mystery"
7.0,78926,That Thing You Do!,1996,"Comedy,Drama,Music"
8.1,9187,Comrades: Almost a Love Story,1996,"Drama,Romance"
7.2,4161,Earth,1996,"Drama,Fantasy,Romance"
7.5,210608,A Time to Kill,1996,"Crime,Drama,Thriller"
8.1,772399,Trainspotting,1996,"Crime,Drama"
7.1,17726,Trees Lounge,1996,"Comedy,Drama"
6.6,1974,The Truce,1997,"Drama,War"
6.8,1714,Three Lives and Only One Death,1996,"Comedy,Crime,Fantasy"
7.1,6770,Twelfth Night,1996,"Comedy,Drama,Romance"
6.6,252966,Twister,1996,"Action,Adventure,Thriller"
8.1,2426,Premeditated Murder,1995,"Drama,Romance"
7.4,5877,Family Resemblances,1996,"Comedy,Drama"
7.1,3575,A Self-Made Hero,1996,"Comedy,Drama"
6.8,2796,The Ogre,1996,Drama
6.7,5130,The Van,1996,"Comedy,Drama"
6.7,2414,Thieves,1996,"Crime,Drama,Romance"
7.4,34001,Waiting for Guffman,1996,Comedy
6.7,4301,Walking and Talking,1996,"Comedy,Drama,Romance"
6.9,2735,The War at Home,1996,Drama
7.1,5213,The Watermelon Woman,1996,"Comedy,Drama,Romance"
7.9,19196,When We Were Kings,1996,"Documentary,Sport"
6.6,26185,White Squall,1996,"Adventure,Drama"
7.0,4417,The Whole Wide World,1996,"Biography,Drama,Romance"
6.6,27194,One Eight Seven,1997,"Drama,Thriller"
7.8,3896,4 Little Girls,1997,"Documentary,History"
6.7,65410,Absolute Power,1997,"Action,Crime,Drama"
6.9,21839,Affliction,1997,"Drama,Mystery,Thriller"
6.6,225372,Air Force One,1997,"Action,Crime,Drama"
7.1,3169,All Stars,1997,"Comedy,Drama,Sport"
7.3,88489,Amistad,1997,"Biography,Drama,History"
7.2,148064,Anastasia,1997,"Adventure,Animation,Drama"
7.2,16089,The Apostle,1997,Drama
6.9,3891,April,1998,"Biography,Comedy"
6.7,44534,Apt Pupil,1998,"Crime,Drama,Thriller"
6.8,10666,The Assignment,1997,"Action,Crime,Thriller"
7.0,275370,Austin Powers: International Man of Mystery,1997,"Adventure,Comedy"
8.0,190588,In the Mood for Love,2000,"Drama,Romance"
7.1,9400,Bent,1997,"Drama,History,Romance"
8.1,922054,The Big Lebowski,1998,"Comedy,Crime"
7.9,308433,Boogie Nights,1997,Drama
8.0,20478,Border,1997,"Action,Drama,History"
6.9,4100,On Guard,1997,"Adventure,Drama"
7.0,23893,The Boxer,1997,"Drama,Romance,Sport"
6.7,2378,Les Boys,1997,"Comedy,Drama,Sport"
7.8,29175,Brother,1997,"Crime,Drama,Thriller"
7.0,71394,Breakdown,1997,"Action,Crime,Drama"
6.7,2149,Junk Mail,1997,"Comedy,Thriller"
7.0,2892,Lucky Star,1997,Drama
7.4,67272,Buffalo '66,1998,"Comedy,Drama,Romance"
6.8,28343,Bulworth,1998,"Comedy,Drama,Romance"
8.6,819597,Life Is Beautiful,1997,"Comedy,Drama,Romance"
7.1,10797,The Butcher Boy,1997,"Comedy,Drama"
7.1,6770,Career Girls,1997,"Comedy,Drama"
7.3,35793,Live Flesh,1997,Drama
7.7,19048,The Castle,1997,"Comedy,Drama"
6.9,9344,Cats Don't Dance,1997,"Animation,Comedy,Family"
7.2,148928,Chasing Amy,1997,"Comedy,Drama,Romance"
8.0,59090,"Black Cat, White Cat",1998,"Comedy,Crime,Romance"
7.6,38729,Happy Together,1997,"Drama,Romance"
8.2,90913,Children of Heaven,1997,"Drama,Family,Sport"
7.0,5080,Chinese Coffee,2000,Drama
6.6,12648,Clay Pigeons,1998,"Comedy,Crime"
6.6,7780,Clockwatchers,1997,"Comedy,Drama"
6.9,341816,Con Air,1997,"Action,Crime,Thriller"
6.7,115063,Conspiracy Theory,1997,"Action,Crime,Drama"
7.5,316173,Contact,1997,"Drama,Mystery,Sci-Fi"
7.0,116578,Cop Land,1997,"Crime,Drama,Thriller"
7.1,20856,Dangerous Beauty,1998,"Biography,Drama,Romance"
7.4,2492,Csinibaba,1997,"Comedy,Musical,Romance"
6.6,2722,"Dancer, Texas Pop. 81",1998,"Comedy,Drama,Family"
6.9,7252,The Dancer Upstairs,2002,"Crime,Drama,Thriller"
7.5,227877,Dark City,1998,"Fantasy,Mystery,Sci-Fi"
7.3,50735,Deconstructing Harry,1997,Comedy
6.7,3253,Deewana Mastana,1997,"Comedy,Romance"
7.5,450134,The Devil's Advocate,1997,"Drama,Fantasy,Mystery"
6.7,3270,Digging to China,1997,Drama
7.0,27199,Dil To Pagal Hai,1997,"Comedy,Drama,Musical"
7.7,359427,Donnie Brasco,1997,"Biography,Crime,Drama"
6.9,1968,Dream with the Fishes,1997,"Comedy,Drama"
7.6,46767,Le Dîner de Cons,1998,Comedy
7.0,85429,The Edge,1997,"Action,Adventure,Drama"
7.1,1920,The Education of Little Tree,1997,Drama
6.7,8980,Onegin,1999,"Drama,Romance"
7.2,13066,Eve's Bayou,1997,Drama
6.6,216686,Event Horizon,1997,"Horror,Sci-Fi,Thriller"
6.6,5148,Face,1997,"Crime,Drama,Thriller"
7.3,430016,Face/Off,1997,"Action,Crime,Sci-Fi"
7.2,2888,Fakin' Da Funk,1997,Comedy
7.0,104804,Fallen,1998,"Action,Crime,Drama"
7.1,4101,"Fast, Cheap & Out of Control",1997,Documentary
6.7,12645,Fever Pitch,1997,"Comedy,Drama,Romance"
7.6,549775,The Fifth Element,1997,"Action,Adventure,Sci-Fi"
7.2,5272,Firelight,1997,"Drama,Romance"
7.2,120559,The Full Monty,1997,"Comedy,Drama"
6.6,2952,Full Tilt Boogie,1997,Documentary
7.5,98758,Funny Games,1997,"Crime,Drama,Horror"
7.7,475503,The Game,1997,"Drama,Mystery,Thriller"
7.7,349679,Gattaca,1997,"Drama,Sci-Fi,Thriller"
8.4,1234628,Good Will Hunting,1997,"Drama,Romance"
6.8,60724,Great Expectations,1998,"Drama,Romance"
6.9,17570,Gridlock'd,1997,"Comedy,Crime,Drama"
7.3,105610,Grosse Pointe Blank,1997,"Action,Comedy,Crime"
6.6,42267,Gummo,1997,"Comedy,Drama"
7.3,6289,Gupt: The Hidden Truth,1997,"Action,Crime,Mystery"
6.8,7933,Steam: The Turkish Bath,1997,"Drama,Romance"
7.7,35870,Fireworks,1997,"Crime,Drama,Romance"
7.1,60250,Hard Eight,1996,"Crime,Drama"
7.2,3642,The River,1997,"Drama,Romance"
7.2,16458,Mrs. Brown,1997,"Biography,Drama,History"
7.3,282605,Hercules,1997,"Action,Adventure,Animation"
6.7,46880,The Horse Whisperer,1998,"Drama,Romance,Western"
6.6,9392,The House of Yes,1997,"Comedy,Drama,Thriller"
6.9,2448,I Married a Strange Person!,1997,"Animation,Comedy,Drama"
7.3,63983,The Ice Storm,1997,Drama
7.1,14874,In the Company of Men,1997,"Comedy,Drama"
7.2,17651,Insomnia,1997,"Crime,Mystery,Thriller"
8.4,9026,Iruvar,1997,"Biography,Drama"
7.1,2329,The Island on Bird Street,1997,"Biography,Drama,War"
7.5,407098,Jackie Brown,1997,"Crime,Drama,Thriller"
7.6,12035,Character,1997,"Crime,Drama,Mystery"
6.6,101093,Kiss the Girls,1997,"Crime,Drama,Mystery"
7.8,37274,Knockin' on Heaven's Door,1997,"Action,Comedy,Crime"
7.0,32401,Kundun,1997,"Biography,Drama,History"
8.2,661926,L.A. Confidential,1997,"Crime,Drama,Mystery"
7.4,9327,Lawn Dogs,1997,Drama
7.2,2147,Life Is All You Get,1997,"Comedy,Drama"
7.3,3096,Left Luggage,1998,Drama
6.9,365421,Liar Liar,1997,"Comedy,Fantasy"
6.8,75381,Lolita,1997,"Drama,Romance"
6.6,481380,The Lost World: Jurassic Park,1997,"Action,Adventure,Sci-Fi"
7.3,6459,Love Jones,1997,"Comedy,Drama,Romance"
6.9,4334,Love and Death on Long Island,1997,"Comedy,Drama"
7.0,3805,Love! Valour! Compassion!,1997,"Comedy,Drama,Romance"
6.6,1585,Lucie Aubrac,1997,"Biography,Drama,War"
7.5,9279,Ma vie en rose,1997,Drama
6.9,1858,Marius and Jeannette,1997,"Comedy,Drama,Romance"
7.6,5155,Martín (Hache),1997,Drama
7.1,3476,Destiny,1997,"Comedy,Drama,History"
6.6,6221,The MatchMaker,1997,"Comedy,Romance"
7.2,302068,Meet Joe Black,1998,"Drama,Fantasy,Romance"
7.3,669323,Men in Black,1997,"Action,Adventure,Comedy"
7.6,2979,Men with Guns,1997,"Adventure,Drama"
6.6,43991,Midnight in the Garden of Good and Evil,1997,"Crime,Drama,Mystery"
7.2,14978,The Mighty,1998,"Comedy,Drama"
6.7,2878,A miniszter félrelép,1997,Comedy
7.4,44690,Les Misérables,1998,"Crime,Drama,Romance"
7.3,1650,Suzaku,1997,Drama
8.3,488585,Princess Mononoke,1997,"Adventure,Animation,Fantasy"
7.2,4505,Mother and Son,1997,Drama
6.8,1712,My Son the Fanatic,1997,"Comedy,Drama,Romance"
6.8,1822,"Niagara, Niagara",1997,"Drama,Romance"
6.7,9577,Night Falls on Manhattan,1996,"Crime,Drama,Mystery"
7.3,11134,Nil by Mouth,1997,Drama
6.6,1996,Monument Ave.,1998,"Crime,Drama,Thriller"
6.7,52782,Nothing to Lose,1997,"Action,Adventure,Comedy"
6.6,12547,Nowhere,1997,"Comedy,Drama,Sci-Fi"
7.4,6453,Four Days in September,1997,"Action,Drama,History"
7.7,339428,As Good as It Gets,1997,"Comedy,Drama,Romance"
7.3,4654,Same Old Song,1997,"Comedy,Drama,Musical"
7.0,1934,Orphans,1998,"Comedy,Drama"
6.8,1938,Ossos,1997,Drama
6.8,6293,Paradise Road,1997,"Drama,History,War"
6.9,17268,Pardes,1997,"Drama,Musical,Romance"
6.7,3042,Photographing Fairies,1997,"Drama,Fantasy,Mystery"
7.4,2209,Postman Blues,1997,"Action,Comedy,Crime"
6.8,2070,Praxis Dr. Hasenbein,1997,Comedy
7.2,8049,Without Limits,1998,"Biography,Drama,Sport"
6.8,7979,Prefontaine,1997,"Biography,Drama,Romance"
6.7,31627,Primary Colors,1998,"Comedy,Drama"
6.9,40646,Private Parts,1997,"Biography,Comedy,Drama"
7.2,92708,The Rainmaker,1997,"Crime,Drama,Thriller"
7.0,2612,Regeneration,1997,"Biography,Drama,History"
7.1,3600,For Roseanna,1997,"Comedy,Drama,Romance"
7.2,9447,Rosewood,1997,"Action,Drama,History"
6.8,1925,Running Time,1997,"Crime,Thriller"
6.8,2785,Safe House,1998,"Drama,Thriller"
7.2,12228,Savior,1998,"Drama,War"
7.0,2190,Secrets of the Heart,1997,Drama
6.9,34065,Selena,1997,"Biography,Drama,Music"
7.1,169492,Seven Years in Tibet,1997,"Adventure,Biography,Drama"
7.6,13424,The Barber of Siberia,1998,"Comedy,Drama,History"
7.5,1813,Sick,1997,Documentary
6.7,76475,Sliding Doors,1998,"Comedy,Drama,Fantasy"
7.0,9852,Soul Food,1997,"Comedy,Drama"
7.1,26441,The Spanish Prisoner,1997,"Drama,Mystery,Thriller"
7.1,186990,Three Kings,1999,"Action,Adventure,Comedy"
7.3,348962,Starship Troopers,1997,"Action,Adventure,Sci-Fi"
6.7,23625,State and Main,2000,"Comedy,Drama"
6.7,11935,SubUrbia,1996,"Comedy,Drama"
6.9,30714,Suicide Kings,1997,"Comedy,Crime,Drama"
7.4,37100,The Sweet Hereafter,1997,Drama
6.7,3841,Swept from the Sea,1997,"Drama,Mystery,Romance"
7.5,21670,Songs from the Second Floor,2000,"Comedy,Drama"
7.7,44798,Taste of Cherry,1997,Drama
6.9,3279,Tango,1998,"Drama,Musical"
6.7,2589,The Tango Lesson,1997,"Drama,Music,Romance"
7.2,12247,Smoke Signals,1998,"Comedy,Drama"
7.5,84690,A Simple Plan,1998,"Crime,Drama,Thriller"
6.7,1612,Tic Tac,1997,"Drama,Thriller"
8.0,1406772,Titanic,1997,"Drama,Romance"
7.9,680930,Toy Story 2,1999,"Adventure,Animation,Comedy"
6.9,5133,Trekkies,1997,"Comedy,Documentary"
8.2,1396318,The Truman Show,1998,"Comedy,Drama"
7.0,2897,Twenty Four Seven,1997,"Comedy,Drama,Romance"
6.8,6767,Twin Town,1997,"Comedy,Drama"
6.7,57887,U Turn,1997,"Crime,Drama,Thriller"
7.0,8009,Ulee's Gold,1997,Drama
7.3,7073,The Eel,1997,"Comedy,Drama"
6.9,3785,The Life of Jesus,1997,"Drama,Romance"
7.4,8048,The Dreamlife of Angels,1998,Drama
7.4,3235,Virasat,1997,"Action,Drama,Musical"
7.8,3877,Waco: The Rules of Engagement,1997,"Documentary,History"
6.7,3959,Washington Square,1997,"Drama,Romance"
6.6,37433,The Man Who Knew Too Little,1997,"Comedy,Crime,Drama"
6.7,8137,Welcome to Sarajevo,1997,"Drama,War"
6.9,17803,Wilde,1997,"Biography,Drama,Romance"
7.1,12375,The Wings of the Dove,1997,"Drama,Romance"
6.8,3964,The Winter Guest,1997,Drama
7.1,4858,Winter Sleepers,1997,"Drama,Romance,Thriller"
6.7,4555,The Wrong Guy,1997,"Comedy,Thriller"
6.6,2056,Year of the Horse,1997,"Documentary,Music"
6.7,15239,Yes Boss,1997,"Comedy,Drama,Musical"
7.2,2520,Keep Cool,1997,Comedy
6.7,3392,All the Little Animals,1998,"Adventure,Drama,Thriller"
8.5,1282264,American History X,1998,"Crime,Drama"
6.7,482461,Armageddon,1998,"Action,Adventure,Sci-Fi"
7.7,370641,Being John Malkovich,1999,"Comedy,Drama,Fantasy"
7.1,334026,Blade,1998,"Action,Horror,Sci-Fi"
6.6,9882,A Walk on the Moon,1999,"Drama,Romance"
7.1,506651,The Mummy,1999,"Action,Adventure,Fantasy"
7.2,340125,A Bug's Life,1998,"Adventure,Animation,Comedy"
7.1,3651,April Captains,2000,"Drama,History,War"
7.1,226281,Chicken Run,2000,"Adventure,Animation,Comedy"
7.1,86776,Ever After: A Cinderella Story,1998,"Drama,Romance"
6.7,135628,City of Angels,1998,"Drama,Fantasy,Romance"
6.6,32888,A Civil Action,1998,"Biography,Drama"
7.3,242151,Dogma,1999,"Adventure,Comedy,Drama"
6.6,140127,The 13th Warrior,1999,"Action,Adventure,History"
7.3,276312,Enemy of the State,1998,"Action,Thriller"
7.5,435499,Eyes Wide Shut,1999,"Drama,Mystery,Thriller"
7.4,320924,Fear and Loathing in Las Vegas,1998,"Adventure,Comedy,Drama"
7.3,101842,Frida,2002,"Biography,Drama,Romance"
6.7,172679,From Hell,2001,"Crime,Horror,Mystery"
7.3,34430,Gods and Monsters,1998,"Biography,Drama"
6.8,80819,Stepmom,1998,"Comedy,Drama"
8.6,1577612,The Green Mile,1999,"Crime,Drama,Fantasy"
6.7,8168,All I Wanna Do!,1998,Comedy
6.6,71404,Half Baked,1998,"Comedy,Crime"
7.2,9827,The General,1998,"Biography,Crime,Drama"
7.0,9304,The Interview,1998,"Crime,Drama,Thriller"
6.7,15287,The Last Days of Disco,1998,"Comedy,Drama,Music"
8.0,74070,The Legend of 1900,1998,"Drama,Music,Romance"
8.1,652509,"Lock, Stock and Two Smoking Barrels",1998,"Comedy,Crime"
8.9,2227298,The Lord of the Rings: The Fellowship of the Ring,2001,"Adventure,Drama,Fantasy"
6.8,211563,The Mask of Zorro,1998,"Action,Adventure,Comedy"
7.7,349675,Mulan,1998,"Adventure,Animation,Comedy"
7.3,169828,The Negotiator,1998,"Action,Crime,Drama"
6.9,13437,One True Thing,1998,Drama
7.0,106218,Out of Sight,1998,"Comedy,Crime,Drama"
6.7,175837,The Parent Trap,1998,"Adventure,Comedy,Drama"
7.0,154571,Payback,1999,"Action,Crime,Drama"
6.6,99179,A Perfect Murder,1998,"Crime,Drama,Thriller"
7.5,145195,Pleasantville,1998,"Comedy,Drama,Fantasy"
7.3,163823,The Prince of Egypt,1998,"Adventure,Animation,Drama"
7.6,35869,The Red Violin,1998,"Drama,Music,Mystery"
6.6,313380,Resident Evil,2002,"Action,Horror,Sci-Fi"
7.1,333443,Rush Hour,1998,"Action,Comedy,Crime"
8.6,1655301,Saving Private Ryan,1998,"Drama,War"
6.7,34928,The Shipping News,2001,Drama
6.7,15958,Slums of Beverly Hills,1998,"Comedy,Drama"
6.7,15009,Snow Falling on Cedars,1999,"Drama,Mystery,Romance"
6.8,2548,A Soldier's Daughter Never Cries,1998,Drama
7.3,271208,Tarzan,1999,"Adventure,Animation,Comedy"
6.9,13908,Tea with Mussolini,1999,"Comedy,Drama,War"
7.6,213295,The Thin Red Line,1998,"Drama,History,War"
6.9,1908,This Is My Father,1998,"Drama,Romance"
7.0,22339,Titus,1999,"Drama,History,Thriller"
6.8,15408,Torrente: The Dumb Arm of the Law,1998,"Comedy,Crime"
6.6,121019,U.S. Marshals,1998,"Action,Crime,Thriller"
6.9,40634,Velvet Goldmine,1998,"Drama,Music"
7.1,93932,Wag the Dog,1997,"Comedy,Drama"
6.9,174619,The Wedding Singer,1998,"Comedy,Music,Romance"
7.0,121408,What Dreams May Come,1998,"Drama,Fantasy,Romance"
6.6,141663,Wild Things,1998,"Crime,Drama,Mystery"
7.0,115427,The X Files,1998,"Adventure,Drama,Mystery"
7.3,698070,X-Men,2000,"Action,Adventure,Sci-Fi"
6.8,16145,Zero Effect,1998,"Comedy,Crime,Drama"
6.8,114419,eXistenZ,1999,"Horror,Mystery,Sci-Fi"
7.1,44248,Fantasia 2000,1999,"Animation,Family,Fantasy"
6.6,67079,Titan A.E.,2000,"Action,Adventure,Animation"
7.4,251662,The Emperor's New Groove,2000,"Adventure,Animation,Comedy"
7.4,330942,Corpse Bride,2005,"Animation,Comedy,Drama"
7.5,1543,Johnny Corncob,1973,"Adventure,Animation,Comedy"
6.6,828589,Star Wars: Episode II - Attack of the Clones,2002,"Action,Adventure,Fantasy"
7.7,930811,Star Wars: Episode III - Revenge of the Sith,2005,"Action,Adventure,Fantasy"
7.6,8976,The Crazy Stranger,1997,"Comedy,Drama,Music"
6.9,3386,Voyage to the End of the Universe,1963,Sci-Fi
7.7,10005,Black Cat,1968,"Drama,Fantasy,Horror"
6.6,181460,Lethal Weapon 4,1998,"Action,Crime,Thriller"
8.1,5272,Treasure Island. Captain Flint's Map,1989,"Adventure,Animation,Comedy"
8.2,3880,The Meeting Point,1989,"Comedy,Drama,Fantasy"
6.8,2058,Chaalbaaz,1989,"Action,Comedy,Drama"
7.0,25268,Return to Me,2000,"Comedy,Drama,Romance"
7.1,8253,Henry Fool,1997,"Comedy,Drama"
6.8,17790,An Ideal Husband,1999,"Comedy,Romance"
8.6,3511,The Counterfeit Coin,1955,"Drama,Romance"
7.3,4446,Hardboiled Egg,1997,"Comedy,Drama"
7.6,2532,The Rolling Stones Rock and Roll Circus,1996,"Documentary,Music"
7.2,209279,Ronin,1998,"Action,Crime,Thriller"
7.2,2155,Lucky and Zorba,1998,"Animation,Comedy,Drama"
7.7,2171,The Valley of the Bees,1968,Drama
8.1,1531,Woe to the Young,1961,"Drama,Fantasy,Romance"
6.7,170126,Analyze This,1999,"Comedy,Crime"
7.0,4219,Fudoh: The New Generation,1996,"Action,Comedy,Crime"
6.9,3255,Pippi Goes on Board,1969,"Adventure,Comedy,Drama"
8.2,1572,Help Its Vengos Visible Agent '000',1967,Comedy
7.5,3542,Made in Hong Kong,1997,"Comedy,Crime,Drama"
7.4,2089,"Fight, Zatoichi, Fight",1964,"Action,Adventure,Drama"
7.3,1691,Zatoichi's Revenge,1965,"Action,Adventure,Drama"
6.7,2349,Artemisia,1997,"Biography,Drama,History"
8.6,2135,The Miscellaneous Brigade on the Watch,1971,"Action,Comedy,Crime"
8.5,2088,Brigade Miscellaneous Steps In,1970,Comedy
8.6,2216,Miscellaneous Brigade in the Mountains and at the Sea,1971,"Action,Comedy,Crime"
7.1,263172,Cube,1997,"Horror,Mystery,Sci-Fi"
7.5,40204,Cure,1997,"Crime,Horror,Mystery"
6.8,61589,Life,1999,"Comedy,Crime,Drama"
7.7,4012,Loafing and Camouflage,1984,Comedy
7.1,2011,Morgiana,1972,"Crime,Drama,Horror"
7.6,6000,The Thief,1997,"Crime,Drama"
7.1,8125,The Big One,1997,"Comedy,Crime,Documentary"
6.7,78152,Blast from the Past,1999,"Comedy,Drama,Romance"
7.4,1883,Ashes of Paradise,1997,"Crime,Drama,Mystery"
7.4,110020,The Cider House Rules,1999,"Drama,Romance"
7.9,2589,The Ogre of Athens,1956,"Crime,Drama"
6.9,16147,Return to Paradise,1998,"Drama,Romance,Thriller"
6.7,1868,The Laughing Woman,1969,Thriller
6.9,55134,He Got Game,1998,"Drama,Sport"
7.5,5188,Patlabor 2: The Movie,1993,"Action,Animation,Drama"
6.8,23099,Simon Birch,1998,"Comedy,Drama,Family"
7.1,22228,Thursday,1998,"Action,Comedy,Crime"
6.8,3159,The Hanging Garden,1997,"Drama,Romance"
6.6,1829,I Think I Do,1997,"Comedy,Romance"
7.2,388643,Notting Hill,1999,"Comedy,Drama,Romance"
6.6,17608,Paulie,1998,"Adventure,Comedy,Drama"
7.1,1573,Sue,1997,Drama
7.7,76247,Open Your Eyes,1997,"Drama,Mystery,Sci-Fi"
7.4,143984,Man on the Moon,1999,"Biography,Comedy,Drama"
8.5,1582,Operation 'The Monster',1976,Comedy
7.9,818277,Shrek,2001,"Adventure,Animation,Comedy"
6.8,14374,Cookie's Fortune,1999,"Comedy,Drama"
6.7,2511,I Went Down,1997,"Action,Comedy,Crime"
7.1,7853,23,1998,"Drama,Thriller"
6.6,3620,Bedrooms and Hallways,1998,"Comedy,Romance"
7.0,2712,Green Fish,1997,"Crime,Drama"
6.7,8140,Deewana,1992,"Action,Comedy,Drama"
7.2,112005,Election,1999,"Comedy,Romance"
6.6,40546,For Love of the Game,1999,"Drama,Romance,Sport"
7.6,12228,Somersault in a Coffin,1996,Drama
6.8,46002,Who Am I?,1998,"Action,Adventure,Comedy"
6.7,2265,Divorcing Jack,1998,"Comedy,Thriller"
7.4,110746,Elizabeth,1998,"Biography,Drama,History"
7.5,8785,Kiler,1997,"Action,Comedy,Crime"
7.2,3740,The Harmonists,1997,"Biography,Drama,Music"
6.6,35620,Instinct,1999,"Drama,Thriller"
7.3,1884,Buttoners,1997,Comedy
8.0,23139,Innocence,1997,Drama
7.6,1540,This Transient Life,1970,Drama
7.0,6037,With Fire and Sword,1999,"Adventure,Drama,History"
7.3,172562,Rounders,1998,"Crime,Drama"
7.6,209317,Rushmore,1998,"Comedy,Drama,Romance"
6.7,247611,You've Got Mail,1998,"Comedy,Drama,Romance"
7.7,1606,Belorussky Station,1971,Drama
8.0,2066,Chalti Ka Naam Gaadi,1958,"Comedy,Musical,Romance"
8.1,264063,The Iron Giant,1999,"Action,Adventure,Animation"
7.0,2066,Olsenbanden - Operasjon Egon,1969,"Comedy,Crime,Family"
6.9,131058,Patch Adams,1998,"Biography,Comedy,Drama"
6.9,46913,Ravenous,1999,"Adventure,Drama,Horror"
7.1,350327,There's Something About Mary,1998,"Comedy,Romance"
7.8,3545,An Average Little Man,1977,"Comedy,Crime,Drama"
6.6,1545,The Chambermaid on the Titanic,1997,"Drama,Romance"
7.3,2032,Zatoichi and the Chest of Gold,1964,"Action,Adventure,Drama"
7.2,7320,Aimee & Jaguar,1999,"Biography,Drama,Romance"
7.6,1524,Cane Toads: An Unnatural History,1988,"Comedy,Documentary"
7.6,217777,Run Lola Run,1998,"Action,Crime,Thriller"
7.2,1737,The Widower,1959,Comedy
7.4,2352,Three Plus Two,1963,"Comedy,Romance"
7.8,2217,Canoa: A Shameful Memory,1975,"Adventure,Crime,Drama"
7.4,4792,Detective Conan: The Time Bombed Skyscraper,1997,"Adventure,Animation,Crime"
8.3,6464,The Little Fox,1981,"Adventure,Animation,Comedy"
7.8,112766,October Sky,1999,"Biography,Drama,Family"
6.8,13007,Ishq,1997,"Action,Comedy,Drama"
8.7,2268552,The Matrix,1999,"Action,Sci-Fi"
7.7,2342,"Welcome Back, Mr. McDonald",1997,Comedy
7.3,36086,SLC Punk!,1998,"Comedy,Drama,Music"
7.2,149876,Treasure Planet,2002,"Action,Adventure,Animation"
7.6,20931,Lovers of the Arctic Circle,1998,"Drama,Mystery,Romance"
6.6,148953,The Faculty,1998,"Horror,Mystery,Sci-Fi"
8.5,3931,Guru,1997,"Drama,Fantasy"
7.2,4121,Kummeli Goldrush,1997,"Adventure,Comedy"
7.4,274665,The Talented Mr. Ripley,1999,"Crime,Drama,Thriller"
6.7,15323,Ride with the Devil,1999,"Drama,Romance,War"
6.6,152321,8MM,1999,"Crime,Drama,Mystery"
8.3,2213,Twenty Years Later,1984,"Documentary,History"
7.8,5234,The Girls,1962,"Comedy,Romance"
6.7,29780,"Mystery, Alaska",1999,"Comedy,Drama,Sport"
7.3,2831,Air Crew,1980,"Action,Drama,Thriller"
6.8,1518,Full Alert,1997,"Action,Crime,Thriller"
8.0,2636,The Graduates,1986,"Comedy,Romance"
7.0,265455,Pitch Black,2000,"Horror,Sci-Fi,Thriller"
7.7,13517,Three Men and a Leg,1997,Comedy
7.2,3394,Poison for the Fairies,1986,"Drama,Fantasy,Horror"
6.6,2323,Venus Wars,1989,"Action,Animation,Drama"
7.7,1958,The Auntie from Chicago,1957,Comedy
7.5,11490,Bang Boom Bang - Ein todsicheres Ding,1999,"Action,Comedy,Crime"
6.7,2590,Snowman,1995,"Comedy,Drama,Romance"
7.8,2369,The Treasure of Swamp Castle,1985,"Adventure,Animation,Comedy"
7.2,99743,Arlington Road,1999,"Action,Crime,Drama"
6.6,4049,Billy's Hollywood Screen Kiss,1998,"Comedy,Romance"
7.4,7025,Autumn Tale,1998,"Comedy,Drama,Romance"
8.8,2646242,Fight Club,1999,"Crime,Drama,Thriller"
7.1,243926,Shakespeare in Love,1998,"Comedy,Drama,History"
7.2,1995,The Decline of Western Civilization Part III,1998,"Documentary,Music"
6.8,7409,Edge of Seventeen,1998,"Comedy,Drama,Romance"
6.8,3022,The Juniper Tree,1990,"Drama,Fantasy"
7.3,193487,Pi,1998,"Drama,Horror,Mystery"
6.9,120289,The Road to El Dorado,2000,"Adventure,Animation,Comedy"
7.2,3465,Three Seasons,1999,Drama
6.8,221925,Cruel Intentions,1999,"Drama,Romance"
7.2,80157,Go,1999,"Comedy,Crime"
6.6,11768,High Art,1998,"Drama,Romance"
7.0,1916,In Vanda's Room,2000,Drama
6.7,2507,See the Sea,1997,"Drama,Thriller"
7.0,2591,Slam,1998,Drama
7.8,522674,Training Day,2001,"Crime,Drama,Thriller"
6.6,40253,True Crime,1999,"Crime,Drama,Mystery"
6.6,53799,Varsity Blues,1999,"Comedy,Drama,Romance"
7.0,83675,The Thirteenth Floor,1999,"Mystery,Sci-Fi,Thriller"
7.7,2260,The Red Angel,1966,"Drama,Romance,War"
7.7,2814,Annamalai,1992,"Comedy,Drama,Musical"
7.5,2996,Arunachalam,1997,"Action,Comedy,Drama"
7.9,3332,Avvai Shanmugi,1996,"Comedy,Drama,Musical"
8.3,13715,Baasha,1995,"Action,Crime,Drama"
6.9,1925,The Boys,1998,"Crime,Drama"
8.2,3544,Guna,1991,"Drama,Romance"
8.6,5169,Mahanadi,1994,"Crime,Drama"
7.8,192739,The Insider,1999,"Biography,Drama,History"
8.5,7982,Michael Madana Kama Rajan,1990,Comedy
7.0,4474,Blind Beast,1969,"Drama,Horror"
6.8,9816,Mumford,1999,"Comedy,Drama"
7.5,4109,Muthu,1995,"Action,Comedy,Drama"
8.1,1777,Sathi Leelavathi,1995,"Comedy,Drama"
7.5,4251,Christmas in August,1998,"Drama,Romance"
8.0,51317,Central Station,1998,Drama
6.7,3457,Free Enterprise,1998,"Comedy,Romance"
7.1,1858,Party Monster,1998,"Biography,Documentary"
6.6,92590,U-571,2000,"Action,War"
7.2,12106,The War Zone,1999,"Drama,Thriller"
6.9,2336,Wild Man Blues,1997,"Documentary,Music,Romance"
7.4,5094,The Bird People in China,1998,"Adventure,Comedy,Drama"
6.9,2017,Down in the Delta,1998,Drama
6.7,9757,Dragon Ball Z: The Tree of Might,1990,"Action,Adventure,Animation"
7.6,13799,Dragon Ball Z: Fusion Reborn,1995,"Action,Animation,Sci-Fi"
6.9,9560,Dragon Ball Z: The Return of Cooler,1992,"Action,Animation,Fantasy"
7.1,8278,Dragon Ball Z: Bojack Unbound,1993,"Action,Animation,Fantasy"
6.6,8332,Dragon Ball Z: The World's Strongest,1990,"Action,Adventure,Animation"
6.9,8984,Dragon Ball Z: Super Android 13!,1992,"Action,Animation,Sci-Fi"
7.3,13499,Dragon Ball Z: Broly - The Legendary Super Saiyan,1993,"Action,Animation,Fantasy"
7.4,11031,Dragon Ball Z: Wrath of the Dragon,1995,"Action,Animation,Sci-Fi"
6.8,3330,Dragon Ball: Mystical Adventure,1988,"Action,Adventure,Animation"
7.1,3454,Dragon Ball: The Path to Power,1996,"Action,Adventure,Animation"
6.7,4413,Dragon Ball: Curse of the Blood Rubies,1986,"Action,Adventure,Animation"
7.0,3123,Rainy Dog,1997,"Crime,Drama"
7.1,7996,Fist of the North Star,1986,"Action,Animation,Drama"
8.2,2478,Mattie the Goose-Boy,1977,"Adventure,Animation,Comedy"
6.7,211465,The Ninth Gate,1999,"Mystery,Thriller"
7.0,7287,The Small Town,1997,Drama
7.5,5499,Lone Wolf and Cub: Baby Cart in Peril,1972,"Action,Thriller"
7.5,5104,Lone Wolf and Cub: Baby Cart in the Land of Demons,1973,"Action,Crime,Drama"
7.8,2998,Scratch,2001,"Documentary,Music"
7.4,1702,Country of the Deaf,1998,"Comedy,Crime,Drama"
7.4,3880,Pickpocket,1998,Drama
7.6,850794,American Psycho,2000,"Crime,Drama,Horror"
7.6,263543,The Boondock Saints,1999,"Action,Crime,Thriller"
7.4,14948,Girl on the Bridge,1999,"Comedy,Drama,Romance"
7.2,2072,The Red Light Bandit,1968,"Crime,Thriller"
7.4,1508,Jenny Jenny,1966,"Comedy,Romance"
7.2,1690,Kingdom of Crooked Mirrors,1963,"Family,Fantasy"
8.0,7525,Little Dieter Needs to Fly,1997,"Biography,Documentary,Drama"
7.0,3275,"Pizza, Beer, and Cigarettes",1997,"Crime,Drama"
7.4,987214,Spider-Man,2002,"Action,Adventure,Sci-Fi"
7.4,15285,Sunshine,1999,"Drama,History,Romance"
7.1,13458,Two Hands,1999,"Comedy,Crime,Thriller"
7.3,24582,Angela's Ashes,1999,"Biography,Drama"
6.7,264089,Austin Powers: The Spy Who Shagged Me,1999,"Action,Adventure,Comedy"
6.7,201912,The Bone Collector,1999,"Crime,Drama,Mystery"
6.9,21076,Playing by Heart,1998,"Comedy,Drama,Romance"
6.9,2316,Daisy Town,1971,"Adventure,Animation,Comedy"
7.1,4953,April Story,1998,"Drama,Romance"
7.3,65738,Thirteen Days,2000,"Drama,History,Thriller"
7.1,3464,Barrio,1998,Drama
8.5,2041,Dosti,1964,"Drama,Family,Musical"
6.9,131953,Any Given Sunday,1999,"Drama,Sport"
7.4,200459,High Fidelity,2000,"Comedy,Drama,Music"
6.7,62670,The Legend of Bagger Vance,2000,"Drama,Sport"
7.0,17869,Little Voice,1998,"Comedy,Drama,Music"
7.2,1989,The Hornet,1998,"Crime,Drama,Romance"
7.7,80519,Happiness,1998,"Comedy,Drama"
7.4,457964,10 Things I Hate About You,1999,"Comedy,Drama,Romance"
7.0,9371,Still Crazy,1998,"Comedy,Drama,Music"
7.6,4433,Three Palms for Two Punks and a Babe,1998,Comedy
7.6,12849,Cholera Street,1997,"Crime,Drama,Romance"
6.8,5442,Besieged,1998,"Drama,Romance"
6.7,9852,Cradle Will Rock,1999,Drama
7.5,2091,The Cruise,1998,Documentary
7.6,8443,Earth,1998,"Drama,Romance,War"
7.5,58217,Show Me Love,1998,"Comedy,Drama,Romance"
7.3,11326,Hilary and Jackie,1998,"Biography,Drama,Music"
7.2,6737,The Housemaid,1960,"Crime,Drama,Horror"
7.4,21154,Straight from the Heart,1999,"Comedy,Drama,Musical"
7.7,2628,Next Stop Paradise,1998,"Crime,Drama,Romance"
7.3,14313,Topsy-Turvy,1999,"Biography,Comedy,Drama"
7.1,4591,The Miracle of P. Tinto,1998,"Comedy,Fantasy,Sci-Fi"
7.4,9384,My Name Is Joe,1998,"Drama,Romance"
7.6,310855,Office Space,1999,Comedy
6.9,2124,The Silence,1998,"Drama,Music"
6.7,6534,Taal,1999,"Drama,Musical,Romance"
7.0,95936,Taxi,1998,"Action,Comedy,Crime"
7.8,2278,Love and Lies,1981,"Drama,Romance"
8.0,100520,The Celebration,1998,Drama
6.7,36277,The Idiots,1998,"Comedy,Drama"
7.4,113571,Following,1998,"Crime,Mystery,Thriller"
6.7,5097,The Sinners of Hell,1960,"Crime,Drama,Horror"
8.6,2190,Rudra Veena,1988,"Drama,Music"
6.7,1588,Serial Lover,1998,"Comedy,Crime"
8.5,4116,Thillu Mullu,1981,"Comedy,Musical"
6.9,110338,The Thomas Crown Affair,1999,"Crime,Romance,Thriller"
7.0,2249,The Ghost of Yotsuya,1959,Horror
7.3,8545,The Winslow Boy,1999,"Drama,Romance"
8.4,3496,Amaram,1991,Drama
7.7,8983,Gloomy Sunday,1999,"Drama,Romance"
7.2,1694,Dr. Akagi,1998,"Comedy,Drama,History"
6.6,1776,Mrs. Salkim's Diamonds,1999,"Drama,History"
7.8,2232,Sigappu Rojakkal,1978,"Drama,Thriller"
7.5,1522,Spring Forward,1999,Drama
6.7,1757,Class Trip,1998,"Drama,Mystery"
7.3,4668,Flowers of Shanghai,1998,"Drama,Romance"
7.4,4833,The Hole,1998,"Drama,Fantasy,Musical"
7.2,2599,"Khrustalyov, My Car!",1998,"Comedy,Drama"
7.1,10578,Last Night,1998,"Comedy,Drama,Romance"
7.8,16410,Eternity and a Day,1998,Drama
7.0,22147,My Dog Skip,2000,"Comedy,Drama,Family"
6.9,4971,Of Freaks and Men,1998,"Comedy,Drama,History"
8.0,125538,Perfect Blue,1997,"Animation,Crime,Drama"
7.2,2930,The Apple,1998,Drama
7.2,27853,I Stand Alone,1998,"Crime,Drama,Thriller"
6.6,5871,Sitcom,1998,"Comedy,Drama,Romance"
7.4,3932,Faithless,2000,"Drama,Romance"
7.4,2489,The Rose Seller,1998,Drama
7.6,5315,West Beirut,1998,"Comedy,Drama,Romance"
6.7,45321,Drop Dead Gorgeous,1999,"Comedy,Thriller"
7.5,2859,The Killing of America,1981,"Crime,Documentary"
6.7,4764,The Girl of Your Dreams,1998,"Comedy,Drama"
6.8,3281,Under the Sun,1998,"Drama,Romance"
7.2,37119,Sweet and Lowdown,1999,"Comedy,Drama,Music"
7.0,2023,The Burning Train,1980,"Action,Thriller"
8.2,1769,The Concert for Bangladesh,1972,"Documentary,Music"
8.0,3800,The Fall of Rock & Roll,1989,Comedy
6.8,3437,Juha,1999,"Comedy,Drama,Romance"
7.6,19283,Lady Snowblood,1973,"Action,Crime,Drama"
7.7,224135,"South Park: Bigger, Longer & Uncut",1999,"Animation,Comedy,Fantasy"
7.2,187899,The Virgin Suicides,1999,"Drama,Romance"
6.7,2599,Beautiful People,1999,"Comedy,Drama,War"
7.2,164953,Cold Mountain,2003,"Adventure,Drama,Romance"
7.0,24939,Croupier,1998,"Crime,Drama,Thriller"
7.1,5905,The Tough Ones,1999,"Action,Crime,Drama"
7.0,2870,Mobile Suit Gundam I,1981,"Action,Adventure,Animation"
7.1,2028,Mobile Suit Gundam II: Soldiers of Sorrow,1981,"Action,Animation,Drama"
7.5,1950,Mobile Suit Gundam III: Encounters in Space,1982,"Action,Animation,Drama"
6.7,1666,Relax... It's Just Sex,1998,Comedy
7.2,2497,Crazed Fruit,1956,"Drama,Romance"
6.7,3185,Joe the King,1999,"Crime,Drama"
7.5,3217,Inconveniente,1999,Drama
6.7,3794,Tumbleweeds,1999,"Comedy,Drama"
6.6,146454,What Lies Beneath,2000,"Drama,Horror,Mystery"
7.0,11248,The Wood,1999,"Comedy,Drama,Romance"
6.8,11374,Bleeder,1999,"Crime,Drama"
7.5,14850,Nowhere in Africa,2001,"Biography,Drama,History"
7.3,2893,Tuvalu,1999,"Comedy,Drama,Romance"
7.8,694038,Cast Away,2000,"Adventure,Drama,Romance"
6.6,1654,Just Looking,1999,"Comedy,Drama"
7.3,131555,Ghost World,2001,"Comedy,Drama"
7.4,2670,Smiling Fish & Goat on Fire,1999,"Comedy,Romance"
7.1,6116,Short Sharp Shock,1998,"Crime,Drama,Thriller"
6.7,4671,Ambush,1999,"Drama,War"
7.3,414666,Sleepy Hollow,1999,"Fantasy,Horror,Mystery"
6.7,44397,Summer of Sam,1999,"Crime,Drama,Romance"
7.2,10009,Trick,1999,"Comedy,Music,Romance"
7.1,4111,Twin Falls Idaho,1999,Drama
7.2,6722,The Emperor and the Assassin,1998,"Drama,History,Romance"
7.5,14012,Get Real,1998,"Comedy,Drama,Romance"
7.1,2751,Space Adventure Cobra,1982,"Action,Animation,Fantasy"
7.0,3635,Bullet Ballet,1998,"Crime,Drama,Thriller"
7.0,471662,American Pie,1999,Comedy
6.6,270507,The Beach,2000,"Adventure,Drama,Romance"
6.9,81772,Bringing Out the Dead,1999,"Drama,Thriller"
7.9,2924,It's a Long Road,1998,Drama
6.9,6704,Limbo,1999,"Adventure,Drama,Thriller"
6.9,93420,Stir of Echoes,1999,"Horror,Mystery,Thriller"
6.6,2676,The Color of Lies,1999,"Comedy,Crime,Drama"
7.5,33651,Dil Se..,1998,"Drama,Romance"
7.1,8346,Mifune,1999,"Comedy,Drama,Romance"
7.3,1765,Zatoichi Goes to the Fire Festival,1970,"Action,Adventure,Drama"
7.1,1692,Adventures of Zatoichi,1964,"Action,Adventure,Drama"
7.6,15873,After Life,1998,"Drama,Fantasy"
6.9,1593,Molokai,1999,"Biography,Drama"
7.9,3553,Demons,1971,"Drama,Horror"
8.0,12610,The Wounds,1998,"Comedy,Crime,Drama"
7.1,16785,Angst,1983,"Drama,Horror,Thriller"
6.8,41873,Detroit Rock City,1999,"Adventure,Comedy,Music"
7.0,8805,Felicia's Journey,1999,"Drama,Thriller"
7.5,103451,Ghost Dog: The Way of the Samurai,1999,"Crime,Drama"
7.5,41385,Interstate 60,2002,"Adventure,Comedy,Drama"
6.9,38456,The Limey,1999,"Crime,Drama,Mystery"
7.0,7350,Liberty Heights,1999,"Comedy,Drama,Music"
6.8,64805,Sinbad: Legend of the Seven Seas,2003,"Adventure,Animation,Comedy"
6.9,19726,East Is East,1999,"Comedy,Drama"
6.8,1788,Don't Tell Anyone,1998,Drama
7.3,29978,Waking Ned Devine,1998,Comedy
7.2,1579,Toxic Love,1983,"Crime,Drama"
6.7,40520,Anna and the King,1999,"Drama,History,Romance"
7.0,6190,That's Life,1998,"Adventure,Comedy"
7.2,95010,Spirit: Stallion of the Cimarron,2002,"Adventure,Animation,Drama"
8.0,109214,The Straight Story,1999,"Biography,Drama"
7.9,432228,Mulholland Drive,2001,"Drama,Mystery,Thriller"
6.7,13956,Music of the Heart,1999,"Drama,Music"
6.9,5652,The One and Only,1999,"Comedy,Romance"
6.9,372347,Hellboy,2004,"Action,Adventure,Fantasy"
9.0,2184085,The Lord of the Rings: The Return of the King,2003,"Adventure,Drama,Fantasy"
8.8,1975416,The Lord of the Rings: The Two Towers,2002,"Adventure,Drama,Fantasy"
8.1,7065,Cosy Dens,1999,"Comedy,Drama"
7.8,8880,Time to Love,1965,"Drama,Romance"
8.2,1155368,The Sixth Sense,1999,"Drama,Mystery,Thriller"
7.0,1536,Vieni avanti cretino,1982,Comedy
7.2,1716,Il demonio,1963,"Drama,Horror"
6.8,2088,"Late August, Early September",1998,"Drama,Romance"
7.4,3310,The Children of the Marshland,1999,"Comedy,Drama"
7.2,2738,The Longest Nite,1997,"Action,Crime,Mystery"
7.0,2905,A Long Hot Summer,1999,"Comedy,Music"
7.1,3719,Aberdeen,2000,Drama
6.6,2025,The Adventures of Sebastian Cole,1998,"Comedy,Drama"
6.8,12867,The Best Man,1999,"Comedy,Drama,Romance"
7.9,124797,Dancer in the Dark,2000,"Crime,Drama,Musical"
7.3,40908,Antwone Fisher,2002,"Biography,Drama"
6.7,3188,The Five Senses,1999,"Comedy,Drama,Music"
7.4,2582,Love & Pop,1998,Drama
8.1,130223,Lagaan: Once Upon a Time in India,2001,"Drama,Musical,Sport"
7.7,6071,Cabaret Balkan,1998,"Comedy,Drama"
7.0,2651,Radio Arrow,1998,Drama
6.7,2465,Shark Skin Man and Peach Hip Girl,1998,"Action,Comedy,Mystery"
7.0,2080,The Terrorist,1998,Drama
8.3,1285331,American Beauty,1999,Drama
8.3,4923,Father of a Soldier,1964,"Drama,War"
8.1,78386,Neon Genesis Evangelion: The End of Evangelion,1997,"Action,Animation,Drama"
7.2,17183,Neon Genesis Evangelion: Death & Rebirth,1997,"Action,Animation,Drama"
7.2,3399,Luna Papa,1999,"Comedy,Drama"
7.2,2843,Samurai Fiction,1998,"Action,Adventure,Comedy"
6.9,44345,Tigerland,2000,"Drama,War"
7.6,9965,Train of Life,1998,"Comedy,Drama,War"
8.9,3726,Yesterday,1988,Drama
7.1,1677,Barefoot Gen 2,1986,"Animation,Biography,Drama"
7.5,13459,Ratcatcher,1999,Drama
7.5,108084,Boys Don't Cry,1999,"Biography,Crime,Drama"
7.1,4374,Wonderland,1999,Drama
7.9,2188,The Wife of an Important Man,1987,Drama
6.6,290117,Bad Boys II,2003,"Action,Comedy,Crime"
7.0,25681,The End of the Affair,1999,"Drama,Mystery,Romance"
7.3,235879,"Girl, Interrupted",1999,"Biography,Drama"
8.5,1872237,Gladiator,2000,"Action,Adventure,Drama"
7.0,4326,He Died with a Felafel in His Hand,2001,"Comedy,Romance"
7.5,63240,Kuch Kuch Hota Hai,1998,"Comedy,Drama,Musical"
8.4,2164,Mars na Drinu,1964,"Action,Drama,History"
7.2,1767,Visitor of a Museum,1989,"Drama,Horror,Sci-Fi"
6.6,6689,Pyaar Kiya to Darna Kya,1998,"Action,Comedy,Drama"
6.6,3897,Pyaar to Hona Hi Tha,1998,"Comedy,Drama,Romance"
6.7,8920,Raju Ban Gaya Gentleman,1992,"Comedy,Drama,Musical"
6.7,2025,Swarg,1990,Drama
8.2,3703,My Voyage to Italy,1999,Documentary
7.8,2604,The Pied Piper,1986,"Animation,Fantasy,Horror"
7.9,6587,The Last Days,1998,"Documentary,War"
7.6,108639,The Hurricane,1999,"Biography,Drama,Sport"
8.3,1874,Propala hramota,1972,"Comedy,Fantasy"
8.5,1554,Sherekilebi,1974,"Comedy,Musical"
8.0,351962,Magnolia,1999,Drama
7.3,2203,The Grandfather,1998,Drama
7.0,1575,A Hero Never Dies,1998,"Action,Crime,Drama"
6.8,7589,Sun Alley,1999,"Comedy,Drama,Romance"
7.0,2140,Maiden's Cheek,1959,"Comedy,Romance"
7.6,5191,Gigantic,1999,"Comedy,Drama"
7.7,7669,The Glass Agency,1998,"Action,Drama,Romance"
7.7,1714,Miss Director,1964,"Comedy,Romance"
7.4,192853,Galaxy Quest,1999,"Adventure,Comedy,Sci-Fi"
7.6,23591,In July,2000,"Adventure,Comedy,Romance"
6.6,5317,Kebab Connection,2004,"Action,Comedy,Romance"
7.9,1750,Aandhi,1975,"Drama,Romance"
7.0,28029,Mansfield Park,1999,"Drama,Romance"
7.2,86904,The Ring,1998,"Horror,Mystery"
6.6,2416,American Pimp,1999,Documentary
6.6,15256,Moonlight Mile,2002,"Drama,Romance"
6.9,52928,But I'm a Cheerleader,1999,"Comedy,Drama,Romance"
8.3,11690,Cat City,1986,"Adventure,Animation,Comedy"
7.2,59302,Quills,2000,"Biography,Drama"
8.3,981493,Requiem for a Dream,2000,Drama
7.8,1761,The Promising Boy,1981,"Comedy,Drama,Music"
7.5,2224,Druga Zikina dinastija,1986,Comedy
7.4,1566,I hartopaihtra,1964,Comedy
7.3,24694,In China They Eat Dogs,1999,"Action,Comedy,Crime"
7.9,2257,And the Woman Shall Fear Her Husband,1965,"Comedy,Drama"
7.8,1603,The Yellow Gloves,1960,Comedy
7.8,1968,The Last Lap at Monza,1989,"Action,Thriller"
7.7,2236,Tight Skin 2,1987,Comedy
7.7,2142,Tight Skin 3,1988,Comedy
7.5,1899,Tight Skin 4,1991,Comedy
7.8,2509,Three Tickets to Hollywood,1993,Comedy
7.6,3202,Zika's Dynasty,1985,Comedy
7.8,21249,American Movie,1999,"Comedy,Documentary"
7.4,5381,East/West,1999,"Adventure,Drama,History"
7.3,95168,Finding Forrester,2000,"Drama,Sport"
8.0,2029,The Policeman of the 16th Precinct,1959,Comedy
8.2,1644,A Matter of Earnestness,1965,Comedy
7.5,12309,Kirikou and the Sorceress,1998,"Adventure,Animation,Family"
7.6,625264,Minority Report,2002,"Action,Crime,Mystery"
6.8,1579,Solomon & Gaenor,1999,"Drama,Romance"
7.1,1501,A Holy Place,1990,"Drama,Horror"
7.5,231585,Traffic,2000,"Crime,Drama,Thriller"
7.9,316686,Almost Famous,2000,"Adventure,Comedy,Drama"
7.6,4838,After the Rain,1999,Drama
7.0,60663,Boiler Room,2000,"Crime,Drama,Thriller"
7.2,3893,Turist Ömer: Uzay Yolunda,1973,"Comedy,Sci-Fi"
6.8,3259,Urbania,2000,Drama
6.9,135200,Bicentennial Man,1999,"Drama,Romance,Sci-Fi"
6.8,4404,The Top Scorer,1981,"Comedy,Romance,Sport"
7.7,3369,Jinnah,1998,"Biography,Drama,War"
7.5,1851,The Mine,1978,Drama
6.6,2711,Me Myself I,1999,"Comedy,Romance"
6.6,265136,"Me, Myself & Irene",2000,Comedy
7.1,303302,Phone Booth,2002,"Crime,Thriller"
7.0,31112,Pollock,2000,"Biography,Drama"
7.0,221944,A Knight's Tale,2001,"Action,Adventure,Drama"
7.1,3722,Gamera 3: Revenge of Iris,1999,"Action,Drama,Fantasy"
8.4,12945,Mr. Muhsin,1987,"Comedy,Drama,Music"
7.3,3085,Rurouni Kenshin: The Movie,1997,"Action,Animation,Drama"
6.6,142999,Shanghai Noon,2000,"Action,Adventure,Comedy"
7.2,69314,Wonder Boys,2000,"Comedy,Drama"
7.8,110399,All About My Mother,1999,"Comedy,Drama,Romance"
7.0,5021,Neo Tokyo,1987,"Adventure,Animation,Fantasy"
7.2,4429,Peculiarities of the National Fishing,1998,Comedy
6.7,2503,Ali Baba ve Kirk Haramiler,1971,"Comedy,Fantasy"
7.4,124592,Frequency,2000,"Crime,Drama,Mystery"
6.9,7806,Jesus' Son,1999,Drama
7.6,21071,Buena Vista Social Club,1999,"Documentary,Music"
7.4,1548,Zatoichi's Cane Sword,1967,"Action,Adventure,Drama"
7.4,3117,It All Starts Today,1999,Drama
8.1,2183,Kshana Kshanam,1991,"Comedy,Crime,Drama"
8.6,9113,Barking at the Stars,1998,"Comedy,Romance"
8.6,3704,Moondram Pirai,1982,"Drama,Romance"
7.2,315603,The Patriot,2000,"Action,Drama,War"
6.7,254367,Blade II,2002,"Action,Horror,Sci-Fi"
7.4,1960,The Pear Tree,1998,"Drama,Romance"
7.6,10712,Butterfly,1999,"Drama,War"
7.4,1762,Dexter the Dragon & Bumble the Bear,1983,"Animation,Family,Fantasy"
7.0,6847,The Quiet Family,1998,"Comedy,Crime,Horror"
7.0,2422,Rage,1997,Action
6.9,1955,Journey to the Sun,1999,Drama
7.1,29718,Human Traffic,1999,"Comedy,Music"
7.2,8855,King of Comedy,1999,"Comedy,Drama,Romance"
6.7,2997,Marcel Proust's Time Regained,1999,"Drama,Romance,War"
7.5,3027,Wheels,1998,"Comedy,Drama,Thriller"
7.3,3739,Spring in a Small Town,1948,"Drama,Romance"
6.8,2445,Dushman,1998,"Action,Crime,Drama"
6.8,2044,Kadosh,1999,"Comedy,Drama"
6.9,48089,Shadow of the Vampire,2000,"Drama,Horror"
6.7,136188,The Whole Nine Yards,2000,"Comedy,Crime"
7.0,2200,Birdcage Inn,1998,Drama
7.8,296602,"Crouching Tiger, Hidden Dragon",2000,"Action,Adventure,Drama"
7.2,12779,Ghulam,1998,"Action,Crime,Drama"
6.7,5160,Killer 2,1999,"Comedy,Crime"
7.7,354499,"O Brother, Where Art Thou?",2000,"Adventure,Comedy,Crime"
7.1,2811,Captain Pantoja and the Special Services,1999,"Comedy,Drama"
7.5,4009,Solas,1999,Drama
6.6,8604,Vatel,2000,"Biography,Drama,History"
8.1,19499,The Color of Paradise,1999,"Drama,Family"
7.5,3328,Hitler: A Career,1977,"Documentary,History"
6.6,74911,The Replacements,2000,"Comedy,Sport"
7.1,5884,Widow of St. Pierre,2000,"Drama,History,Romance"
7.2,1875,Zatoichi's Flashing Sword,1964,"Action,Adventure,Drama"
6.7,8299,Julien Donkey-Boy,1999,"Comedy,Drama"
7.3,1771,Raining in the Mountain,1979,"Action,Adventure,Drama"
7.5,5993,"Mr. Death: The Rise and Fall of Fred A. Leuchter, Jr.",1999,"Biography,Documentary"
8.5,4065,The Knife,1999,Drama
7.8,5782,The Man Who Sleeps,1974,Drama
7.3,21295,Jin-Roh: The Wolf Brigade,1999,"Animation,Drama,Sci-Fi"
7.3,2492,The Night of the Pencils,1986,"Crime,Drama,Thriller"
7.0,3029,Leak,2000,"Action,Crime,Thriller"
6.6,9692,Panic,2000,"Comedy,Crime,Drama"
6.8,2177,Silvia Prieto,1999,"Comedy,Drama"
7.5,1674,The Man Who Stole the Sun,1979,"Action,Crime,Thriller"
7.8,6292,Kaun?,1999,"Horror,Mystery,Thriller"
8.2,18657,Satya,1998,"Action,Crime,Drama"
6.9,20245,Saving Grace,2000,"Comedy,Crime"
7.7,2848,The Goddess,1934,Drama
7.0,1774,"Sun, Hay, Berries",1984,Comedy
7.5,248752,Erin Brockovich,2000,"Biography,Drama"
6.7,339233,Final Destination,2000,"Horror,Thriller"
7.5,3409,Meeting People Is Easy,1998,"Documentary,Music"
7.7,8517,Samsara,2001,"Adventure,Drama,Romance"
6.7,42871,Small Time Crooks,2000,"Comedy,Crime"
7.6,1561,Mia trelli... trelli oikogeneia,1965,"Comedy,Romance"
8.8,2745,World Gone Mad,1963,"Comedy,Romance"
6.7,3165,What's Cooking?,2000,"Comedy,Drama,Romance"
6.8,5417,Humanity,1999,"Drama,Mystery"
6.7,38509,Where the Heart Is,2000,"Comedy,Drama,Romance"
8.1,1086679,"Monsters, Inc.",2001,"Adventure,Animation,Comedy"
7.7,23786,Kikujiro,1999,"Comedy,Drama"
7.2,26898,Love & Basketball,2000,"Drama,Romance,Sport"
6.7,2743,Moloch,1999,Drama
7.4,17293,Rosetta,1999,Drama
8.1,28908,Sarfarosh,1999,"Action,Crime,Drama"
7.4,5926,The Rifleman of the Voroshilov Regiment,1999,"Crime,Drama"
7.2,3089,The Tale of Zatoichi Continues,1962,"Action,Adventure,Drama"
6.9,1865,Diamond Men,2000,Drama
7.2,197933,The Bank Job,2008,"Crime,Thriller"
6.6,6200,Chuck & Buck,2000,"Comedy,Drama"
7.8,4144,The Yellow Mercedes,1992,"Comedy,Drama"
7.9,17390,On Board,1998,"Crime,Drama"
7.0,8715,The House of Mirth,2000,"Drama,Romance"
7.1,1678,Irezumi,1966,"Crime,Drama"
7.5,3407,Sword of the Beast,1965,"Action,Drama"
7.8,13269,My Best Fiend,1999,"Biography,Documentary"
6.9,9839,In Bed with Santa,1999,Comedy
8.6,17838,The Broken Landlord,1985,"Comedy,Drama"
6.8,2595,Charisma,1999,"Drama,Mystery"
7.3,3062,Olympic Garage,1999,Drama
6.9,3498,The Cup,1999,"Comedy,Sport"
6.8,1822,A Rumor of Angels,2000,Drama
8.1,2144,Vanaprastham,1999,Drama
7.0,2093,Zatoichi,1989,"Action,Drama"
6.8,1527,Zatoichi and the Doomed Man,1965,"Action,Adventure,Drama"
7.5,6492,A Room for Romeo Brass,1999,"Comedy,Drama"
7.3,1818,The Castle of Sand,1974,"Crime,Drama,Mystery"
7.2,1791,Two Family House,2000,"Comedy,Drama,Romance"
6.6,37407,The Way of the Gun,2000,"Action,Crime,Drama"
7.5,316141,Moulin Rouge!,2001,"Drama,Musical,Romance"
7.2,131224,Men of Honor,2000,"Biography,Drama"
7.3,76549,Sexy Beast,2000,"Crime,Drama,Thriller"
7.4,24322,Together,2000,"Comedy,Drama,Romance"
7.5,33657,You Can Count on Me,2000,Drama
6.6,1698,American Desi,2001,"Comedy,Drama,Romance"
6.8,7003,Greenfingers,2000,"Comedy,Crime,Drama"
7.5,4710,Pitfall,1962,"Crime,Drama,Fantasy"
7.4,15265,The Princess and the Warrior,2000,"Drama,Mystery,Romance"
6.6,16235,Animal Factory,2000,"Crime,Drama"
6.6,2086,Dead Mountaineer's Hotel,1979,"Crime,Drama,Horror"
6.7,3937,Sordid Lives,2000,"Comedy,Romance"
6.9,5951,An Affair of Love,1999,"Drama,Romance"
7.3,4951,A Summer Tale,2000,"Comedy,Drama,Family"
8.7,2463,A Nameless Band,1981,"Comedy,Drama,Music"
7.2,18121,The Dish,2000,"Comedy,Drama,History"
7.1,17903,My Neighbors the Yamadas,1999,"Animation,Comedy,Family"
7.1,1542,The Railroad Man,1999,Drama
6.6,84201,Joy Ride,2001,"Mystery,Thriller"
7.9,569895,Children of Men,2006,"Drama,Sci-Fi,Thriller"
7.1,6148,My First Mister,2001,"Comedy,Drama,Romance"
6.8,3810,What to Do in Case of Fire,2001,"Action,Comedy,Drama"
6.8,3736,How to Kill Your Neighbor's Dog,2000,"Comedy,Drama"
8.2,982632,Snatch,2000,"Comedy,Crime"
7.1,10632,Happy Accidents,2000,"Comedy,Romance"
7.1,2032,The Miracle Maker,1999,"Animation,Biography,Drama"
7.3,5216,The Third Page,1999,Drama
6.9,26147,The Contender,2000,"Drama,Thriller"
7.3,21423,The Son's Room,2001,Drama
6.9,1793,Downtown 81,2000,"Comedy,Drama,Music"
6.9,3377,Everybody's Famous!,2000,"Comedy,Drama,Music"
8.4,1452401,Memento,2000,"Mystery,Thriller"
8.2,5710,Sky Hook,2000,"Drama,Sport,War"
7.7,9865,Not One Less,1999,Drama
7.4,14240,The Wind Will Carry Us,1999,Drama
7.3,18585,Beau Travail,1999,"Drama,War"
6.7,15927,Gangster No. 1,2000,"Crime,Drama,Thriller"
6.8,58122,Ginger Snaps,2000,"Drama,Fantasy,Horror"
6.7,10741,Girlfight,2000,"Drama,Sport"
7.3,3856,Songcatcher,2000,"Drama,Music"
6.7,3198,Gemini,1999,"Drama,Fantasy,Horror"
6.7,1705,Wisconsin Death Trip,1999,"Biography,Crime,Drama"
6.6,2050,China Gate,1998,"Action,Adventure,Drama"
6.7,22856,Center Stage,2000,"Drama,Music,Romance"
6.8,3794,Dulhe Raja,1998,Comedy
6.6,2392,Goya in Bordeaux,1999,"Biography,Drama,War"
7.4,6041,Himalaya,1999,Drama
7.3,3836,"The Same Love, the Same Rain",1999,"Comedy,Drama,Romance"
7.8,2061,Postmen in the Mountains,1999,Drama
7.8,252032,Remember the Titans,2000,"Biography,Comedy,Drama"
7.8,3812,Zakhm,1998,Drama
6.7,7330,Water Drops on Burning Rocks,2000,"Comedy,Drama,Romance"
6.8,5056,The Luzhin Defence,2000,"Drama,Romance"
7.8,4374,The Mystery of the Third Planet,1981,"Adventure,Animation,Family"
7.3,3138,Vengo,2000,"Biography,Drama,Musical"
8.2,844836,Amélie,2001,"Comedy,Romance"
6.9,22160,Baadshah,1999,"Action,Comedy,Crime"
7.2,16121,Berlin Calling,2008,"Comedy,Drama,Music"
7.3,3527,The Tracker,2002,"Drama,Western"
7.0,381021,Meet the Parents,2000,"Comedy,Romance"
7.4,2474,The Bus,1975,"Crime,Drama"
6.7,1797,Two Women,1999,"Drama,Romance"
7.3,2051,Tully,2000,Drama
7.4,64836,2046,2004,"Drama,Romance,Sci-Fi"
7.2,341757,A.I. Artificial Intelligence,2001,"Adventure,Drama,Sci-Fi"
7.3,5460,Big Eden,2000,"Comedy,Drama,Romance"
7.0,6414,Bread and Roses,2000,Drama
6.6,4765,Groove,2000,"Drama,Music"
6.8,315636,Hannibal,2001,"Crime,Drama,Thriller"
6.9,1916,New Waterford Girl,1999,Comedy
7.1,1691,Tomorrow I'll Wake Up and Scald Myself with Tea,1977,"Comedy,Romance,Sci-Fi"
6.8,8487,Taboo,1999,"Drama,History,Thriller"
7.4,125906,Malena,2000,"Drama,Romance,War"
7.1,37710,Mohabbatein,2000,"Drama,Musical,Romance"
8.3,9970,Padayappa,1999,"Action,Comedy,Drama"
6.9,2732,Partition,2007,"Drama,Romance"
8.7,6905,Chithram,1988,"Comedy,Drama,Musical"
7.2,3658,Grass,1999,"Documentary,History"
7.4,2631,Karz,1980,"Action,Musical,Romance"
8.7,14553,Manichitrathazhu,1993,"Comedy,Horror,Mystery"
7.5,4344,Shower,1999,"Comedy,Drama"
8.3,6338,Angoor,1982,Comedy
6.7,13147,Bamboozled,2000,"Comedy,Drama,Music"
6.6,4651,Crazy,2000,Drama
7.5,295034,Enemy at the Gates,2001,"Action,Drama,War"
8.4,1880,Koshish,1972,Drama
7.3,7043,Running Out of Time,1999,"Action,Crime,Drama"
7.1,16541,Code Unknown,2000,Drama
7.7,42131,Vampire Hunter D: Bloodlust,2000,"Action,Animation,Drama"
7.2,11254,The Taste of Others,2000,"Comedy,Drama,Romance"
7.0,7124,Harrison's Flowers,2000,"Drama,Romance,War"
7.1,11243,With a Friend Like Harry...,2000,"Comedy,Drama,Mystery"
7.1,10723,Propaganda,1999,"Drama,History"
6.9,1740,A Matter of Taste,2000,"Crime,Drama,Thriller"
7.5,509014,Gangs of New York,2002,"Crime,Drama"
7.6,2729,The Adventures of Mowgli,1973,"Adventure,Animation,Family"
7.0,3848,Looking for Alibrandi,2000,"Comedy,Drama,Romance"
7.3,470249,Unbreakable,2000,"Drama,Mystery,Sci-Fi"
7.6,9780,Beyond the Mat,1999,"Biography,Documentary,Sport"
6.7,2824,Pukar,2000,"Action,Drama,Romance"
6.6,1606,Some Voices,2000,"Comedy,Drama"
7.4,1694,The Twelve Months,1956,"Animation,Family,Fantasy"
7.5,76166,Best in Show,2000,Comedy
6.9,131579,The Family Man,2000,"Comedy,Drama,Fantasy"
7.5,3459,Loners,2000,Comedy
6.7,4040,Unconditional Love,2002,"Comedy,Drama,Musical"
6.7,1943,Waydowntown,2000,Comedy
6.7,82038,The Gift,2000,"Drama,Fantasy,Horror"
6.6,4036,Safe Sex,1999,Comedy
6.7,2550,Happy End,1999,"Crime,Drama,Romance"
6.8,14247,Intacto,2001,"Drama,Fantasy,Romance"
6.7,8120,Maelstrom,2000,Drama
6.9,1641,El mar,2000,"Drama,War"
7.5,6781,The Mission,1999,"Action,Crime"
8.4,9455,Mudhalvan,1999,"Action,Drama,Thriller"
7.2,2965,Human Resources,1999,"Comedy,Drama"
7.7,4443,Shool,1999,"Action,Crime,Drama"
8.0,16129,Vaastav: The Reality,1999,"Action,Crime,Drama"
7.5,288536,Blow,2001,"Biography,Crime,Drama"
7.1,44847,Chopper,2000,"Biography,Crime,Drama"
6.7,8982,Dead or Alive,1999,"Action,Crime,Drama"
7.7,7965,Herod's Law,1999,"Comedy,Crime,Drama"
6.9,5236,On the Edge,2001,Drama
6.7,4658,An American Rhapsody,2001,Drama
6.8,2712,Borstal Boy,2000,"Drama,Romance"
8.0,15268,Hey Ram,2000,"Crime,Drama,History"
6.6,2252,Possible Worlds,2000,"Crime,Drama,Mystery"
6.9,8630,The Broken Hearts Club: A Romantic Comedy,2000,"Comedy,Drama,Romance"
7.1,26053,Brother,2000,"Crime,Drama,Thriller"
6.7,1838,Darker Than Night,1975,"Horror,Mystery,Thriller"
7.2,128166,Pay It Forward,2000,Drama
6.6,1921,School of the Holy Beast,1974,"Drama,Thriller"
7.2,4227,The Vertical Ray of the Sun,2000,"Drama,Romance"
7.8,4153,The Debt,1999,"Crime,Drama,Thriller"
7.2,5739,Female Prisoner #701: Scorpion,1972,"Crime,Drama,Thriller"
7.1,3851,Female Prisoner Scorpion: Jailhouse 41,1972,"Crime,Drama,Thriller"
6.9,2518,Female Prisoner Scorpion: Beast Stable,1973,"Crime,Drama,Thriller"
7.2,2149,Marsal,1999,Comedy
7.0,7218,Burnt Money,2000,"Crime,Drama,Romance"
6.8,145047,The Score,2001,"Crime,Drama,Thriller"
6.9,1936,The Adventures of Felix,2000,"Comedy,Drama,Romance"
7.3,7434,Little Otik,2000,"Animation,Comedy,Drama"
6.9,70256,The Crimson Rivers,2000,"Crime,Mystery,Thriller"
7.5,2615,"Throw Away Your Books, Rally in the Streets",1971,"Drama,Music"
7.2,6719,Dinner Rush,2000,"Crime,Drama,Romance"
7.6,2723,Princes and Princesses,2000,"Animation,Comedy,Family"
6.9,149474,Atlantis: The Lost Empire,2001,"Action,Adventure,Animation"
7.0,1695,Mayor of the Sunset Strip,2003,"Biography,Documentary,Music"
7.8,6736,One Day in September,1999,"Documentary,History,Sport"
8.7,6746,A Northern Story of Valor,1989,"Drama,History"
7.6,430249,The Others,2001,"Horror,Mystery,Thriller"
6.7,99441,Sweet November,2001,"Drama,Romance"
6.8,4432,The Zookeeper,2001,"Drama,War"
8.1,2211,The Nightingale's Prayer,1959,"Drama,Romance"
6.7,6374,Nightcap,2000,"Crime,Drama,Mystery"
6.8,463189,The Fast and the Furious,2001,"Action,Crime,Thriller"
8.2,2322,Land of Fear,1999,"Crime,Drama,Thriller"
7.4,14160,Chachi 420,1997,"Comedy,Drama,Family"
7.5,3149,Angels of the Universe,2000,"Biography,Drama"
7.2,2309,The Eyes of Tammy Faye,2000,"Biography,Documentary"
7.7,9576,Baran,2001,"Drama,Romance"
6.9,18783,Kaho Naa... Pyaar Hai,2000,"Action,Musical,Romance"
7.2,674763,The Matrix Reloaded,2003,"Action,Sci-Fi"
7.3,7480,Clouds of May,1999,Drama
7.6,5572,Divided We Fall,2000,"Comedy,Drama,War"
6.9,2560,The Legend of Rita,2000,"Drama,History,Romance"
7.4,8676,Suzhou River,2000,"Drama,Romance"
6.7,7960,The Tao of Steve,2000,"Comedy,Drama,Romance"
7.7,14556,The Road Home,1999,"Drama,Romance"
7.2,2520,6ixtynin9,1999,"Comedy,Crime,Thriller"
7.1,100082,Audition,1999,"Drama,Horror,Mystery"
7.7,7526,Dark Days,2000,Documentary
7.0,33487,The Salton Sea,2002,"Crime,Drama,Mystery"
7.5,27154,Flickering Lights,2000,"Action,Comedy,Crime"
7.6,6398,The Filth and the Fury,2000,"Biography,Documentary,Music"
6.9,6397,The Original Kings of Comedy,2000,"Comedy,Documentary"
7.7,2306,Paragraph 175,1999,"Documentary,History,Romance"
8.4,3489,Bharatham,1991,"Drama,Musical"
8.5,2721,Dasharatham,1989,"Comedy,Drama"
7.9,1583,His Highness Abdullah,1990,"Drama,Musical,Thriller"
8.9,9889,Kireedam,1989,"Action,Drama"
7.0,77354,Brotherhood of the Wolf,2001,"Action,Adventure,Drama"
7.3,12562,Bread and Tulips,2000,"Comedy,Romance"
6.7,77890,The Pledge,2001,"Crime,Drama,Mystery"
8.9,3706,Thaniyavartanam,1987,"Drama,Thriller"
6.7,10248,101 Reykjavík,2000,"Comedy,Drama,Romance"
7.6,8162,Boys Don't Cry,2000,"Comedy,Crime"
7.3,364113,Equilibrium,2002,"Action,Drama,Sci-Fi"
6.6,4448,There's Only One Jimmy Grimble,2000,"Comedy,Drama,Sport"
7.6,20626,Brother 2,2000,"Action,Crime,Drama"
7.5,7229,One Hundred Steps,2000,"Biography,Crime,Drama"
6.9,14718,The Dangerous Lives of Altar Boys,2002,"Comedy,Drama"
7.6,52631,Devdas,2002,"Drama,Musical,Romance"
7.0,1604,Wild Flowers,2000,"Drama,Fantasy,Horror"
6.8,2980,The Lady and the Duke,2001,"Drama,History,Romance"
7.3,2548,Monday,2000,"Action,Comedy,Crime"
7.5,10407,Paradise Lost 2: Revelations,2000,"Crime,Documentary"
7.9,3893,Thammudu,1999,"Action,Drama,Sport"
6.6,2580,The Girl from Paris,2001,"Comedy,Drama"
7.7,15848,Water,2005,Drama
7.0,9646,The Swamp,2001,"Comedy,Drama"
7.6,2601,Comet in Moominland,1992,"Adventure,Animation,Family"
7.0,1947,"Just, Melvin: Just Evil",2000,Documentary
7.7,680041,Ocean's Eleven,2001,"Crime,Thriller"
6.8,132546,Serendipity,2001,"Comedy,Romance"
7.0,10769,Under the Sand,2000,"Drama,Mystery"
7.2,211204,Chocolat,2000,"Drama,Romance"
7.7,961263,Harry Potter and the Sorcerer's Stone,2001,"Adventure,Family,Fantasy"
7.5,2253,To the Left of the Father,2001,Drama
6.9,42367,Bully,2001,"Biography,Crime,Drama"
8.3,9039,Alai Payuthey,2000,"Drama,Musical,Romance"
8.2,81534,Hera Pheri,2000,"Action,Comedy,Crime"
7.7,4310,I Have Found It,2000,"Drama,Musical,Romance"
7.1,11239,L.I.E.,2001,"Crime,Drama"
6.7,578632,The Matrix Revolutions,2003,"Action,Sci-Fi"
6.7,5668,Come Undone,2000,"Drama,Romance"
6.9,2661,Who Knows?,2001,"Comedy,Crime,Drama"
7.6,69796,Waking Life,2001,"Animation,Drama,Fantasy"
7.5,121016,The Man Who Wasn't There,2001,"Crime,Drama"
6.7,4035,Happenstance,2000,"Comedy,Drama,Romance"
6.8,288466,Bridget Jones's Diary,2001,"Comedy,Drama,Romance"
7.0,19158,The Closet,2001,Comedy
7.2,2107,Revolutionary Girl Utena: The Adolescence of Utena,1999,"Action,Adventure,Animation"
6.9,12349,To End All Wars,2001,"Action,Drama,War"
6.9,3350,The American Astronaut,2001,"Comedy,Musical,Sci-Fi"
7.3,7583,Pellet,2000,Drama
7.0,14499,Italian for Beginners,2000,"Comedy,Drama,Romance"
7.7,4780,Eureka,2000,"Crime,Drama,Thriller"
6.8,1606,Needing You...,2000,"Comedy,Romance"
6.9,2553,The King Is Dancing,2000,"Drama,History,Music"
6.8,1640,War Bride,2001,"Drama,Romance"
8.1,34760,Yi Yi,2000,Drama
7.1,6389,Dark Blue World,2001,"Action,Drama,Romance"
7.0,2013,Me You Them,2000,"Comedy,Drama"
7.6,2091,Khubsoorat,1980,"Comedy,Drama,Family"
7.5,4760,The Bench,2000,Drama
6.7,3827,Edges of the Lord,2001,"Crime,Drama,Romance"
6.8,23518,Lost and Delirious,2001,"Drama,Romance"
6.9,2099,The Profession of Arms,2001,"Drama,History,War"
7.4,2399,Michael Jordan to the Max,2000,"Documentary,Sport"
8.6,979757,Spirited Away,2001,"Adventure,Animation,Family"
7.0,1577,Things Behind the Sun,2001,"Drama,Music"
7.7,142706,Y tu mamá también,2001,Drama
8.0,272402,Amores Perros,2000,"Drama,Thriller"
7.1,1903,Chunhyang,2000,"Drama,Musical,Romance"
7.7,161275,The Count of Monte Cristo,2002,"Action,Adventure,Drama"
7.4,4555,Cheap Smokes,2000,"Comedy,Romance"
8.2,9447,Devils on the Doorstep,2000,"Comedy,Drama,War"
7.4,1724,Out 1,1971,"Drama,Mystery"
6.8,3053,Blackboards,2000,"Drama,War"
6.6,1597,27 Missing Kisses,2000,"Comedy,Drama,Romance"
8.0,917251,Donnie Darko,2001,"Drama,Mystery,Sci-Fi"
6.6,7202,Dummy,2002,"Comedy,Drama,Romance"
6.7,3284,Focus,2001,"Drama,Romance"
6.9,26003,Heaven,2002,"Crime,Drama,Romance"
6.7,10206,Old Men in New Cars,2002,"Action,Comedy,Crime"
7.2,2230,Lumumba,2000,"Biography,Drama,History"
7.2,8896,Mostly Martha,2001,"Comedy,Drama,Romance"
7.8,1974,New Delhi,1987,"Action,Crime,Drama"
6.7,2106,Purely Belter,2000,"Comedy,Drama"
7.1,27391,Before Night Falls,2000,"Biography,Drama,Romance"
7.1,43944,The Believer,2001,Drama
7.7,10301,The Gleaners & I,2000,Documentary
7.0,1893,Gumnaam,1965,"Horror,Musical,Mystery"
7.4,44589,In the Bedroom,2001,"Crime,Drama"
8.3,1842,Nazi Concentration and Prison Camps,1945,"Documentary,History"
7.9,63450,Nine Queens,2000,"Crime,Drama,Thriller"
7.6,12755,Peppermint Candy,1999,Drama
7.0,120013,Super Troopers,2001,"Comedy,Crime,Mystery"
7.3,2817,Badri,2000,"Comedy,Drama,Romance"
7.3,1692,Get Ready to Be Boyzvoiced,2000,"Comedy,Music"
6.9,2933,The State I Am In,2000,Drama
7.5,63585,Kabhi Khushi Kabhie Gham...,2001,"Drama,Musical,Romance"
6.6,8098,Mission Kashmir,2000,"Action,Drama,Thriller"
6.7,23336,Manitou's Shoe,2001,"Comedy,Western"
8.0,4429,Shiva,1989,"Action,Crime,Drama"
8.3,5352,Tholi Prema,1998,"Drama,Romance"
6.7,110793,Ali,2001,"Biography,Drama,Sport"
7.7,38146,Hedwig and the Angry Inch,2001,"Comedy,Drama,Music"
7.7,2074,Into the Arms of Strangers: Stories of the Kindertransport,2000,"Documentary,History,War"
8.5,2827,Namukku Parkkan Munthiri Thoppukal,1986,Romance
8.6,5544,Thoovanathumbikal,1987,"Drama,Romance"
7.9,18329,Werckmeister Harmonies,2000,"Drama,Mystery"
8.9,3583,Aha Naa Pellanta,1987,Comedy
8.1,1950,Annamayya,1997,"Biography,Drama,History"
7.7,153252,Billy Elliot,2000,"Drama,Music"
9.0,7010,Mayabazar,1957,"Comedy,Drama,Fantasy"
7.0,4024,The Trip,2002,"Comedy,Drama,Romance"
6.8,18959,Storytelling,2001,"Comedy,Drama,Romance"
7.2,1789,Under the Skin of the City,2001,Drama
6.7,63627,Asterix & Obelix: Mission Cleopatra,2002,"Adventure,Comedy,Family"
7.7,99088,The Experiment,2001,"Drama,Thriller"
6.6,6470,Nico and Dani,2000,"Comedy,Drama,Romance"
6.7,2430,Late Night Shopping,2001,Comedy
7.0,5910,PTU,2003,"Action,Crime,Drama"
6.7,108358,Unfaithful,2002,"Drama,Romance,Thriller"
6.8,4488,Our Lady of the Assassins,2000,"Crime,Drama"
6.7,3920,The Discovery of Heaven,2001,"Drama,Fantasy"
6.7,2037,Gypsy 83,2001,"Drama,Romance"
6.6,327875,How to Lose a Guy in 10 Days,2003,"Comedy,Romance"
7.1,2070,Innocence,2000,Drama
7.1,155005,John Q,2002,"Crime,Drama,Thriller"
8.6,4453,Pushpaka Vimana,1987,"Comedy,Drama"
6.7,1592,Stickmen,2001,"Comedy,Drama,Sport"
6.7,5348,Time and Tide,2000,"Action,Crime,Thriller"
7.7,6579,The Tunnel,2001,"Drama,History,Thriller"
7.0,1856,Km. 0 - Kilometer Zero,2000,"Comedy,Drama,Romance"
7.7,2011,An American Reunion,2003,"Comedy,Drama,Romance"
7.9,3729,My Prostitute Love,1968,"Drama,Romance"
8.4,3735,Aditya 369,1991,"Action,Adventure,Comedy"
7.6,5876,Atla Gel Saban,1984,Comedy
6.9,4995,Avanak Apti,1978,Comedy
7.6,7245,King of the Guards,1979,Comedy
6.7,26455,Buffalo Soldiers,2001,"Comedy,Crime,Drama"
7.1,3866,Plaintiff,1987,"Comedy,Drama"
8.0,10041,Davaro,1981,Comedy
7.3,4294,Deli Deli Küpeli,1986,"Comedy,Drama,Romance"
6.8,2900,State Bird,1980,"Comedy,Drama"
6.9,4659,Doktor Civanim,1983,"Comedy,Romance"
7.2,4464,Dokunmayin Sabanima,1979,"Comedy,Romance"
7.3,3415,Queer World,1988,Drama
6.7,3493,En Büyük Saban,1984,"Comedy,Drama,Romance"
7.0,2963,Elephants and Grass,2000,"Drama,Thriller"
7.4,31774,Rabbit-Proof Fence,2002,"Adventure,Biography,Drama"
7.1,4909,Poor,1986,"Comedy,Drama"
7.0,3614,Gerzek Saban,1980,Comedy
7.0,12179,The Grey Zone,2001,"Drama,History,War"
6.9,4659,The Laughing Man,1990,"Comedy,Drama"
9.1,46604,The Chaos Class,1975,Comedy
8.4,31227,The Chaos Class Failed the Class,1975,Comedy
8.6,20424,The Chaos Class Is on Vacation,1977,Comedy
8.7,22577,The Chaos Class Is Waking Up,1976,Comedy
6.9,43667,Hearts in Atlantis,2001,"Drama,Mystery"
7.1,3773,Bloody Nigar,1981,"Comedy,Romance"
8.3,15073,King of the Doormen,1976,Comedy
8.6,18791,"Feyzo, the Polite One",1978,"Comedy,Drama"
7.0,3976,Henpecked,1983,Comedy
6.7,3089,Kiraci,1987,"Comedy,Drama"
7.0,3047,Seat Trouble,1990,"Comedy,Drama"
8.1,8455,Fearless Coward,1979,Comedy
7.0,3540,The Man Who Strikes Gold,1978,Comedy
8.3,12991,From the Village to the City,1974,Comedy
7.1,11048,Manic,2001,Drama
7.8,10486,The Blue Bead,1974,"Comedy,Romance"
7.2,4725,Merakli Köfteci,1976,Comedy
7.2,9749,Ask Me If I'm Happy,2000,"Comedy,Drama"
7.5,4931,Inek Saban,1978,"Comedy,Sport"
7.1,3310,Iyi Aile Çocugu,1978,"Comedy,Romance"
6.9,7208,Last Orders,2001,Drama
7.2,3607,Oh Olsun,1973,"Comedy,Romance"
6.9,1676,Virgin Stripped Bare by Her Bachelors,2000,"Drama,Romance"
7.1,5546,Ortadirek Saban,1984,Comedy
8.5,1020765,The Pianist,2002,"Biography,Drama,Music"
7.0,5218,The Postman,1984,Comedy
8.7,20171,"Saban, Son of Saban",1977,"Comedy,History"
7.6,7144,Fake Bully,1976,Comedy
8.0,10271,Shakir the Clumsy,1977,Comedy
7.9,8612,The Stupid Millionaire,1974,Comedy
7.3,7157,Salako,1974,Comedy
7.5,4882,Nightingale,1979,Comedy
6.7,3076,The Confused Groom,1975,Comedy
6.9,4030,Sosyete Saban,1985,"Comedy,Romance"
8.8,22734,The Foster Brothers,1976,"Comedy,History"
7.0,3212,Bird of Fortune,1989,"Comedy,Drama"
7.1,3050,Sweet Talker,1972,"Comedy,Romance"
7.7,7074,Tokatçi,1983,"Comedy,Romance"
8.9,26610,Tosun Pasha,1976,"Comedy,History"
7.1,4030,Our Hope Is Şaban,1979,"Comedy,Western"
6.6,3133,Varyemez,1991,"Comedy,Drama"
7.1,2657,Yalanci Yarim,1973,"Comedy,Romance"
7.7,8461,Trouble-Maker Hüsnü,1983,Comedy
7.3,3695,Yoksul,1986,"Comedy,Drama"
7.7,6666,Man Number 100,1978,Comedy
8.5,12210,Zübük,1980,Comedy
6.7,3730,Çarikli Milyoner,1983,Comedy
8.5,23175,The King of the Street Cleaners,1977,Comedy
7.2,3085,The Teacher,1988,Drama
7.7,7157,Trickster,1981,Comedy
6.9,1651,Unfair Competition,2001,"Drama,War"
7.0,40780,Sex and Lucía,2001,"Drama,Romance"
7.5,4247,A Run for Money,1999,Drama
7.2,31773,Koi... Mil Gaya,2003,"Action,Comedy,Drama"
7.5,82300,The Piano Teacher,2001,"Drama,Music,Romance"
7.3,1811,City of Mice,1986,"Adventure,Comedy,Family"
7.7,1649,Akkare Akkare Akkare,1990,Comedy
7.2,13938,Common Wealth,2000,"Comedy,Crime,Mystery"
7.4,7486,The Circle,2000,Drama
6.8,2018,The Goddess of 1967,2000,"Comedy,Drama,Romance"
8.5,5058,Kaalapani,1996,"Action,Drama,History"
8.6,5477,Kilukkam,1991,"Comedy,Drama"
6.9,2745,Liam,2000,Drama
7.9,1514,Midhunam,1993,"Comedy,Drama,Musical"
7.6,1517,Minnaram,1994,"Comedy,Drama"
6.9,15757,The Isle,2000,"Drama,Thriller"
8.1,3636,Thenmavin Kombath,1994,"Comedy,Drama,Romance"
6.7,5553,Tortilla Soup,2001,"Comedy,Drama,Romance"
7.9,1505,Vandanam,1989,"Comedy,Romance,Thriller"
6.6,1894,Zubeidaa,2001,"Biography,Drama,History"
7.0,2673,Down House,2001,"Comedy,Crime,Drama"
7.3,75999,The Devil's Backbone,2001,"Drama,Horror,Thriller"
7.0,1855,Pauline and Paulette,2001,"Comedy,Drama"
7.1,3496,Startup.com,2001,Documentary
6.7,43119,The Curse of the Jade Scorpion,2001,"Comedy,Crime,Mystery"
8.2,1591,Nadiya Ke Paar,1982,"Drama,Romance"
7.6,302198,Road to Perdition,2002,"Crime,Drama,Thriller"
7.0,1613,Life as a Fatal Sexually Transmitted Disease,2000,Drama
7.7,7821,Glass Tiger,2001,Comedy
7.2,137325,About Schmidt,2002,Drama
8.0,1519,"La Commune (Paris, 1871)",2000,"Drama,History,War"
6.8,316228,Panic Room,2002,"Crime,Drama,Thriller"
7.0,31238,The Quiet American,2002,"Drama,Romance,Thriller"
6.7,8209,Lovely & Amazing,2001,"Comedy,Drama,Romance"
7.8,618291,The Bourne Identity,2002,"Action,Mystery,Thriller"
8.1,6560,Khushi,2001,"Drama,Romance"
7.2,12440,Lammbock,2001,"Comedy,Crime"
7.2,2352,Last Resort,2000,"Drama,Romance"
6.9,1939,Ley Lines,1999,"Crime,Drama,Thriller"
7.4,3496,Platform,2000,"Drama,History"
6.6,2635,Shinjuku Triad Society,1995,"Crime,Drama,Mystery"
6.6,6948,The Unsaid,2001,"Crime,Drama,Mystery"
7.7,9508,A Time for Drunken Horses,2000,"Drama,War"
6.7,1529,Corto Maltese: Secret Court of the Arcanes,2002,"Adventure,Animation,Drama"
7.2,2041,The American Nightmare,2000,"Documentary,Horror"
6.8,1597,Grégoire Moulin contre l'humanité,2001,"Comedy,Romance"
7.2,20923,Lantana,2001,"Drama,Mystery,Romance"
6.6,151943,My Big Fat Greek Wedding,2002,"Comedy,Drama,Romance"
7.0,16571,Paid in Full,2002,"Action,Crime,Drama"
9.1,17988,Ramayana: The Legend of Prince Rama,1993,"Action,Adventure,Animation"
6.9,311064,Vanilla Sky,2001,"Fantasy,Mystery,Romance"
7.7,2972,Gundam Wing: The Movie - Endless Waltz,1998,"Action,Animation,Drama"
7.3,2154,The Day I Became a Woman,2000,"Comedy,Drama"
7.0,4220,Taking Sides,2001,"Drama,History,Music"
7.3,3167,Ali Zaoua: Prince of the Streets,2000,"Crime,Drama"
7.3,1959,The Dream Factory,1997,Comedy
7.7,39337,Joint Security Area,2000,"Action,Drama,Thriller"
6.8,167101,Jay and Silent Bob Strike Back,2001,Comedy
6.9,2586,The Foul King,2000,"Comedy,Sport"
7.6,2898,Thenali,2000,"Comedy,Drama"
8.1,1733,As I Was Moving Ahead Occasionally I Saw Brief Glimpses of Beauty,2000,"Biography,Documentary"
6.9,4705,Attack the Gas Station,1999,"Comedy,Crime"
7.2,8979,George Washington,2000,Drama
8.8,1709,Gundamma Katha,1962,"Comedy,Drama,Musical"
6.8,1794,Güle Güle,2000,"Comedy,Drama,Romance"
7.0,2103,Thomas in Love,2000,"Comedy,Drama,Romance"
8.0,8997,Arabesque,1989,Comedy
6.9,1841,I Feel in Love,1985,"Comedy,Romance"
7.6,4820,The Unforgettable Director of Love Movies,1990,"Comedy,Drama"
7.6,8153,Bilo the Banker,1980,"Comedy,Drama"
7.7,7627,Brainstorm,2000,Drama
8.0,12060,Abbas in Flower,1982,"Comedy,Drama,Romance"
7.5,5403,The Naked Citizen,1985,"Comedy,Drama"
7.4,2290,The Windmill,1986,"Drama,History"
7.3,1772,Madam Dila,1977,"Drama,Romance"
7.1,2720,Beans,2000,"Action,Comedy,Crime"
7.6,4578,The Shadow Play,1993,"Drama,Fantasy"
8.1,30719,Everything's Gonna Be Great,1998,"Comedy,Drama"
6.7,5034,Me Without You,2001,Drama
7.5,5050,Billionaire,1987,"Comedy,Drama"
8.1,8132,The Honest One,1984,Comedy
6.6,1524,The Iron Ladies,2000,"Comedy,Drama,Sport"
8.4,18339,The Girl with the Red Scarf,1977,"Drama,Romance"
7.5,4241,Sultan,1978,"Comedy,Romance"
7.5,1829,The Rich One's Kitchen,1988,Drama
6.6,1874,The Abduction Club,2002,"Action,Adventure,Comedy"
8.1,1257718,Catch Me If You Can,2002,"Biography,Crime,Drama"
8.2,2585,Children Underground,2001,Documentary
7.8,2436,The Endurance,2000,"Documentary,History"
7.2,101347,Frailty,2001,"Crime,Drama,Thriller"
7.1,3575,Home Room,2002,"Crime,Drama"
7.4,47507,Life as a House,2001,Drama
7.7,457995,Black Hawk Down,2001,"Action,Drama,History"
7.0,2663,Chaos,2001,"Comedy,Crime,Drama"
7.3,3615,Offside,2000,"Drama,Sport"
6.7,265936,The Girl Next Door,2004,"Comedy,Drama,Romance"
6.6,4766,The Man from Elysian Fields,2001,"Drama,Romance"
7.3,26726,Monsoon Wedding,2001,"Comedy,Drama,Romance"
6.8,140887,One Hour Photo,2002,"Drama,Thriller"
6.6,20724,Ripley's Game,2002,"Crime,Drama,Mystery"
6.9,39633,The Rookie,2002,"Drama,Family,Sport"
7.6,338164,The Royal Tenenbaums,2001,"Comedy,Drama"
6.6,4980,"Scotland, Pa.",2001,"Comedy,Crime"
8.1,3215,Sethu,1999,"Action,Drama,Musical"
6.9,9136,The Last Kiss,2001,"Comedy,Drama,Romance"
7.5,208438,Battle Royale,2000,"Action,Drama,Thriller"
7.4,3794,Demobbed,2000,Comedy
8.2,1220376,Finding Nemo,2003,"Adventure,Animation,Comedy"
8.2,1319658,Kill Bill: Vol. 1,2003,"Action,Crime,Thriller"
7.0,1581,Raat,1992,Horror
6.7,262945,Rush Hour 2,2001,"Action,Comedy,Crime"
7.1,177924,Spy Game,2001,"Action,Crime,Thriller"
9.0,2390,Ashi Hi Banwa Banwi,1988,Comedy
8.6,11345,My Dear Brother,1973,Drama
7.6,2951,Chandni Bar,2001,"Crime,Drama"
6.7,72704,K-19: The Widowmaker,2002,"Drama,History,Thriller"
7.6,214058,Adaptation.,2002,"Comedy,Drama"
6.7,1746,Brigham City,2001,"Crime,Drama,Mystery"
8.0,1727,The Elm-Chanted Forest,1986,"Adventure,Animation,Family"
7.5,570066,Ice Age,2002,"Adventure,Animation,Comedy"
7.0,10653,13 Conversations About One Thing,2001,Drama
7.2,1687,Edge of Night,2000,"Drama,Music,Romance"
8.2,1060617,A Beautiful Mind,2001,"Biography,Drama,Mystery"
6.9,61125,The Majestic,2001,"Drama,Romance"
6.9,2998,Tears of the Black Tiger,2000,"Action,Comedy,Romance"
6.8,1709,Alias Betty,2001,"Comedy,Crime,Drama"
6.8,15448,Jalla! Jalla!,2000,"Comedy,Drama,Romance"
6.9,1722,Safe Conduct,2002,"Biography,Drama,History"
6.7,1939,Mysterious Object at Noon,2000,"Documentary,Drama,Fantasy"
6.9,12103,Barking Dogs Never Bite,2000,"Comedy,Drama"
7.3,5667,What Time Is It There?,2001,"Drama,Romance"
7.5,3413,Ritual,2000,Drama
8.0,41504,Vizontele,2001,"Comedy,Drama,History"
7.0,96052,Confessions of a Dangerous Mind,2002,"Biography,Comedy,Crime"
8.8,3035,Dr. Babasaheb Ambedkar,2000,"Biography,History"
7.0,2369,Ditto,2000,"Drama,Romance,Sci-Fi"
6.6,70036,Kiss of the Dragon,2001,"Action,Crime,Thriller"
7.5,3609,Come Sweet Death,2000,"Comedy,Mystery,Thriller"
8.6,21952,A Dog's Will,2000,"Comedy,Drama,Fantasy"
8.1,2163,Dhruvam,1993,"Action,Drama,Thriller"
7.3,1572,Hitler,1996,"Action,Comedy,Drama"
7.1,1946,Jet Boy,2001,Drama
6.7,2252,Joshua,2002,Drama
7.6,1765,The King,1995,"Action,Thriller"
8.0,1610,Mrigaya,1989,"Adventure,Drama"
8.1,6674,Oru CBI Diary Kurippu,1988,"Mystery,Thriller"
8.4,3710,Vatsalyam,1993,Drama
7.0,91846,The Last Castle,2001,"Action,Drama,Thriller"
6.9,1512,Elephants Are My Friends,1971,"Drama,Family,Musical"
7.0,4054,Istanbul Beneath My Wings,1996,"Adventure,Drama,History"
7.4,203720,K-PAX,2001,"Drama,Mystery,Sci-Fi"
7.1,45592,Narc,2002,"Crime,Drama,Mystery"
7.3,198994,Punch-Drunk Love,2002,"Comedy,Drama,Romance"
6.7,4317,The Adversary,2002,"Crime,Drama,Mystery"
7.4,4090,The Beautiful Country,2004,Drama
7.4,1811,The Officer's Ward,2001,"Drama,Romance,War"
7.1,1517,Jump Tomorrow,2001,"Comedy,Drama,Romance"
6.6,1683,Mongoland,2001,"Comedy,Drama,Romance"
7.8,4197,Moscow Square,2001,"Comedy,Drama,Romance"
7.6,2231,Narasimham,2000,"Action,Drama"
6.8,11605,Poolhall Junkies,2002,"Comedy,Drama,Sport"
8.1,3168,Punjabi House,1998,"Comedy,Drama,Romance"
7.8,1821,Summer in Bethlehem,1998,"Comedy,Drama"
7.3,16209,Read My Lips,2001,"Crime,Drama,Romance"
7.3,40692,24 Hour Party People,2002,"Biography,Comedy,Drama"
6.6,4232,Divine Intervention,2002,"Comedy,Drama,Romance"
7.3,10852,The Ignorant Fairies,2001,"Drama,Romance"
7.5,147759,The Hours,2002,"Drama,Romance"
6.7,1652,Kannukkul Nilavu,2000,"Drama,Mystery,Romance"
6.8,1520,Minsaara Kanavu,1997,"Comedy,Drama,Romance"
6.9,109663,Secretary,2002,"Comedy,Drama,Romance"
6.6,2177,Tarkan,1969,"Adventure,History"
7.1,11510,The Warrior,2001,"Action,Drama,History"
7.7,1692,Revenge of the Snakes,1962,Drama
6.6,14234,Blood: The Last Vampire,2000,"Action,Animation,Horror"
7.8,57691,Cowboy Bebop: The Movie,2001,"Action,Animation,Crime"
7.6,13873,Dogtown and Z-Boys,2001,"Documentary,Sport"
7.4,66287,Bad Education,2004,"Crime,Drama"
7.2,22346,Tape,2001,Drama
7.4,246321,Lilo & Stitch,2002,"Adventure,Animation,Comedy"
7.2,4929,Beijing Bicycle,2001,Drama
7.0,3685,The White Sound,2001,Drama
7.1,199587,About a Boy,2002,"Comedy,Drama,Romance"
7.3,1992,"Dad, Make Me Marry",1975,Comedy
6.9,1783,Bungee Jumping of Their Own,2001,"Drama,Romance"
8.0,168485,Dogville,2003,"Crime,Drama"
6.8,2975,"Electric Dragon 80,000V",2001,"Action,Fantasy,Sci-Fi"
7.6,163144,I Am Sam,2001,Drama
7.3,8888,As Far as My Feet Will Carry Me,2001,"Action,Adventure,Drama"
7.2,160684,We Were Soldiers,2002,"Action,Drama,History"
7.6,3294,Killing Mad Dogs,2001,"Drama,Mystery,Thriller"
6.8,2016,Distance,2001,Drama
6.8,26111,The Importance of Being Earnest,2002,"Comedy,Drama,Romance"
8.6,4563,In Harihar Nagar,1990,"Comedy,Crime,Mystery"
7.2,349494,Insomnia,2002,"Drama,Mystery,Thriller"
6.7,42184,Spider,2002,"Drama,Mystery,Thriller"
8.0,11271,Stanley Kubrick: A Life in Pictures,2001,"Biography,Documentary"
6.6,4356,"If It Don't Fit, Use a Bigger Hammer",2002,Comedy
7.7,4154,"Oh, Belinda",1986,"Comedy,Fantasy"
7.4,16755,Elling,2001,"Comedy,Drama"
7.3,5323,Time Out,2001,Drama
7.0,8205,"Godzilla, Mothra and King Ghidorah: Giant Monsters All-Out Attack",2001,"Action,Adventure,Drama"
6.9,5827,Miss Minoes,2001,"Comedy,Family,Fantasy"
7.9,8736,Dudes,2001,"Comedy,Music"
6.6,25863,Dark Blue,2002,"Crime,Drama,Thriller"
6.9,1896,"Devil, My Friend",1988,"Comedy,Fantasy,Musical"
6.8,1545,Hasip ile Nasip,1976,Comedy
7.9,1566,A Fugitive from the Past,1965,"Crime,Drama,Mystery"
7.0,3311,The Navigators,2001,"Comedy,Drama"
7.0,2035,Nereye Bakiyor Bu Adamlar,1976,Comedy
7.1,2220,Violet Perfume: Nobody Hears You,2001,Drama
7.1,1775,25 Watts,2001,"Comedy,Drama"
7.0,11048,Better Luck Tomorrow,2002,"Crime,Drama,Romance"
7.6,26831,Bloody Sunday,2002,"Drama,History,War"
7.7,1627,Devadoothan,2000,"Drama,Horror,Musical"
6.8,71522,Dog Soldiers,2002,"Action,Horror,Thriller"
7.2,15839,Amen.,2002,"Biography,Crime,Drama"
7.2,103160,Gosford Park,2001,"Comedy,Drama,Mystery"
6.8,37541,Igby Goes Down,2002,"Comedy,Drama"
7.0,19943,Iris,2001,"Biography,Drama,Romance"
6.7,5965,The Nest,2002,"Action,Crime,Thriller"
7.3,232479,A Walk to Remember,2002,"Drama,Romance"
6.6,46121,Wasabi,2001,"Action,Comedy,Crime"
6.9,54486,Bubba Ho-Tep,2002,"Comedy,Fantasy,Horror"
7.2,5589,Friend,2001,"Action,Crime,Drama"
7.1,2448,Cinemania,2002,Documentary
6.7,1546,Petrol Krallari,1978,Comedy
7.5,10203,Il Mare,2000,"Drama,Fantasy,Romance"
6.9,9447,Love Liza,2002,"Comedy,Drama"
6.8,7892,Mike Bassett: England Manager,2001,"Comedy,Sport"
6.9,2884,The Emperor's New Clothes,2001,"Comedy,Drama,Romance"
8.8,6757,Nadodikkattu,1987,Comedy
8.3,2792,Promises,2001,Documentary
6.7,43071,Spun,2002,"Comedy,Crime,Drama"
6.6,25778,Tuck Everlasting,2002,"Drama,Family,Fantasy"
7.1,34949,White Oleander,2002,Drama
7.4,1866,Boomerang,2001,"Comedy,Crime,Mystery"
6.9,8714,Millennium Mambo,2001,"Drama,Romance"
6.8,2010,I'm Going Home,2001,"Comedy,Drama"
6.8,7295,Kandahar,2001,Drama
7.9,50795,No Man's Land,2001,"Comedy,Drama,War"
8.8,2086,Opasen char,1984,"Comedy,Thriller"
6.9,18500,The Emperor's Club,2002,Drama
7.0,34978,8 Women,2002,"Comedy,Crime,Musical"
7.3,44164,The Spanish Apartment,2002,"Comedy,Drama,Romance"
7.3,16831,Gadar: Ek Prem Katha,2001,"Action,Drama,Romance"
7.3,8558,I Served the King of England,2006,"Comedy,Drama,Romance"
7.0,4729,Sisters,2001,"Crime,Drama"
7.0,1686,Skins,2002,"Crime,Drama"
7.3,2130,In August of 1944,2001,"Action,Drama,Mystery"
7.2,4137,Address Unknown,2001,"Drama,War"
6.6,2128,Bang Rajan,2000,"Action,Drama,History"
6.7,33304,Cypher,2002,"Mystery,Sci-Fi,Thriller"
6.7,4362,Dead or Alive 2: Birds,2000,"Action,Comedy,Crime"
7.0,1749,Strange Gardens,2003,"Drama,War"
7.4,7085,Atanarjuat: The Fast Runner,2001,Drama
8.5,5054,Kuruthipunal,1995,"Action,Drama,Thriller"
7.0,97596,Monster's Ball,2001,"Drama,Romance"
7.0,16253,Owning Mahowny,2003,"Crime,Drama,Thriller"
6.8,417209,Signs,2002,"Drama,Mystery,Sci-Fi"
7.3,98299,Shaolin Soccer,2001,"Action,Comedy,Fantasy"
6.8,4360,Sunshine State,2002,"Drama,Romance"
7.7,58548,The Triplets of Belleville,2003,"Adventure,Animation,Comedy"
7.5,12331,All or Nothing,2002,Drama
7.4,1891,Autumn Spring,2001,"Comedy,Drama"
6.7,124082,Bend It Like Beckham,2002,"Comedy,Drama,Romance"
7.3,1848,Bespredel,1989,"Crime,Drama"
7.0,5078,Respiro,2002,Drama
6.8,6993,Fulltime Killer,2001,"Action,Crime,Drama"
6.6,32040,Pulse,2001,"Horror,Mystery,Sci-Fi"
7.5,1857,My Aunt,1986,Drama
8.0,4205,Family Honour,1976,Drama
7.1,1574,Genesis,2004,Documentary
7.9,120991,Talk to Her,2002,"Drama,Mystery,Romance"
7.1,3690,Late Marriage,2001,"Comedy,Drama,Romance"
6.9,1681,Rain,2001,"Drama,Romance"
7.5,8767,Fate,2001,Drama
6.7,2523,Big Shot's Funeral,2001,"Comedy,Drama"
7.7,1597,Madame,1989,Drama
7.5,3913,Zelary,2003,"Drama,Romance,War"
7.7,13485,Bang Bang You're Dead,2002,"Crime,Drama,Thriller"
7.1,1639,"Hi, Tereska",2001,Drama
6.7,2052,Iluminados por el fuego,2005,"Action,Drama,History"
7.1,5071,Godforsaken,2003,"Crime,Drama,Thriller"
7.5,553364,28 Days Later,2002,"Drama,Horror,Sci-Fi"
6.7,3093,Warm Water Under a Red Bridge,2001,"Comedy,Drama,Fantasy"
7.4,1936,Days of El-Sadat,2001,"Biography,Drama,History"
7.5,6601,Failan,2001,"Drama,Romance"
7.0,4140,Hukkle,2002,"Crime,Drama,Mystery"
7.2,2535,Stuff and Dough,2001,"Drama,Thriller"
6.6,11700,The Powerpuff Girls Movie,2002,"Action,Adventure,Animation"
6.9,2548,Santa Maradona,2001,Comedy
7.2,313355,Red Dragon,2002,"Crime,Drama,Thriller"
7.6,559031,The Butterfly Effect,2004,"Drama,Sci-Fi,Thriller"
7.6,1548,Chandralekha,1997,"Comedy,Romance"
8.4,8397,Smiling Eyes,1977,Comedy
7.2,9860,The Chaos Class Is Fretting Over,1978,Comedy
7.5,133084,The Life of David Gale,2003,"Crime,Drama,Mystery"
6.6,3842,Blue Car,2002,Drama
7.4,1815,Space Station 3D,2002,Documentary
7.6,4218,Tum Bin...: Love Will Find a Way,2001,"Drama,Romance"
7.4,615324,X2: X-Men United,2003,"Action,Sci-Fi,Thriller"
7.0,6854,Dog Days,2001,Drama
7.3,164745,Irreversible,2002,"Crime,Drama,Mystery"
8.4,5424,Yoddha,1992,"Action,Comedy,Drama"
7.6,7878,Behind the Sun,2001,Drama
7.2,4728,Balzac and the Little Chinese Seamstress,2002,"Biography,Drama,Romance"
7.0,1515,The Devils,2002,Drama
7.5,10614,The Son,2002,"Drama,Mystery"
6.8,1847,Big Girls Don't Cry,2002,Drama
7.8,37422,Millennium Actress,2001,"Animation,Drama,Fantasy"
7.8,19348,Nayak: The Real Hero,2001,"Action,Drama,Thriller"
6.6,1656,Okay,2002,"Comedy,Drama,Romance"
7.0,3624,Monsieur Batignole,2002,"Comedy,Drama,War"
7.1,20190,"He Loves Me, He Loves Me Not",2002,"Romance,Thriller"
6.8,3327,Crackerjack,2002,"Comedy,Sport"
8.7,7248,Devasuram,1993,"Action,Crime,Drama"
7.4,5594,Intimate Stories,2002,"Comedy,Drama"
7.2,3439,Lan Yu,2001,"Drama,Romance"
8.2,3551,Pattanapravesam,1988,"Comedy,Thriller"
7.3,5906,Solino,2002,"Comedy,Drama"
8.6,7776,Spadikam,1995,"Action,Drama"
8.1,2196,Varavelpu,1989,"Comedy,Drama"
7.8,1722,Vietnam Colony,1992,"Action,Comedy,Drama"
7.5,4083,Absolute Hundred,2001,"Action,Crime,Drama"
8.0,80291,Dil Chahta Hai,2001,"Comedy,Drama,Romance"
6.6,147946,The Recruit,2003,"Action,Thriller"
7.8,17980,Son of the Bride,2001,"Comedy,Drama"
6.6,55775,The Rules of Attraction,2002,"Comedy,Drama,Romance"
7.3,123459,Before the Devil Knows You're Dead,2007,"Crime,Drama,Thriller"
7.6,25063,Carandiru,2003,"Crime,Drama"
7.0,2765,Devil's Playground,2002,Documentary
6.8,2356,Dracula: Pages from a Virgin's Diary,2002,"Drama,Horror,Musical"
6.6,3130,Lajja,2001,"Action,Crime,Drama"
7.2,24081,Metropolis,2001,"Adventure,Animation,Drama"
7.2,139409,The Phantom of the Opera,2004,"Drama,Musical,Romance"
6.8,339892,The Transporter,2002,"Action,Crime,Thriller"
7.1,1677,Get Down,2001,"Drama,Thriller"
7.9,53291,My Sassy Girl,2001,"Comedy,Drama,Romance"
6.7,4463,Poranek kojota,2001,Comedy
7.2,3457,Aalavandhan,2001,"Action,Crime,Horror"
6.6,5816,Kaante,2002,"Action,Crime,Drama"
6.9,58399,Rent,2005,"Drama,Musical,Romance"
7.0,2098,One Fine Spring Day,2001,"Drama,Romance"
7.5,773692,Harry Potter and the Chamber of Secrets,2002,"Adventure,Family,Fantasy"
6.6,1702,Chaos,2000,"Crime,Mystery,Thriller"
6.8,1955,Guns & Talks,2001,"Action,Comedy,Drama"
7.1,3770,One Man Up,2001,"Comedy,Drama"
6.6,2920,The Warrior,2001,"Adventure,Drama"
6.6,2253,Friday Night,2002,"Drama,Romance"
6.9,64356,Ichi the Killer,2001,"Crime,Drama"
6.9,8876,Real Women Have Curves,2002,"Comedy,Drama"
6.6,253032,The Chronicles of Riddick,2004,"Action,Adventure,Sci-Fi"
7.9,17318,Company,2002,"Action,Crime,Drama"
7.1,2763,Take Care of My Cat,2001,Drama
7.2,2943,Symbiopsychotaxiplasm: Take One,1968,Documentary
7.5,4659,Valentin,2002,"Comedy,Drama,Romance"
6.8,6816,Ghosts of the Abyss,2003,"Documentary,Family"
7.0,2538,Labyrinth,2002,"Adventure,Mystery,Thriller"
7.5,14430,All About Lily Chou-Chou,2001,"Crime,Drama,Music"
7.0,4406,Argo,2004,"Action,Comedy"
7.3,51804,Far from Heaven,2002,"Drama,Romance"
7.1,405315,The Ring,2002,"Horror,Mystery"
6.7,2638,Rosenstrasse,2003,"Drama,War"
7.4,561294,Shrek 2,2004,"Adventure,Animation,Comedy"
7.2,354138,8 Mile,2002,"Drama,Music"
7.5,44466,Whale Rider,2002,"Drama,Family"
8.4,1522,Gospodin za edin den,1983,"Comedy,Drama"
7.2,1947,Ravanaprabhu,2001,"Action,Drama,Romance"
6.7,16108,Auto Focus,2002,"Biography,Crime,Drama"
7.6,1943,"Big Man, Little Love",2001,Drama
6.6,3018,Cherish,2002,"Comedy,Drama,Mystery"
7.6,44463,In America,2002,Drama
7.0,7566,Evelyn,2002,Drama
7.6,3626,Crying... Silicon Tears,2001,"Comedy,Musical"
7.5,10219,Rehnaa Hai Terre Dil Mein,2001,"Comedy,Drama,Musical"
6.8,18379,Roger Dodger,2002,"Comedy,Drama"
7.1,3251,Waterboys,2001,"Comedy,Sport"
6.7,11323,All the Real Girls,2003,"Drama,Romance"
6.9,4226,A Madonna in Laleli,1999,"Crime,Drama,Thriller"
6.7,2229,Brief Crossing,2001,"Comedy,Drama,Romance"
7.2,258000,Chicago,2002,"Comedy,Crime,Musical"
7.4,3268,Go,2001,"Drama,Romance"
7.9,195051,Hero,2002,"Action,Adventure,Drama"
6.8,8409,I Capture the Castle,2003,"Drama,Romance"
7.8,56215,Lilya 4-Ever,2002,"Crime,Drama"
6.8,12583,Morvern Callar,2002,Drama
6.8,4747,The Holy Girl,2004,Drama
6.6,8468,So Close,2002,"Action,Crime,Thriller"
7.7,3098,Let the Women Wait!,1998,Comedy
7.2,2010,Cardcaptor Sakura: The Movie,1999,"Adventure,Animation,Comedy"
7.7,1986,Cardcaptor Sakura: The Sealed Card,2000,"Adventure,Animation,Comedy"
7.2,45770,Dirty Pretty Things,2002,"Crime,Drama,Thriller"
6.8,1813,Hell House,2001,Documentary
7.7,160553,Good Bye Lenin!,2003,"Comedy,Drama,Romance"
7.1,7863,Man on the Train,2002,"Crime,Drama,Thriller"
7.9,2981,God Grew Tired of Us,2006,Documentary
8.3,11032,Frozen Stiff,2002,"Comedy,Drama"
7.9,12718,Winged Migration,2001,Documentary
6.9,25384,The United States of Leland,2003,Drama
7.4,9156,Ten,2002,Drama
6.8,4705,Fubar,2002,"Comedy,Music"
7.0,257659,Old School,2003,Comedy
6.9,5542,A Kind of America,2002,"Adventure,Comedy,Romance"
7.3,4305,Happy Times,2000,"Comedy,Drama,Romance"
7.3,8350,The Kid Stays in the Picture,2002,"Biography,Documentary"
6.7,5139,Biggie & Tupac,2002,"Biography,Crime,Documentary"
6.6,43617,May,2002,"Drama,Horror"
7.1,2023,The Trespasser,2001,"Drama,Thriller"
7.1,1763,Grill Point,2002,"Comedy,Drama,Romance"
7.9,774789,Harry Potter and the Prisoner of Azkaban,2004,"Adventure,Family,Fantasy"
6.8,7033,Japanese Story,2003,"Drama,Romance"
6.9,10669,The Happiness of the Katakuris,2001,"Comedy,Fantasy,Horror"
6.6,100179,Mona Lisa Smile,2003,Drama
7.1,3782,Ten Minutes Older: The Trumpet,2002,Drama
7.4,54956,American Splendor,2003,"Biography,Comedy,Drama"
6.8,2996,The Rage in Placid Lake,2003,Comedy
7.4,14900,Aankhen,2002,"Crime,Drama,Thriller"
6.7,2404,Style,2001,"Comedy,Musical,Mystery"
7.1,2475,Public Enemy,2002,"Action,Crime"
6.8,5338,The Lost Skeleton of Cadavra,2001,"Comedy,Horror,Sci-Fi"
7.9,4781,Murder on a Sunday Morning,2001,"Crime,Documentary"
6.6,11253,Bad Guy,2001,"Drama,Romance"
7.9,2570,Rivers and Tides,2001,Documentary
6.6,1814,Takkari Donga,2002,"Action,Adventure,Comedy"
6.6,5277,Raaz,2002,"Drama,Horror,Musical"
7.6,191098,25th Hour,2002,Drama
7.7,3664,What's Up with Cinta?,2002,"Drama,Romance"
7.0,168313,Bad Santa,2003,"Comedy,Crime,Drama"
6.9,44005,Bobby,2006,"Biography,Drama,History"
7.9,6138,Friends,2001,"Action,Comedy,Drama"
6.7,37758,Dark Water,2002,"Drama,Horror,Mystery"
7.7,8259,The Cuckoo,2002,"Comedy,Drama,War"
7.4,2859,Step Into Liquid,2003,"Documentary,Sport"
7.3,12308,Lost in La Mancha,2002,Documentary
7.6,217883,Finding Neverland,2004,"Biography,Drama,Family"
6.7,2182,Tycoon: A New Russian,2002,"Crime,Drama"
6.8,2883,Pure,2002,Drama
7.2,2711,Revolution OS,2001,"Comedy,Documentary"
6.6,12202,The Shape of Things,2003,"Comedy,Drama,Romance"
7.5,6176,War,2002,"Action,Drama,War"
7.9,4455,War Photographer,2001,"Documentary,War"
7.5,1880,DreamKeeper,2003,"Drama,Fantasy"
7.2,5324,Blue Spring,2001,Drama
7.2,4072,Low Heights,2002,"Action,Adventure,Thriller"
7.3,296032,Identity,2003,"Mystery,Thriller"
6.8,1695,Yes Nurse! No Nurse!,2002,"Comedy,Musical"
6.6,16777,Luther,2003,"Biography,Drama,History"
7.1,15120,Nicholas Nickleby,2002,"Adventure,Drama,Romance"
7.1,141927,The Dreamers,2003,"Drama,Romance"
6.9,1667,Stones,2002,Drama
7.3,4549,In This World,2002,Drama
7.1,32714,Ruby & Quentin,2003,"Comedy,Crime"
7.2,32325,A Mighty Wind,2003,"Comedy,Music"
7.5,82499,Sympathy for Mr. Vengeance,2002,"Crime,Drama,Thriller"
6.7,5309,Bon Voyage,2003,"Comedy,Drama,Mystery"
7.9,152544,Bowling for Columbine,2002,"Crime,Documentary,Drama"
6.6,36489,Confidence,2003,"Crime,Thriller"
7.1,2159,En la ciudad sin límites,2002,Drama
7.5,258361,Master and Commander: The Far Side of the World,2003,"Action,Adventure,Drama"
7.0,111204,Holes,2003,"Adventure,Comedy,Drama"
7.3,1931,Blind Spot. Hitler's Secretary,2002,"Biography,Documentary,War"
7.6,29206,The Man Without a Past,2002,"Comedy,Drama,Romance"
8.8,6706,Nuvvu Naaku Nachchav,2001,"Comedy,Romance"
7.0,23295,Pieces of April,2003,"Comedy,Drama"
7.0,2784,Chinese Odyssey 2002,2002,"Comedy,Romance"
7.5,158301,Wallace & Gromit: The Curse of the Were-Rabbit,2005,"Adventure,Animation,Comedy"
6.8,23133,Veronica Guerin,2003,"Biography,Crime,Drama"
7.1,3341,The Man of the Year,2003,"Action,Crime,Drama"
7.7,6371,The Way Home,2002,Drama
8.3,10858,Kannathil Muthamittal,2002,"Action,Drama,Musical"
7.3,1858,"You Shoot, I Shoot",2001,"Action,Comedy,Crime"
6.7,15064,The Crime of Padre Amaro,2002,"Drama,Romance"
7.1,122317,Runaway Jury,2003,"Crime,Drama,Thriller"
7.3,1625,On the Occasion of Remembering the Turning Gate,2002,"Drama,Romance"
7.7,4235,Selamsiz's Band,1987,"Comedy,Drama,Music"
7.4,15256,Sweet Sixteen,2002,"Crime,Drama"
8.4,14776,Philanthropy,2002,"Comedy,Drama"
6.6,6311,Godzilla Against Mechagodzilla,2002,"Action,Sci-Fi,Thriller"
7.5,582994,Love Actually,2003,"Comedy,Drama,Romance"
6.6,137052,Tears of the Sun,2003,"Action,Drama,Thriller"
7.4,26704,My Life Without Me,2003,"Drama,Romance"
6.7,1827,Soldiers of Salamina,2003,Drama
7.8,4040,Standing in the Shadows of Motown,2002,"Documentary,Music"
6.8,474062,Bruce Almighty,2003,"Comedy,Fantasy"
7.5,11726,Open Hearts,2002,"Drama,Romance"
7.1,20915,Wazir,2016,"Action,Crime,Drama"
7.6,253190,21 Grams,2003,"Crime,Drama,Thriller"
6.8,2357,El bonaerense,2002,"Crime,Drama"
7.5,76129,House of Sand and Fog,2003,"Crime,Drama"
8.2,5634,Kadhalukku Mariyadhai,1997,"Drama,Romance"
7.2,5945,Raising Victor Vargas,2002,"Drama,Romance"
7.4,85150,Open Range,2003,"Action,Drama,Romance"
6.8,85522,Peter Pan,2003,"Adventure,Family,Fantasy"
7.2,1998,Québec-Montréal,2002,"Comedy,Romance"
6.9,49314,Radio,2003,"Biography,Drama,Sport"
6.9,2508,Graveyard of Honor,2002,"Action,Crime,Thriller"
7.5,800828,Spider-Man 2,2004,"Action,Adventure,Sci-Fi"
7.0,1679,The Sea Is Watching,2002,"Drama,Romance"
6.9,2863,Blissfully Yours,2002,"Drama,Romance"
7.3,545148,Cars,2006,"Adventure,Animation,Comedy"
7.4,1719,Marooned in Iraq,2002,"Drama,War"
7.1,2943,Painted Fire,2002,"Biography,Drama,History"
8.6,878591,City of God,2002,"Crime,Drama"
6.7,89038,Hidalgo,2004,"Action,Adventure,Biography"
8.0,912501,The Incredibles,2004,"Action,Adventure,Animation"
7.0,409579,The Italian Job,2003,"Action,Crime,Thriller"
6.9,5085,The Confession,2001,Drama
7.3,2609,Broken Wings,2002,Drama
7.0,3442,Madame Satã,2002,"Biography,Crime,Drama"
8.0,26323,The Fog of War,2003,"Biography,Documentary,History"
6.9,427564,Mission: Impossible III,2006,"Action,Adventure,Thriller"
7.0,2142,My Mother's Smile,2002,Drama
6.8,2860,Unknown Pleasures,2002,"Comedy,Drama"
7.2,23133,Russian Ark,2002,"Drama,Fantasy,History"
7.3,2453,Chess of the Wind,1976,"Drama,Mystery,Thriller"
7.8,8763,To Be and to Have,2002,"Documentary,Family"
6.7,4947,Amar te duele,2002,"Drama,Romance"
6.9,37376,The Cooler,2003,"Drama,Romance"
7.7,30173,The Magdalene Sisters,2002,Drama
7.7,109637,The Motorcycle Diaries,2004,"Adventure,Biography,Drama"
7.2,2695,Red Bear,2002,"Crime,Drama,Thriller"
6.9,4770,Cazuza: Time Doesn't Stop,2004,"Biography,Drama,Music"
7.0,5085,Fear and Trembling,2003,"Comedy,Drama"
6.6,1946,Ten Minutes Older: The Cello,2002,"Drama,Music,Musical"
6.6,1590,WXIII: Patlabor,2001,"Action,Animation,Crime"
7.9,479094,Big Fish,2003,"Adventure,Drama,Fantasy"
7.6,1547,Ee Parakkum Thalika,2001,"Comedy,Drama,Romance"
7.1,348397,Elf,2003,"Adventure,Comedy,Family"
7.5,3358,Indra,2002,"Action,Drama"
8.2,18444,The Legend of Bhagat Singh,2002,"Biography,Drama,History"
7.5,16522,Mondays in the Sun,2002,"Comedy,Drama"
8.3,4420,The Clay Bird,2002,"Drama,History"
6.7,1515,My Left Eye Sees Ghosts,2002,"Comedy,Fantasy,Romance"
6.9,1683,Planta 4ª,2003,"Comedy,Drama,Family"
7.1,3956,Kamchatka,2002,Drama
7.8,11793,Oasis,2002,"Drama,Romance"
7.4,2942,Occident,2002,"Comedy,Romance"
7.6,2643,The Smashing Machine,2002,"Documentary,Sport"
7.3,359165,Kingdom of Heaven,2005,"Action,Adventure,Drama"
7.0,302511,Underworld,2003,"Action,Fantasy,Thriller"
6.9,1596,Cremaster 3,2002,"Drama,Fantasy"
6.7,1573,The Bottom of the Sea,2003,"Drama,Thriller"
7.5,13934,Life Is a Miracle,2004,"Comedy,Drama,Music"
7.1,7933,Berlin Blues,2003,"Comedy,Drama"
7.2,3090,Inuyasha the Movie: Affections Touching Across Time,2001,"Action,Adventure,Animation"
7.4,7704,Twin Sisters,2002,"Drama,Romance,War"
7.0,3222,The Embalmer,2002,"Drama,Romance"
6.6,107241,Jackass: The Movie,2002,"Action,Comedy,Documentary"
6.8,4211,Japón,2002,Drama
7.8,28281,Lakshya,2004,"Action,Drama,Romance"
6.7,4941,The Mother,2003,"Drama,Romance"
6.6,2981,Upswing,2003,Comedy
6.7,3378,Melvin Goes to Dinner,2003,"Comedy,Drama,Romance"
7.3,8913,Kitchen Stories,2003,"Comedy,Drama"
7.1,40283,Shattered Glass,2003,"Drama,History"
6.9,11054,Slim Susie,2003,"Comedy,Crime,Mystery"
6.7,51740,Swimming Pool,2003,"Crime,Drama,Mystery"
6.9,60139,Wicker Park,2004,"Drama,Mystery,Romance"
6.8,3025,Box 507,2002,"Action,Crime,Drama"
6.6,31170,The Eye,2002,"Horror,Mystery,Thriller"
7.7,6933,Boats Out of Watermelon Rinds,2004,"Drama,Family"
7.8,507927,The Last Samurai,2003,"Action,Drama"
6.9,4423,Love in Thoughts,2004,"Drama,Romance"
7.2,146208,Matchstick Men,2003,"Comedy,Crime,Drama"
8.1,1339982,Pirates of the Caribbean: The Curse of the Black Pearl,2003,"Action,Adventure,Fantasy"
7.2,1662,Saint Seiya: Legend of Crimson Youth,1988,"Action,Animation,Fantasy"
7.0,9695,Stander,2003,"Action,Biography,Crime"
7.6,2127,The Trials of Henry Kissinger,2002,Documentary
6.7,8007,The Miracle of Bern,2003,"Drama,Sport"
7.3,5250,Zona Zamfirova,2002,"Comedy,Drama"
6.9,3002,The Star,2002,"Action,Adventure,Drama"
7.0,3646,Swimming Upstream,2003,"Biography,Drama,Sport"
6.7,9181,Dot the I,2003,"Drama,Romance,Thriller"
6.6,25361,The Great Raid,2005,"Action,Drama,War"
7.4,18119,I'm Not Scared,2003,"Crime,Drama,Mystery"
7.9,528288,Mystic River,2003,"Crime,Drama,Mystery"
6.7,204905,Over the Hedge,2006,"Adventure,Animation,Comedy"
7.5,66538,Secondhand Lions,2003,"Comedy,Drama,Family"
7.8,304198,Coraline,2009,"Animation,Drama,Family"
7.7,2098,The Street Player,1983,"Drama,Sport"
6.6,148834,The Rundown,2003,"Action,Adventure,Comedy"
7.1,8662,I Am David,2003,"Adventure,Drama"
7.4,2295,I Am Trying to Break Your Heart,2002,"Documentary,Music"
7.7,424495,Man on Fire,2004,"Action,Crime,Drama"
7.0,3662,Ping Pong,2002,"Comedy,Drama,Sport"
7.1,2926,Sleepless Nights,2003,"Drama,Romance"
6.8,107658,Thirteen,2003,Drama
6.8,65724,Under the Tuscan Sun,2003,"Comedy,Drama,Romance"
7.1,2289,Lover's Concerto,2002,"Drama,Romance"
6.8,6151,September 11,2002,Drama
7.2,5065,The Inheritance,2003,Drama
6.9,137840,Brother Bear,2003,"Adventure,Animation,Comedy"
6.9,7497,Comedian,2002,"Comedy,Documentary"
7.0,2209,El Alamein - The Line of Fire,2002,"Drama,War"
7.1,2616,Fine Dead Girls,2002,"Drama,Thriller"
6.6,1614,Führer Ex,2002,Drama
7.6,2202,Common Ground,2002,Drama
7.1,4146,"I'm Taraneh, 15",2002,Drama
7.3,12029,Monsieur Ibrahim,2003,"Comedy,Drama"
7.9,5072,Mr. and Mrs. Iyer,2002,Drama
7.1,3579,The Butterfly,2002,"Adventure,Comedy,Drama"
7.3,79328,Seabiscuit,2003,"Drama,History,Sport"
6.8,8257,Wilbur Wants to Kill Himself,2002,"Comedy,Drama,Romance"
7.2,4937,Blue Collar Comedy Tour: The Movie,2003,"Comedy,Documentary"
7.5,18023,Dolls,2002,"Drama,Romance"
8.1,13479,Day of the Wacko,2002,"Comedy,Drama,Romance"
7.7,761092,Harry Potter and the Goblet of Fire,2005,"Adventure,Family,Fantasy"
7.4,2658,A Colt Is My Passport,1967,"Action,Crime"
6.7,7203,Mambo Italiano,2003,"Comedy,Drama,Romance"
7.0,8971,Don't Move,2004,"Drama,Romance"
7.1,2533,Raid,2003,"Action,Crime,Thriller"
6.8,9666,Saathiya,2002,"Drama,Family,Romance"
6.8,5913,A Snake of June,2002,"Drama,Horror,Mystery"
7.0,2073,Elina: As If I Wasn't There,2002,"Drama,Family"
7.1,3016,Wheel of Time,2003,Documentary
7.1,2569,Any Way the Wind Blows,2003,"Comedy,Drama"
7.0,2138,Little Night Music,2002,"Action,Comedy,Thriller"
7.1,7838,Whisky,2004,"Comedy,Drama"
7.1,52789,11:14,2003,"Comedy,Crime,Drama"
7.0,35389,If Only,2004,"Comedy,Drama,Fantasy"
7.8,698700,The Notebook,2004,"Drama,Romance"
7.1,3560,Off the Map,2003,Drama
6.7,51403,Saved!,2004,"Comedy,Drama"
7.2,360894,School of Rock,2003,"Comedy,Music"
6.8,1812,The Sea,2002,"Comedy,Drama"
7.3,641859,Troy,2004,"Action,Adventure"
7.0,2978,House of Fools,2002,"Drama,Music,Romance"
7.4,4591,Together,2002,"Drama,Music"
6.8,17427,Intermission,2003,"Comedy,Crime,Drama"
6.7,2659,Mango Yellow,2002,Drama
8.3,2117,Edifício Master,2002,Documentary
7.3,1989,Cheese and Jam,2003,"Comedy,Drama"
7.4,4787,Blue Gate Crossing,2002,"Drama,Romance"
7.4,228320,Garden State,2004,"Comedy,Drama,Romance"
7.6,12653,Spellbound,2002,"Comedy,Documentary,Thriller"
7.8,2803,Stevie,2002,Documentary
7.1,7953,Yossi & Jagger,2002,"Drama,History,Romance"
6.9,84709,Girl with a Pearl Earring,2003,"Biography,Drama,Romance"
7.7,533422,Lost in Translation,2003,"Comedy,Drama"
7.3,276181,The Passion of the Christ,2004,Drama
7.5,2704,Since Otar Left,2003,Drama
6.8,1636,Addicted,2002,"Drama,Mystery,Romance"
6.9,9621,Antibodies,2005,"Crime,Drama,Horror"
7.4,19077,Baghban,2003,"Drama,Romance"
7.3,12161,The Snow Walker,2003,"Adventure,Drama"
6.8,140363,Something's Gotta Give,2003,"Comedy,Drama,Romance"
6.9,28435,Calendar Girls,2003,"Comedy,Drama"
6.8,5450,Danny Deckchair,2003,"Comedy,Romance"
7.1,437183,Live Free or Die Hard,2007,"Action,Thriller"
8.3,1191720,Eternal Sunshine of the Spotless Mind,2004,"Drama,Romance,Sci-Fi"
6.7,83633,High Tension,2003,Horror
6.8,2062,Dandelion,2004,"Drama,Romance"
7.5,31010,The Barbarian Invasions,2003,"Comedy,Crime,Drama"
7.7,44976,Evil,2003,Drama
6.6,273135,The Polar Express,2004,"Adventure,Animation,Family"
7.8,2748,3 Deewarein,2003,"Crime,Drama"
7.0,16670,Two Brothers,2004,"Adventure,Drama,Family"
8.0,139007,Infernal Affairs,2002,"Crime,Drama,Mystery"
7.5,411592,The Aviator,2004,"Biography,Drama"
7.4,2239,Edi,2002,Drama
6.9,3361,Games of Love and Chance,2003,"Comedy,Drama,Romance"
6.9,1761,Girls Will Be Girls,2003,"Comedy,Romance"
7.2,1601,Gone,2002,Thriller
6.7,22888,Kopps,2003,"Action,Comedy"
6.8,232458,A Series of Unfortunate Events,2004,"Adventure,Comedy,Family"
6.8,2056,The Story of Marie and Julien,2003,"Drama,Fantasy,Mystery"
7.1,4904,The Mudge Boy,2003,"Crime,Drama,Romance"
7.0,2450,Names Engraved in Marble,2002,"Drama,Romance,War"
6.9,2626,Palabras encadenadas,2003,"Crime,Drama,Thriller"
8.4,8043,The Professional,2003,"Comedy,Drama"
7.5,5282,Song for a Raggy Boy,2003,"Drama,History"
7.0,13430,Being Julia,2004,"Comedy,Drama,Romance"
7.6,81101,The Station Agent,2003,"Comedy,Drama"
7.8,9061,Bus 174,2002,"Crime,Documentary"
7.3,172892,Monster,2003,"Biography,Crime,Drama"
6.7,3576,Gettin' Square,2003,"Comedy,Crime,Thriller"
7.5,2599,The Web of the Witch,2002,"Comedy,Fantasy,Horror"
7.6,2354,9,2002,"Crime,Drama,Mystery"
7.8,3769,Bukowski: Born into This,2003,"Biography,Documentary"
7.6,28950,Capturing the Friedmans,2003,"Biography,Crime,Documentary"
6.9,3981,Comandante,2003,Documentary
7.0,112545,Unleashed,2005,"Action,Crime,Thriller"
7.6,2890,A Decade Under the Influence,2003,Documentary
7.2,27850,The Green Butchers,2003,"Comedy,Drama"
7.2,4630,Four Shades of Brown,2004,"Comedy,Drama"
7.2,26564,Manderlay,2005,Drama
6.6,1504,The Missing Gun,2002,"Crime,Drama,Mystery"
8.3,1801,My Flesh and Blood,2003,Documentary
7.9,10044,Tupac: Resurrection,2003,"Biography,Documentary,Music"
7.4,3878,The Weather Underground,2002,"Documentary,History,War"
7.6,4814,Mother of Mine,2005,"Drama,War"
6.8,419066,50 First Dates,2004,"Comedy,Drama,Romance"
6.7,113026,The Good Shepherd,2006,"Drama,History,Thriller"
7.1,619080,"I, Robot",2004,"Action,Mystery,Sci-Fi"
7.0,4171,Kings and Queen,2004,"Comedy,Drama,Romance"
7.6,78183,A Very Long Engagement,2004,"Drama,Mystery,Romance"
7.1,2549,The Keys to the House,2004,Drama
8.3,1821,Ek Doctor Ki Maut,1990,"Biography,Drama"
7.4,11969,Last Life in the Universe,2003,"Comedy,Drama,Romance"
7.1,19564,Latter Days,2003,"Comedy,Drama,Romance"
7.2,112531,The SpongeBob SquarePants Movie,2004,"Adventure,Animation,Comedy"
7.5,24900,Distant,2002,"Comedy,Drama"
8.4,28599,The Best of Youth,2003,"Drama,Romance"
6.7,38469,Blood and Bone,2009,"Action,Crime,Drama"
6.9,1558,Cowards Bend the Knee,2003,"Drama,Romance"
7.8,61197,Head-On,2004,"Drama,Romance"
7.4,2488,Fuse,2003,"Comedy,Drama"
8.2,519044,Howl's Moving Castle,2004,"Adventure,Animation,Family"
7.4,42967,Ghost in the Shell 2: Innocence,2004,"Animation,Drama,Mystery"
7.1,2266,Jhankaar Beats,2003,"Comedy,Music,Romance"
7.9,82303,Kal Ho Naa Ho,2003,"Comedy,Drama,Musical"
7.4,17595,Khakee,2004,"Action,Crime,Drama"
7.2,6157,Avellaneda's Moon,2004,"Comedy,Drama,Sport"
7.1,1576,Daybreak,2003,Drama
7.1,45306,Main Hoon Na,2004,"Action,Comedy,Drama"
7.1,73278,The Cat Returns,2002,"Adventure,Animation,Comedy"
7.9,3159,Pinjar,2003,Drama
6.8,19829,Steamboy,2004,"Action,Adventure,Animation"
6.7,113724,Waiting...,2005,Comedy
7.7,11023,The Classic,2003,"Drama,Romance"
6.6,16697,The Door in the Floor,2004,"Comedy,Drama"
6.8,1545,Dog Nail Clipper,2004,Drama
7.5,64180,Miracle,2004,"Biography,Drama,History"
6.7,1878,The Soul Keeper,2002,"Biography,Drama,Romance"
7.4,7916,Take My Eyes,2003,"Drama,Romance"
7.7,166799,Ray,2004,"Biography,Drama,Music"
7.0,36515,An Unfinished Life,2005,"Drama,Family,Romance"
7.5,2220,Distant Lights,2003,Drama
7.0,485522,Madagascar,2005,"Adventure,Animation,Comedy"
7.5,3123,Blind Shaft,2003,"Crime,Drama"
6.8,2881,So Normal,2003,Comedy
7.3,9870,Noi the Albino,2003,"Comedy,Drama"
6.9,2057,His Brother,2003,"Drama,Romance"
8.0,27213,The Twilight Samurai,2002,"Drama,Romance"
8.0,210393,Cinderella Man,2005,"Biography,Drama,Romance"
6.6,12401,De-Lovely,2004,"Biography,Drama,Music"
7.5,8526,Ek Hasina Thi,2004,"Action,Crime,Drama"
7.2,2015,The Far Side of the Moon,2003,Drama
7.2,12220,Facing Windows,2003,"Drama,Romance"
6.7,1848,Deadly Outlaw: Rekka,2002,"Crime,Drama,Thriller"
6.9,15957,The Life and Death of Peter Sellers,2004,"Biography,Comedy,Drama"
7.3,7231,Walk on Water,2004,"Drama,Mystery,Thriller"
6.6,9666,Sky Blue,2003,"Action,Adventure,Animation"
8.6,4884,Godfather,1991,"Comedy,Drama,Romance"
8.0,2361,Meesha Madhavan,2002,"Comedy,Drama"
8.5,4019,Ramji Rao Speaking,1989,"Comedy,Drama,Thriller"
8.1,272686,Memories of Murder,2003,"Crime,Drama,Mystery"
9.0,6520,Sandesham,1991,"Comedy,Drama"
8.3,2477,Vadakkunokkiyantram,1989,"Comedy,Drama"
6.6,10855,Five Times Two,2004,"Drama,Romance"
7.4,9733,The Five Obstructions,2003,Documentary
7.1,11741,Save the Green Planet!,2003,"Comedy,Crime,Drama"
7.7,1629,Prince Nezha's Triumph Against Dragon King,1979,"Action,Adventure,Animation"
7.2,72336,The Science of Sleep,2006,"Comedy,Drama,Fantasy"
8.1,4058,Aaram Thamburan,1997,"Action,Drama,Romance"
7.1,61809,Lords of Dogtown,2005,"Biography,Drama,Sport"
7.2,1536,His Excellency the Minister,2002,"Drama,Mystery,Thriller"
8.3,4921,Manmadhudu,2002,"Comedy,Romance"
7.9,1650,Mannar Mathai Speaking,1995,"Comedy,Thriller"
6.6,246547,EuroTrip,2004,Comedy
7.4,1579,Whisky Romeo Zulu,2004,"Drama,Thriller"
7.6,2633,Paanch,2003,"Crime,Thriller"
7.2,1584,Pupendo,2003,"Comedy,Drama"
8.1,3017,The King,2002,Drama
7.1,403894,Anchorman: The Legend of Ron Burgundy,2004,Comedy
6.8,3657,Sky Kids,2008,"Action,Adventure,Drama"
7.9,1983,Kalyanaraman,2002,"Comedy,Drama"
7.6,2798,Minnale,2001,"Comedy,Drama,Musical"
7.8,281976,Walk the Line,2005,"Biography,Drama,Music"
8.6,20593,Earthlings,2005,Documentary
7.1,3774,Bear Cub,2004,"Comedy,Drama"
7.5,3251,"Easy Riders, Raging Bulls: How the Sex, Drugs and Rock 'N' Roll Generation Saved Hollywood",2003,Documentary
6.6,14386,A Home at the End of the World,2004,"Drama,Romance"
7.4,5606,When the Last Sword Is Drawn,2002,"Drama,History"
7.3,375685,The Secret Life of Walter Mitty,2013,"Adventure,Comedy,Drama"
7.0,411654,Constantine,2005,"Action,Fantasy,Horror"
6.9,1661,Interview,2003,Drama
7.2,473164,King Kong,2005,"Action,Adventure,Romance"
6.8,3307,Our Music,2004,Drama
7.9,3380,Tagore,2003,"Action,Crime,Drama"
7.1,37023,The Woodsman,2004,Drama
7.5,135276,Fahrenheit 9/11,2004,"Documentary,Drama,War"
6.9,13437,Gozu,2003,"Crime,Drama,Horror"
7.2,2686,The Great Journey,2004,"Drama,Romance"
7.1,9159,Duma,2005,"Adventure,Drama,Family"
8.4,1808854,Inglourious Basterds,2009,"Drama,War"
7.9,7027,Kushi,2000,"Comedy,Drama,Romance"
7.6,444880,The Machinist,2004,"Drama,Thriller"
6.7,13523,Palindromes,2004,"Comedy,Drama"
7.5,61781,Tell No One,2006,"Crime,Drama,Mystery"
7.4,540054,The Terminal,2004,"Comedy,Drama,Romance"
7.0,52742,Kinsey,2004,"Biography,Drama,Romance"
7.2,221950,The Life Aquatic with Steve Zissou,2004,"Action,Adventure,Comedy"
6.8,4222,2LDK,2003,"Comedy,Drama,Horror"
6.6,2378,Aragami,2003,"Action,Fantasy,Horror"
7.2,1876,Dhool,2003,"Action,Comedy,Drama"
7.6,3357,Haasil,2003,"Crime,Drama,Romance"
7.2,1904,Shara,2003,Drama
8.2,402844,Downfall,2004,"Biography,Drama,History"
7.4,53441,The Blind Swordsman: Zatoichi,2003,"Action,Comedy,Crime"
6.7,3278,Bright Future,2002,Drama
6.8,1649,At Five in the Afternoon,2003,Drama
6.7,16108,Beyond the Sea,2004,"Biography,Drama,Music"
8.2,2759,The Revolution Will Not Be Televised,2003,Documentary
6.9,5438,Intimate Strangers,2004,"Drama,Romance,Thriller"
7.2,290003,Dawn of the Dead,2004,"Action,Horror"
6.6,2552,Down to the Bone,2004,Drama
7.1,105275,Elephant,2003,"Crime,Drama,Thriller"
6.9,461005,"The Chronicles of Narnia: The Lion, the Witch and the Wardrobe",2005,"Adventure,Family,Fantasy"
6.8,14800,Lymelife,2008,"Comedy,Drama,Romance"
6.6,1573,Dev,2004,Drama
6.7,52658,Ju-on: The Grudge,2002,Horror
7.5,74538,Love Me If You Dare,2003,"Comedy,Drama,Romance"
6.8,1913,Neo Ned,2005,"Drama,Romance"
8.3,728161,Oldboy,2003,"Action,Drama,Mystery"
6.9,1648,Once More,1997,"Comedy,Drama,Romance"
8.4,9829,Virumandi,2004,"Action,Crime,Drama"
6.7,288452,Dodgeball: A True Underdog Story,2004,"Comedy,Sport"
7.1,7298,Aileen: Life and Death of a Serial Killer,2003,"Crime,Documentary"
6.9,26591,The Assassination of Richard Nixon,2004,"Biography,Crime,Drama"
7.3,6185,The Red Colored Grey Truck,2004,"Adventure,Comedy,Romance"
7.4,3305,Deep Blue,2003,Documentary
6.6,3284,Red Lights,2004,"Crime,Drama,Mystery"
7.1,74952,A Tale of Two Sisters,2003,"Drama,Horror,Mystery"
6.7,47983,The Matador,2005,"Comedy,Crime,Thriller"
6.8,139002,Syriana,2005,"Drama,Thriller"
7.8,643111,Shaun of the Dead,2004,"Comedy,Horror"
6.9,2759,Illusive Tracks,2003,"Comedy,Thriller"
6.6,2158,Svidd neger,2003,"Comedy,Crime,Drama"
6.8,120180,Tenacious D in the Pick of Destiny,2006,"Adventure,Comedy,Music"
6.8,24111,The Upside of Anger,2005,"Comedy,Drama"
7.2,5850,Zero Day,2002,Drama
6.9,3200,Lost Embrace,2004,Comedy
6.8,3311,Caterina in the Big City,2003,"Comedy,Drama"
7.2,2213,Choker Bali: A Passion Play,2003,Drama
8.7,3951,Galpa Holeo Satyi,1966,"Comedy,Drama"
7.3,5651,Seducing Doctor Lewis,2003,"Comedy,Drama"
7.0,216073,Harold & Kumar Go to White Castle,2004,"Adventure,Comedy"
7.3,2578,InuYasha the Movie 2: The Castle Beyond the Looking Glass,2002,"Action,Animation,Comedy"
8.0,1502,Rumor of Love,1960,"Comedy,Romance"
7.1,125301,The Jacket,2005,"Drama,Fantasy,Mystery"
7.8,5801,Trilogy: The Weeping Meadow,2004,"Drama,History,Romance"
6.8,27316,Millions,2004,"Comedy,Crime,Drama"
6.7,24394,Mirrormask,2005,"Drama,Fantasy"
8.0,11703,Okkadu,2003,"Action,Drama,Romance"
7.0,5999,Pippi Longstocking,1969,"Adventure,Comedy,Drama"
7.3,7815,Reconstruction,2003,"Drama,Romance"
7.0,6601,The Saddest Music in the World,2003,"Comedy,Musical"
7.0,7444,Fateless,2005,"Drama,Romance,War"
7.3,94932,The Squid and the Whale,2005,"Comedy,Drama"
8.2,106922,Swades,2004,"Drama,Musical"
6.8,2083,"Turn Left, Turn Right",2003,"Comedy,Drama,Romance"
7.1,13190,Modigliani,2004,"Biography,Drama"
8.6,28498,Anbe Sivam,2003,"Adventure,Comedy,Drama"
6.7,576143,Charlie and the Chocolate Factory,2005,"Adventure,Comedy,Family"
7.3,5415,Baadasssss!,2003,"Biography,Drama"
7.6,12851,The Man Who Copied,2003,"Comedy,Crime,Drama"
7.3,1514,Os Imortais,2003,"Action,Crime,Drama"
7.6,8070,Lisbela and the Prisoner,2003,"Comedy,Romance"
6.6,123556,The Manchurian Candidate,2004,"Drama,Mystery,Sci-Fi"
6.9,1551,Surplus,2003,Documentary
8.0,4583,Vaalee,1999,"Romance,Thriller"
6.6,298393,The Village,2004,"Drama,Mystery,Thriller"
7.6,5351,Brides,2004,"Drama,Romance"
7.1,11180,Stage Beauty,2004,Drama
7.8,17916,Interstella 5555: The 5tory of the 5ecret 5tar 5ystem,2003,"Adventure,Animation,Music"
7.9,4035,End of the Century: The Story of the Ramones,2003,"Biography,Documentary,Music"
7.7,1528,Faster,2003,"Documentary,Sport"
6.8,63668,I'm Not There,2007,"Biography,Drama,Music"
6.9,380444,National Treasure,2004,"Action,Adventure,Mystery"
6.6,2267,Nijam,2003,"Action,Drama"
7.2,81998,Ong-Bak: The Thai Warrior,2003,"Action,Crime,Thriller"
7.3,9935,Osama,2003,Drama
7.2,21379,Infernal Affairs II,2003,"Action,Crime,Drama"
7.7,2876,Bal-Can-Can,2005,"Action,Adventure,Comedy"
7.5,472044,Collateral,2004,"Action,Crime,Drama"
6.9,735289,Jurassic World,2015,"Action,Adventure,Sci-Fi"
7.1,28269,A Love Song for Bobby Long,2004,Drama
7.9,89274,The Sea Inside,2004,"Biography,Drama"
7.1,2091,9 Souls,2003,"Adventure,Comedy,Crime"
6.7,3448,The Preacher,2004,"Biography,Crime,Drama"
7.6,86471,Mysterious Skin,2004,Drama
6.7,94880,Stay,2005,"Drama,Mystery,Thriller"
7.4,6141,Crimson Gold,2003,"Crime,Drama,Thriller"
6.8,4860,Buddy,2003,"Comedy,Drama,Romance"
6.7,218094,The Hitchhiker's Guide to the Galaxy,2005,"Adventure,Comedy,Sci-Fi"
7.6,19301,Hungama,2003,"Comedy,Drama,Romance"
7.9,1241252,Iron Man,2008,"Action,Adventure,Sci-Fi"
7.7,516514,The Bourne Supremacy,2004,"Action,Mystery,Thriller"
7.5,2590,Festival Express,2003,"Documentary,History,Music"
6.8,10291,House of D,2004,"Comedy,Drama"
6.9,1916,Roads to Koktebel,2003,"Adventure,Drama,Romance"
7.2,2201,The Stroll,2003,"Drama,Romance"
7.2,185857,Team America: World Police,2004,"Action,Comedy"
8.2,1735741,Batman Begins,2005,Crime
7.9,72590,The Chorus,2004,"Drama,Music"
7.0,10441,Imaginary Heroes,2004,Drama
7.7,165840,Kung Fu Hustle,2004,"Action,Comedy,Fantasy"
7.4,3463,My Architect,2003,"Biography,Documentary"
6.6,22115,Saints and Soldiers,2003,"Action,Drama,War"
7.4,250791,Kiss Kiss Bang Bang,2005,"Comedy,Crime,Mystery"
7.2,4487,Boys,2003,"Comedy,Drama,Music"
7.4,3540,The House of Sand,2005,Drama
7.3,3390,"Cinema, Aspirins and Vultures",2005,"Adventure,Drama"
7.8,19214,Gangaajal,2003,"Action,Crime,Drama"
7.4,6603,The Story of the Weeping Camel,2003,"Documentary,Drama,Family"
7.5,707904,Harry Potter and the Order of the Phoenix,2007,"Adventure,Family,Fantasy"
7.6,28531,Control,2003,"Comedy,Crime,Drama"
6.6,2470,Dancing in the Dust,2003,Drama
6.6,3616,Running on Karma,2003,"Action,Crime,Drama"
6.9,4520,Strings,2004,"Adventure,Drama,Fantasy"
7.2,22770,In Your Name,2003,"Action,Drama,Romance"
6.9,5098,The Turkish Gambit,2005,"Action,Drama,Mystery"
6.8,15920,Infernal Affairs III,2003,"Action,Crime,Drama"
7.2,11040,The Memory of a Killer,2003,"Action,Crime,Drama"
8.0,91303,"Spring, Summer, Fall, Winter... and Spring",2003,"Drama,Romance"
6.8,36580,Che: Part Two,2008,"Biography,Drama,History"
6.8,5614,Look at Me,2004,"Comedy,Drama,Music"
8.2,99293,Munna Bhai M.B.B.S.,2003,"Comedy,Drama"
7.0,258489,Napoleon Dynamite,2004,Comedy
7.5,218104,Sideways,2004,"Comedy,Drama,Romance"
7.3,4080,Simhadri,2003,"Action,Drama"
8.6,2854,Srabon Megher Din,1999,"Drama,Romance"
6.6,4329,Bobby Jones: Stroke of Genius,2004,"Biography,Drama,Romance"
6.8,56415,Tristan + Isolde,2006,"Action,Drama,Romance"
6.8,7026,Innocence,2004,"Drama,Mystery"
7.9,5556,Aayitha Ezhuthu,2004,"Action,Drama,Thriller"
8.1,37677,Black,2005,Drama
7.7,463588,Crash,2004,"Crime,Drama,Thriller"
8.0,7539,Kaakha Kaakha,2003,"Action,Crime,Drama"
8.0,2758,Kaadhal Konden,2003,"Drama,Musical,Romance"
6.7,2013,Guys and Balls,2004,"Comedy,Drama,Romance"
7.2,208935,Layer Cake,2004,"Crime,Drama,Thriller"
7.6,2895,Nandha,2001,"Action,Drama"
8.3,8460,Pithamagan,2003,"Action,Crime,Drama"
8.4,26760,Anniyan,2005,"Action,Crime,Drama"
7.3,2709,Saamy,2003,"Action,Drama"
6.8,1841,Only Human,2004,"Comedy,Romance"
6.6,5114,Shadows in the Sun,2005,"Comedy,Drama,Romance"
7.1,252072,Closer,2004,"Drama,Romance"
7.6,4665,November,2003,"Adventure,Comedy,Drama"
7.9,49793,The Return,2003,Drama
6.6,576464,X-Men: The Last Stand,2006,"Action,Adventure,Sci-Fi"
7.5,1856,The Best Two Years,2004,"Comedy,Drama"
7.0,13776,Ladies in Lavender,2004,"Drama,Music,Romance"
7.1,34921,Mean Creek,2004,"Crime,Drama"
7.1,490840,Mean Girls,2004,Comedy
6.6,47936,Proof,2005,"Drama,Mystery"
7.5,1789,Aasai,1995,"Drama,Romance,Thriller"
7.1,7306,"Goodbye, Dragon Inn",2003,"Comedy,Drama"
7.1,4303,"Good Morning, Night",2003,Drama
8.1,2751,C.I.D. Moosa,2003,"Action,Comedy"
8.0,1588,Chinthavishtayaya Shyamala,1998,"Comedy,Drama"
6.8,2694,Cowboys & Angels,2003,"Comedy,Crime,Drama"
7.6,23157,Dear Frankie,2004,"Drama,Romance"
6.6,8412,Don't Come Knocking,2005,"Drama,Music"
7.7,4658,The Gospel of John,2003,"Biography,Drama,History"
7.0,16285,Hum Tum,2004,"Comedy,Drama,Romance"
8.0,877066,Kill Bill: Vol. 2,2004,"Action,Crime,Thriller"
7.3,5454,King's Game,2004,"Drama,Thriller"
7.7,13267,Machuca,2004,"Biography,Drama,History"
6.6,2579,"It's Not You, It's Me",2004,"Comedy,Drama,Romance"
8.2,2463,Ramana,2002,"Action,Crime,Drama"
7.2,32717,Speak,2004,Drama
7.5,15634,A Touch of Spice,2003,Drama
7.4,2442,Travelers and Magicians,2003,"Adventure,Drama"
7.0,71171,Coffee and Cigarettes,2003,"Comedy,Drama,Music"
8.0,22342,The Corporation,2003,"Documentary,History"
7.8,3142,Los Angeles Plays Itself,2003,"Documentary,History"
8.0,16216,Maqbool,2003,"Crime,Drama,Thriller"
7.6,2585,Matrubhoomi: A Nation Without Women,2003,Drama
7.9,39935,Touching the Void,2003,"Adventure,Documentary,Drama"
6.8,2231,Vodka Lemon,2003,"Comedy,Drama"
6.8,6239,The Yes Men,2003,"Comedy,Documentary"
7.3,150213,Capote,2005,"Biography,Crime,Drama"
7.8,316750,Serenity,2005,"Action,Adventure,Sci-Fi"
7.0,40205,The Merchant of Venice,2004,"Drama,Romance"
6.8,2604,Tears for Sale,2008,"Comedy,Drama,Fantasy"
7.7,14738,Cocaine Cowboys,2006,"Crime,Documentary,History"
8.6,2308,Concert for George,2003,"Documentary,Music"
7.1,7661,A Fond Kiss,2004,"Drama,Romance"
6.7,69177,Goal! The Dream Begins,2005,"Drama,Romance,Sport"
6.6,193035,The Lovely Bones,2009,"Drama,Fantasy,Thriller"
7.4,6314,Killing Cabos,2004,"Action,Adventure,Comedy"
6.8,35802,Oliver Twist,2005,"Crime,Drama"
7.3,1833,Paper Clips,2004,"Documentary,War"
6.8,2932,Untold Scandal,2003,"Drama,Romance"
6.7,1645,The 7th Day,2004,"Crime,Drama"
8.0,751690,Casino Royale,2006,"Action,Adventure,Thriller"
6.8,16297,The Place Promised in Our Early Days,2004,"Animation,Drama,Romance"
6.7,8648,Somersault,2004,"Drama,Romance"
7.6,4051,Symmetry,2003,"Drama,Thriller"
7.1,6856,Tropical Malady,2004,"Drama,Fantasy,Romance"
8.1,318447,Before Sunset,2004,"Drama,Romance"
7.2,2372,...ing,2003,"Drama,Romance"
7.6,352906,3:10 to Yuma,2007,"Action,Crime,Drama"
7.0,9063,Bummer,2003,"Adventure,Crime,Drama"
6.8,4965,Heights,2005,"Drama,Romance"
6.6,1714,In Orange,2004,"Drama,Family,Sport"
6.7,23107,My Summer of Love,2004,"Drama,Romance"
7.5,19361,As It Is in Heaven,2004,"Comedy,Drama,Music"
7.3,9841,Yuva,2004,"Action,Drama,Thriller"
6.8,3642,Cronicas,2004,"Crime,Drama,Thriller"
6.7,489001,The Da Vinci Code,2006,"Mystery,Thriller"
7.0,3136,Look Both Ways,2005,"Comedy,Drama,Mystery"
8.1,959940,Ratatouille,2007,"Adventure,Animation,Comedy"
7.0,4427,Matchbox,2002,Drama
6.6,1863,The Story of My Life,2004,"Comedy,Romance"
7.5,105582,"Synecdoche, New York",2008,Drama
9.0,3582,Aguner Poroshmoni,1994,"Drama,War"
7.4,833702,Pirates of the Caribbean: Dead Man's Chest,2006,"Action,Adventure,Fantasy"
7.9,4187,Trailer Park Boys,1999,Comedy
7.6,28915,Vera Drake,2004,"Crime,Drama"
6.6,1658,Wilby Wonderful,2004,"Comedy,Drama,Romance"
8.4,12566,"When I Grow Up, I'll Be a Kangaroo",2004,Comedy
6.8,2689,Chameli,2003,Drama
8.0,72188,G.O.R.A.,2004,"Adventure,Comedy,Sci-Fi"
7.4,19790,Before the Fall,2004,"Drama,Sport,Thriller"
7.4,6648,Saint Ralph,2004,"Comedy,Drama,Sport"
7.0,2145,Samay: When Time Strikes,2003,"Crime,Mystery,Thriller"
7.4,15480,Saving Face,2004,"Comedy,Drama,Romance"
6.8,4787,Uno,2004,Drama
6.7,15547,Azumi,2003,"Action,Adventure,Drama"
7.4,172390,Green Street Hooligans,2005,"Crime,Drama,Sport"
7.5,120193,House of Flying Daggers,2004,"Action,Adventure,Drama"
7.4,8162,In My Father's Den,2004,"Drama,Mystery,Thriller"
7.5,10012,The Music Man,2007,"Drama,Musical,Romance"
7.1,59867,Final Fantasy VII: Advent Children,2005,"Action,Adventure,Animation"
6.8,2589,The Weakness of the Bolshevik,2003,Drama
6.7,35063,The Football Factory,2004,"Crime,Drama,Sport"
7.2,51585,Glory Road,2006,"Biography,Drama,Sport"
6.9,3976,Wolf,2004,Thriller
6.7,157385,Monster House,2006,"Animation,Comedy,Family"
6.8,66495,Motherless Brooklyn,2019,"Crime,Drama,Mystery"
8.2,5100,Panchatanthiram,2002,"Comedy,Drama"
6.9,31147,New Police Story,2004,"Action,Crime,Thriller"
8.0,78209,Sicko,2007,"Documentary,Drama"
7.4,3624,Silentium,2004,"Crime,Thriller"
8.0,42469,Tae Guk Gi: The Brotherhood of War,2004,"Action,Drama,War"
6.7,112437,Where the Wild Things Are,2009,"Adventure,Drama,Family"
7.5,12452,Brothers,2004,"Drama,War"
6.7,2113,You Know Who,2003,"Comedy,Drama,Family"
6.6,351132,Hitch,2005,"Comedy,Romance"
7.7,2748,Mounam Pesiyadhe,2002,"Drama,Romance"
7.6,5771,Mountain Patrol,2004,"Action,Drama"
6.6,16786,Renaissance,2006,"Action,Animation,Sci-Fi"
7.1,13334,Terkel in Trouble,2004,"Animation,Comedy,Musical"
7.2,2058,The Forest for the Trees,2003,Drama
6.7,1870,Aurora Borealis,2005,"Drama,Romance"
7.3,156387,The Constant Gardener,2005,"Drama,Mystery,Romance"
7.5,21158,Metallica: Some Kind of Monster,2004,"Documentary,Music"
7.6,515069,Saw,2004,"Horror,Mystery,Thriller"
7.0,4996,Silmido,2003,"Action,Drama"
6.9,1638,Sequins,2004,"Drama,Romance"
7.3,90820,Caché,2005,"Drama,Mystery,Thriller"
7.8,8678,Innocent Voices,2004,"Drama,Thriller,War"
7.7,2487,Initial D: Third Stage,2001,"Action,Animation,Romance"
7.2,21351,It's All Gone Pete Tong,2004,"Biography,Comedy,Drama"
7.2,2597,Mickybo and Me,2004,"Comedy,Drama"
6.6,24263,King of California,2007,"Comedy,Drama"
7.0,1702,Or (My Treasure),2004,"Drama,Romance"
7.4,6816,Frozen Land,2005,Drama
6.7,2647,Red Dust,2004,Drama
7.0,3833,Schultze Gets the Blues,2003,"Comedy,Drama,Music"
6.7,1646,Jazzclub - Der frühe Vogel fängt den Wurm.,2004,"Comedy,Music"
7.8,55620,Tokyo Godfathers,2003,"Adventure,Animation,Comedy"
7.8,6597,Live and Become,2005,Drama
7.0,1708,The Light,2004,"Drama,Romance"
7.7,1531,The 7th Lie,2003,Thriller
7.0,2747,Accused,2005,Drama
7.2,18945,Born Into Brothels: Calcutta's Red Light Kids,2004,"Biography,Documentary,News"
7.7,420602,Brokeback Mountain,2005,"Drama,Romance"
6.8,5094,Clean,2004,"Drama,Music,Romance"
7.7,7071,Dig!,2004,"Documentary,Music"
7.4,36341,The Greatest Game Ever Played,2005,"Biography,Drama,Sport"
7.8,4792,Riding Giants,2004,"Biography,Documentary,History"
7.0,3292,Upper Egyptian in the American University,1998,Comedy
8.2,1551,Tie Xi Qu: West of the Tracks,2002,Documentary
7.7,84260,Black Book,2006,"Drama,Thriller,War"
6.6,202612,30 Days of Night,2007,"Horror,Thriller"
6.6,1855,Agnes and His Brothers,2004,"Comedy,Drama"
7.2,71180,Friday Night Lights,2004,"Action,Drama,Sport"
7.0,2041,Too Beautiful to Lie,2004,"Comedy,Romance"
7.3,2332,In the Realms of the Unreal,2004,"Biography,Documentary"
7.4,2930,Once Upon a Time in High School: The Spirit of Jeet Kune Do,2004,"Action,Drama,History"
7.4,37719,Maria Full of Grace,2004,"Crime,Drama"
7.1,4769,Overnight,2003,Documentary
6.7,122731,Primer,2004,"Drama,Sci-Fi,Thriller"
7.2,115443,Super Size Me,2004,Documentary
7.1,6906,Tarnation,2003,"Biography,Documentary"
6.8,14525,Waqt: The Race Against Time,2005,"Comedy,Drama,Family"
6.9,1773,Word Wars,2004,"Comedy,Documentary"
7.1,19556,36th Precinct,2004,"Action,Crime,Drama"
7.6,5376,Control Room,2004,Documentary
6.6,73810,A Lot Like Love,2005,"Comedy,Drama,Romance"
7.1,3067,Take Out,2004,Drama
6.7,9683,Mozart and the Whale,2005,"Comedy,Drama,Romance"
6.9,1989,Valley of Flowers,2006,"Adventure,Drama,Fantasy"
7.1,114426,Brick,2005,"Crime,Drama,Mystery"
7.4,194611,Coach Carter,2005,"Biography,Drama,Sport"
7.9,14984,Earth,2007,Documentary
7.8,8456,Simon,2004,"Comedy,Drama"
7.0,13711,The Ferpect Crime,2004,"Comedy,Crime,Thriller"
7.0,6285,My Little Bride,2004,"Comedy,Drama,Romance"
8.1,393993,Hotel Rwanda,2004,"Biography,Drama,History"
7.1,2301,Unconscious,2004,"Comedy,Mystery,Romance"
7.5,4199,Bab'Aziz: The Prince That Contemplated His Soul,2005,Drama
7.1,1900,The Last Trapper,2004,"Adventure,Documentary,Drama"
6.7,111643,The Devil's Rejects,2005,"Crime,Drama,Horror"
7.4,1696,Yusuf and Kenan,1979,Drama
7.3,47875,North Country,2005,Drama
7.5,280395,Perfume: The Story of a Murderer,2006,"Crime,Drama,Fantasy"
7.3,30022,Pusher II,2004,"Action,Crime,Drama"
7.0,401131,Wedding Crashers,2005,"Comedy,Romance"
6.8,123086,Meet the Robinsons,2007,"Adventure,Animation,Comedy"
7.6,2624,InuYasha the Movie 3: Swords of an Honorable Ruler,2003,"Action,Adventure,Animation"
6.6,7639,The King,2005,"Drama,Thriller"
7.2,2778,Muxmäuschenstill,2004,"Comedy,Drama"
6.6,92432,Nanny McPhee,2005,"Comedy,Family,Fantasy"
6.6,2086,First Love,2004,"Drama,Horror,Romance"
8.2,1711,A Breath,2004,Drama
7.3,72038,Eight Below,2006,"Adventure,Drama,Family"
7.3,173799,Memoirs of a Geisha,2005,"Drama,Romance"
7.0,14520,Samaritan Girl,2004,Drama
6.8,250358,Bolt,2008,"Adventure,Animation,Comedy"
6.6,79270,Derailed,2005,"Crime,Drama,Thriller"
7.7,551545,Tangled,2010,"Adventure,Animation,Comedy"
7.2,193667,Bridge to Terabithia,2007,"Drama,Family,Fantasy"
7.4,20853,The Consequences of Love,2004,"Crime,Drama,Romance"
6.7,2513,Dorian Blues,2004,"Comedy,Drama,Romance"
7.9,2604,My Girl,2003,"Comedy,Romance"
7.3,18977,Trade,2007,"Crime,Drama,Thriller"
7.4,276146,A History of Violence,2005,"Action,Crime,Drama"
6.8,343711,The Island,2005,"Action,Sci-Fi,Thriller"
7.6,361659,Lord of War,2005,"Crime,Drama"
7.0,1655,Cell Phone,2003,"Comedy,Drama"
6.8,5671,End of the Spear,2005,"Adventure,Biography,Drama"
8.4,26429,Black Friday,2004,"Action,Crime,Drama"
6.7,3288,The Exiles,2004,"Adventure,Drama,Music"
7.4,1665,Vettam,2004,"Comedy,Romance"
7.1,1854,Quill: The Life of a Guide Dog,2004,Drama
7.8,35262,C.R.A.Z.Y.,2005,"Comedy,Drama"
6.9,19047,Appleseed,2004,"Action,Adventure,Animation"
7.2,3387,Beautiful Boxer,2003,"Action,Biography,Drama"
8.0,113117,The Diving Bell and the Butterfly,2007,"Biography,Drama"
6.9,107725,A Good Year,2006,"Comedy,Drama,Romance"
6.9,2038,Up and Down,2004,"Comedy,Drama"
7.2,76587,"Paris, Je T'aime",2006,"Comedy,Drama,Romance"
6.6,300632,John Carter,2012,"Action,Adventure,Sci-Fi"
8.0,822964,Sin City,2005,"Crime,Thriller"
6.7,218862,Underworld: Evolution,2006,"Action,Fantasy,Thriller"
7.0,64058,Breach,2007,"Biography,Crime,Drama"
7.8,10106,Ab Tak Chhappan,2004,"Crime,Drama"
6.8,1625,After Midnight,2004,"Comedy,Romance"
6.7,94084,The New World,2005,"Biography,Drama,History"
7.3,4852,Ivko's Feast,2005,Comedy
7.3,2439,Czech Dream,2004,"Comedy,Documentary"
6.8,2934,Angels in Fast Motion,2005,"Crime,Drama,Romance"
7.4,61548,Everything Is Illuminated,2005,"Comedy,Drama"
6.7,150219,The Exorcism of Emily Rose,2005,"Drama,Horror,Thriller"
7.5,122434,Little Children,2006,"Drama,Romance"
7.3,107252,Running Scared,2006,"Action,Crime,Drama"
8.4,445852,The Lives of Others,2006,"Drama,Mystery,Thriller"
7.2,5151,Mom's Guest,2004,"Comedy,Drama"
8.1,771121,Million Dollar Baby,2004,"Drama,Sport"
7.7,6010,Raincoat,2004,"Drama,Romance"
7.0,122360,A Scanner Darkly,2006,"Animation,Comedy,Crime"
6.8,9742,Rudo y Cursi,2008,"Comedy,Drama,Sport"
7.4,2405,Ömer the Tourist,1964,"Comedy,Drama"
7.1,506094,The 40-Year-Old Virgin,2005,"Comedy,Romance"
8.1,127154,Rang De Basanti,2006,"Comedy,Crime,Drama"
6.9,3043,Aaltra,2004,"Comedy,Drama"
7.1,11654,Barefoot,2005,"Comedy,Drama,Romance"
6.7,2956,The Bridesmaid,2004,"Drama,Romance,Thriller"
7.2,1823,Loggerheads,2005,Drama
7.1,1598,Something Like Happiness,2005,Drama
7.2,8860,"The Prize Winner of Defiance, Ohio",2005,"Biography,Drama"
6.8,19646,The Chumscrubber,2005,"Comedy,Drama"
6.9,103839,The Guardian,2006,"Adventure,Drama"
7.1,4161,Lunacy,2005,"Animation,Comedy,Drama"
7.2,5133,Duck Season,2004,"Comedy,Drama"
7.3,43387,Transamerica,2005,"Adventure,Comedy,Drama"
6.6,511589,War of the Worlds,2005,"Action,Adventure,Sci-Fi"
7.2,5436,Hana & Alice,2004,"Comedy,Drama,Romance"
8.5,1570778,The Departed,2006,"Crime,Drama,Thriller"
7.5,10199,Everything About Mustafa,2004,"Drama,Thriller"
7.2,1815,Wrong Side Up,2005,"Comedy,Drama"
7.6,2301,Shankar Dada MBBS,2004,Comedy
7.3,408425,Sweeney Todd: The Demon Barber of Fleet Street,2007,"Drama,Horror,Musical"
7.5,255035,Munich,2005,"Drama,History,Thriller"
7.1,3563,Dark Horse,2005,"Comedy,Drama,Romance"
8.0,35869,Nobody Knows,2004,Drama
7.4,33141,The Edukators,2004,"Drama,Romance"
6.6,43152,Last Holiday,2006,"Comedy,Drama,Romance"
7.1,8059,Windstruck,2004,"Comedy,Crime,Drama"
6.9,21992,Russian Dolls,2005,"Comedy,Drama,Romance"
7.6,614653,Watchmen,2009,"Action,Drama,Mystery"
7.3,45772,Hustle & Flow,2005,"Crime,Drama,Music"
6.8,166263,The Lake House,2006,"Drama,Fantasy,Romance"
7.4,13620,Where's Firuze?,2004,"Comedy,Music"
6.9,3521,On a Clear Day,2005,"Comedy,Drama,Romance"
6.8,19730,Taxidermia,2006,"Comedy,Horror"
7.4,4438,All the Invisible Children,2005,Drama
7.2,26607,Breakfast on Pluto,2005,"Comedy,Drama"
7.2,21708,The Beat That My Heart Skipped,2005,"Crime,Drama,Music"
7.4,32553,Mesrine: Public Enemy No. 1,2008,"Action,Biography,Crime"
7.9,5632,Hazaaron Khwaishein Aisi,2003,Drama
7.0,299898,Hellboy II: The Golden Army,2008,"Action,Adventure,Fantasy"
7.0,1555,Mondovino,2004,Documentary
7.0,2022,The Ninth Day,2004,"Drama,Thriller,War"
7.1,110598,Broken Flowers,2005,"Comedy,Drama,Mystery"
7.7,64431,The World's Fastest Indian,2005,"Biography,Drama,Sport"
7.1,3182,Being Cyrus,2005,"Drama,Thriller"
6.6,14351,Brideshead Revisited,2008,"Drama,Romance"
6.8,3538,Café Lumière,2003,Drama
7.1,2060,Off Beat,2004,"Drama,Romance"
7.4,26072,Little Manhattan,2005,"Comedy,Family,Romance"
7.0,17146,Mrs. Henderson Presents,2005,"Comedy,Drama,Music"
8.3,1838,Unforgivable Blackness: The Rise and Fall of Jack Johnson,2004,"Biography,Documentary,Sport"
7.6,8025,The Taste of Tea,2004,"Comedy,Fantasy"
6.8,78390,Elizabeth: The Golden Age,2007,"Biography,Drama,History"
7.0,2159,Chinaman,2005,"Comedy,Drama,Romance"
7.8,381303,Pride & Prejudice,2005,"Drama,Romance"
6.9,2161,Balas & Bolinhos - O Regresso,2004,"Adventure,Comedy,Crime"
7.1,78004,District B13,2004,"Action,Crime,Sci-Fi"
6.7,6242,Breaking News,2004,"Action,Crime,Drama"
7.1,259143,The Fountain,2006,"Drama,Mystery,Romance"
7.0,4983,The Man from London,2007,"Crime,Drama,Mystery"
6.6,215955,Talladega Nights: The Ballad of Ricky Bobby,2006,"Comedy,Sport"
6.9,2984,Throw Down,2004,Drama
7.1,4430,Alyosha Popovich and Tugarin Zmey,2004,"Adventure,Animation,Comedy"
7.3,4755,The Willow Tree,2005,Drama
6.7,5543,Lemming,2005,"Drama,Mystery,Thriller"
6.7,21509,Martian Child,2007,"Comedy,Drama,Family"
7.2,38753,Me and You and Everyone We Know,2005,"Comedy,Drama"
7.2,51676,Mongol: The Rise of Genghis Khan,2007,"Action,Biography,Drama"
6.7,21837,Resurrecting the Champ,2007,"Drama,Sport"
7.2,29923,The Secret Life of Bees,2008,Drama
7.2,9310,Kamikaze Girls,2004,Comedy
7.1,2094,A Driver for Vera,2004,Drama
7.6,239998,Match Point,2005,"Drama,Romance,Thriller"
6.7,2927,Go for Zucker,2004,"Comedy,Drama"
7.6,919131,300,2006,"Action,Drama"
6.9,4391,Fighter in the Wind,2004,"Action,Biography,Drama"
7.0,68586,Becoming Jane,2007,"Biography,Drama,Romance"
7.2,4352,Under Construction,2003,"Comedy,Crime,Drama"
7.3,2532,"Josee, the Tiger and the Fish",2003,"Drama,Romance"
8.4,24646,The Lizard,2004,"Comedy,Drama"
6.6,3198,Meu Tio Matou um Cara,2004,"Adventure,Comedy"
7.6,4400,Moolaadé,2003,Drama
7.4,2850,Nerukku Ner,1997,"Action,Drama,Romance"
7.1,9595,Time to Leave,2005,Drama
7.3,4164,Tito,2004,"Action,Crime,Drama"
7.1,3001,Villain,2002,"Action,Drama,Thriller"
6.7,3668,Vital,2004,"Drama,Thriller"
7.4,7859,12 and Holding,2005,Drama
7.0,22621,9th Company,2005,"Action,Drama,History"
6.6,15705,Factotum,2005,"Comedy,Drama,Romance"
7.6,667409,Harry Potter and the Half-Blood Prince,2009,"Adventure,Family,Fantasy"
7.7,16746,Rory O'Shea Was Here,2004,"Comedy,Drama"
7.5,6329,Outfoxed: Rupert Murdoch's War on Journalism,2004,Documentary
7.2,10242,Romanzo Criminale,2005,"Crime,Drama"
6.9,2956,Tickets,2005,"Comedy,Drama"
7.1,724023,Transformers,2007,"Action,Adventure,Sci-Fi"
6.7,19110,Mujhse Shaadi Karogi,2004,"Comedy,Romance"
7.7,59700,Adam's Apples,2005,"Comedy,Crime,Drama"
6.6,11777,Aitraaz,2004,"Drama,Romance,Thriller"
6.9,14843,Dreamer,2005,"Drama,Family,Sport"
7.1,134893,Flags of Our Fathers,2006,"Action,Adventure,Drama"
6.7,7265,Inside Deep Throat,2005,"Biography,Documentary,History"
7.0,226463,Jarhead,2005,"Biography,Drama,War"
6.9,24042,Junebug,2005,"Comedy,Drama"
7.4,32631,Phir Hera Pheri,2006,"Comedy,Crime"
6.7,2897,Princess,2006,"Action,Animation,Drama"
7.0,14870,The Tiger and the Snow,2005,"Comedy,Drama,Romance"
6.7,3450,Wah-Wah,2005,"Comedy,Drama"
7.5,2597,Yesterday,2004,Drama
7.3,43414,The Three Burials of Melquiades Estrada,2005,"Adventure,Crime,Drama"
6.6,2984,Abu Ali,2005,"Action,Comedy,Romance"
7.1,3432,Adam & Paul,2004,"Comedy,Drama"
6.8,1724,The Best of Times,2004,Drama
7.3,3736,American Hardcore,2006,"Documentary,History,Music"
6.7,1631,I Love Cinema,2004,"Comedy,Drama"
7.0,2240,Blood and Bones,2004,Drama
7.5,63658,Dead Man's Shoes,2004,"Crime,Drama,Thriller"
7.0,38190,Find Me Guilty,2006,"Biography,Comedy,Crime"
6.8,1732,Ghosts,2005,Drama
8.3,6830,Graves End,2005,"Mystery,Thriller"
6.6,2578,Hamam in Amersterdam,1999,"Comedy,Drama"
7.5,85479,The Kite Runner,2007,Drama
6.7,7390,Nine Lives,2005,Drama
6.7,24636,A Prairie Home Companion,2006,"Comedy,Drama,Music"
7.2,15058,Summer Storm,2004,"Comedy,Drama,Romance"
7.5,246435,Stranger Than Fiction,2006,"Comedy,Drama,Fantasy"
7.4,1794,A Wonderful Night in Split,2004,"Crime,Drama,Romance"
6.9,22063,Three... Extremes,2004,Horror
7.2,5314,Tony Takitani,2004,Drama
6.8,6088,Keane,2004,"Drama,Mystery,Thriller"
6.8,48288,The Stanford Prison Experiment,2015,"Biography,Drama,History"
7.0,2315,Viruddh... Family Comes First,2005,"Drama,Family"
7.7,5300,The Wedding,2004,"Comedy,Drama"
7.8,67129,Veer Zaara,2004,"Drama,Family,Musical"
7.1,15827,The Aura,2005,"Crime,Drama,Thriller"
7.1,4569,Bombón: El Perro,2004,Drama
7.0,18962,Infamous,2006,"Biography,Crime,Drama"
7.6,12450,Shooting Dogs,2005,"Drama,History,War"
7.2,10822,Blind Man's Bluff,2005,"Comedy,Crime,Thriller"
6.8,129767,Street Kings,2008,"Action,Crime,Thriller"
7.6,72028,Control,2007,"Biography,Drama,Music"
6.9,83246,Gridiron Gang,2006,"Biography,Crime,Drama"
7.6,4755,Mrs Palfrey at the Claremont,2005,"Comedy,Drama"
7.3,58264,The Proposition,2005,"Crime,Drama,Western"
6.6,2021,20 Centimeters,2005,"Comedy,Musical"
7.3,7257,Istanbul Tales,2005,Drama
7.8,751882,The Curious Case of Benjamin Button,2008,"Drama,Fantasy,Romance"
6.8,39986,Imagine Me & You,2005,"Comedy,Drama,Romance"
7.3,9246,The Ax,2005,"Comedy,Crime,Drama"
6.7,24944,Dhoom,2004,"Action,Adventure,Crime"
8.2,19253,Ghilli,2004,"Action,Drama,Romance"
6.6,2324,The Intruder,2004,Drama
7.2,2407,Private Alexandria,2005,"Crime,Drama,Mystery"
7.2,6260,Music Within,2007,"Biography,Comedy,Drama"
7.2,2032,Pammal K. Sambandam,2002,Comedy
7.6,1864,White Nights,2003,"Drama,Romance"
6.6,12399,Sherrybaby,2006,Drama
7.1,3791,The World,2004,Drama
6.7,103689,Surf's Up,2007,"Adventure,Animation,Comedy"
7.4,3587,Syrian Bride,2004,"Comedy,Drama"
6.7,13688,Tristram Shandy,2005,Comedy
8.0,4380,Vasoolraja M.B.B.S,2004,"Comedy,Drama"
7.8,1519,Be Here to Love Me,2004,"Biography,Documentary,Music"
7.9,61658,3-Iron,2004,"Crime,Drama,Romance"
6.9,68396,Charlie Bartlett,2007,"Comedy,Drama,Romance"
7.4,5773,Darwin's Nightmare,2004,Documentary
6.6,150834,Flushed Away,2006,"Action,Adventure,Animation"
7.0,174964,Hard Candy,2005,"Drama,Thriller"
7.6,34446,Joyeux Noel,2005,"Drama,History,Music"
8.0,22885,Turtles Can Fly,2004,"Drama,War"
6.8,5235,Lila Says,2004,"Crime,Drama,Romance"
7.3,144914,Clerks II,2006,Comedy
7.2,4038,Crying Out Love in the Center of the World,2004,"Drama,Romance"
7.6,6947,Beautiful City,2004,"Drama,Romance"
7.8,3254,The Wild Parrots of Telegraph Hill,2003,Documentary
6.6,2419,Aboud on the Boarder,1999,Comedy
7.2,50025,Candy,2006,"Drama,Romance"
6.7,14492,Copying Beethoven,2006,"Biography,Drama,Music"
6.7,2625,Manslaughter,2005,"Crime,Drama"
8.0,4947,The Headmaster,2000,Comedy
7.1,2158,Emma's Bliss,2006,"Drama,Romance"
6.7,4966,Flywheel,2003,Drama
7.7,11170,Lovelorn,2005,Drama
6.6,1603,Heavens Fall,2006,"Crime,Drama"
7.8,571127,Hot Fuzz,2007,"Action,Comedy,Mystery"
6.7,127786,Just Like Heaven,2005,"Comedy,Drama,Fantasy"
8.2,3646,Kaazhcha,2004,Drama
7.7,340572,Lucky Number Slevin,2006,"Crime,Drama,Thriller"
7.3,3072,We Shall Overcome,2006,"Drama,Family"
7.5,8004,The Yacoubian Building,2006,Drama
7.0,12650,Outsourced,2006,"Comedy,Drama,Romance"
8.1,24737,Pardon,2005,"Comedy,Drama"
7.3,21335,Pusher III,2005,"Crime,Drama,Thriller"
7.2,9864,Dave Chappelle's Block Party,2005,"Comedy,Documentary,Music"
7.1,14232,Trailer Park Boys: The Movie,2006,"Comedy,Crime"
6.9,4779,Vinci,2004,"Comedy,Crime"
7.3,50588,Red Cliff,2008,"Action,Adventure,Drama"
6.6,2626,The Chinese Botanist's Daughters,2006,"Drama,Romance"
6.8,1524,The Intruder,2005,"Mystery,Thriller"
7.3,2209,Ushpizin,2004,Drama
7.6,29969,Sophie Scholl: The Final Days,2005,"Biography,Crime,Drama"
6.9,112121,Alpha Dog,2006,"Biography,Crime,Drama"
7.4,115117,August Rush,2007,"Drama,Music"
7.5,66746,The Great Debaters,2007,"Biography,Drama,Romance"
7.7,68180,Grizzly Man,2005,"Biography,Documentary"
6.7,146460,Hairspray,2007,"Comedy,Drama,Musical"
7.0,4974,"Hawaii, Oslo",2004,Drama
6.9,62320,The Lookout,2007,"Crime,Drama,Thriller"
7.1,12973,The Method,2005,"Drama,Thriller"
7.5,236486,Thank You for Smoking,2005,"Comedy,Drama"
7.0,40505,The Protector,2005,"Action,Crime,Drama"
7.1,4436,Sweet Land,2005,"Drama,Romance"
7.6,7034,Toss-Up,2004,Drama
6.6,2167,Côte d'Azur,2005,"Comedy,Musical,Romance"
7.7,3308,The Cutting Edge: The Magic of Movie Editing,2004,"Documentary,History"
7.5,62500,March of the Penguins,2005,"Documentary,Family"
6.6,5964,The Moustache,2005,"Drama,Mystery"
8.1,27480,A Moment to Remember,2004,"Drama,Romance"
6.9,1503,"Oh, Moon!",1988,Drama
6.7,278122,The A-Team,2010,"Action,Adventure,Crime"
6.6,16270,The Business,2005,"Crime,Drama,Thriller"
6.7,5526,The Caiman,2006,"Comedy,Drama,Romance"
6.8,170475,Four Brothers,2005,"Action,Crime,Drama"
6.7,2659,Hell,2005,Drama
7.5,1679,Muhammad: The Last Prophet,2002,"Animation,Biography,Drama"
7.4,13720,The Secret Life of Words,2005,"Drama,Romance"
7.4,10532,Survive Style 5+,2004,"Comedy,Fantasy,Horror"
7.9,2768,Udayananu Tharam,2005,Comedy
7.0,2983,One Nite in Mongkok,2004,"Crime,Drama"
7.3,1798,Aurore,2005,Drama
6.8,253040,Role Models,2008,Comedy
7.0,137959,The Kingdom,2007,"Action,Drama,Thriller"
6.7,4978,Lassie,2005,"Adventure,Comedy,Drama"
7.0,226530,P.S. I Love You,2007,"Comedy,Drama,Romance"
7.8,9227,Arya,2004,"Action,Comedy,Drama"
6.9,2791,The Young Lieutenant,2005,"Crime,Drama"
7.6,18906,Sarkar,2005,"Crime,Drama"
7.9,308895,Fantastic Mr. Fox,2009,"Adventure,Animation,Comedy"
7.5,3819,The Cave of the Yellow Dog,2005,"Drama,Family"
6.6,299220,Saw II,2005,"Horror,Mystery"
6.7,4372,Murk,2005,"Drama,Mystery,Thriller"
7.1,383350,Real Steel,2011,"Action,Drama,Sci-Fi"
6.8,6091,Boy Culture,2006,"Drama,Romance"
7.4,105587,"Good Night, and Good Luck.",2005,"Biography,Drama,History"
6.8,71076,Harsh Times,2005,"Action,Crime,Drama"
7.5,23072,The Namesake,2006,Drama
7.5,2566,Parzania,2005,"Drama,History"
6.8,1591,Night Run,2006,"Crime,Drama,Thriller"
7.1,12489,Election,2005,"Crime,Drama,Thriller"
7.1,22952,Kinky Boots,2005,"Comedy,Drama,Music"
7.0,6019,Princesses,2005,Drama
6.7,2902,Tapas,2005,"Comedy,Drama"
8.1,1253187,V for Vendetta,2005,"Action,Drama,Sci-Fi"
7.6,6400,Swing Girls,2004,"Comedy,Drama,Music"
6.9,13605,Conversations with Other Women,2005,"Comedy,Drama,Romance"
7.2,275757,The Descent,2005,"Adventure,Horror,Thriller"
7.3,38498,Keith,2008,"Drama,Romance"
6.7,20393,Kidulthood,2006,"Crime,Drama,Romance"
8.3,985720,Toy Story 3,2010,"Adventure,Animation,Comedy"
7.5,5288,The White Diamond,2004,Documentary
7.9,11018,The Devil and Daniel Johnston,2005,"Biography,Documentary,Music"
6.7,6399,The Uninvited Guest,2004,"Drama,Mystery,Thriller"
7.1,1792,Not Here to Be Loved,2005,"Comedy,Drama,Romance"
6.7,2515,Ma vie en l'air,2005,"Comedy,Romance"
7.7,10816,Murderball,2005,"Documentary,Sport"
7.7,1907,New York Doll,2005,"Documentary,Music"
7.3,120039,The Queen,2006,"Biography,Drama"
7.1,3450,Rize,2005,"Documentary,Music"
7.1,3486,Tulpan,2008,"Comedy,Drama"
8.0,10518,Why We Fight,2005,"Documentary,History,War"
7.3,326169,Alita: Battle Angel,2019,"Action,Adventure,Sci-Fi"
6.6,1705,East Side Story,2006,"Comedy,Romance"
6.7,11120,Catch a Fire,2006,"Biography,Drama,History"
7.1,11110,Hulchul,2004,"Action,Comedy,Drama"
7.2,10128,Parineeta,2005,"Drama,Musical,Romance"
7.3,5891,Riding Alone for Thousands of Miles,2005,Drama
6.6,15852,Something New,2006,"Comedy,Drama,Romance"
7.4,22942,Akeelah and the Bee,2006,"Drama,Family"
6.7,27286,Behind the Mask: The Rise of Leslie Vernon,2006,"Comedy,Horror,Thriller"
6.8,320879,Ice Age: The Meltdown,2006,"Adventure,Animation,Comedy"
7.4,3612,Mad Hot Ballroom,2005,"Documentary,Family,Music"
7.2,31743,Peaceful Warrior,2006,"Drama,Romance,Sport"
7.1,12518,Goodbye Bafana,2007,"Biography,Drama,History"
7.3,4337,Azur & Asmar: The Princes' Quest,2006,"Adventure,Animation,Family"
7.9,3431,7/G Rainbow Colony,2004,"Drama,Musical,Romance"
7.1,4969,Dead Leaves,2004,"Action,Adventure,Animation"
6.9,7176,Two Sons of Francisco,2005,"Biography,Drama,Music"
6.6,250764,The Flash,2023,"Action,Adventure,Fantasy"
6.9,1787,The Ugly Swans,2006,"Drama,Mystery,Sci-Fi"
7.1,37279,Fanaa,2006,"Action,Drama,Romance"
7.3,3112,The Sun,2005,"Drama,History"
7.3,2822,Varsham,2004,"Action,Comedy,Romance"
7.2,5937,A World Without Thieves,2004,"Action,Crime,Drama"
7.0,54325,Shutter,2004,"Horror,Mystery,Thriller"
8.0,687221,The Bourne Ultimatum,2007,"Action,Mystery,Thriller"
6.6,33256,Dhoom 2,2006,"Action,Adventure,Crime"
7.1,2707,Habana Blues,2005,"Drama,Music"
7.6,1803,Joni's Promise,2005,"Adventure,Comedy,Drama"
6.8,4498,A Friend of Mine,2006,"Comedy,Drama"
7.6,587510,Kung Fu Panda,2008,"Action,Adventure,Animation"
6.8,16802,Danger Close,2019,"Action,Drama,War"
7.6,113456,Volver,2006,"Comedy,Drama"
7.8,5328,Be with You,2004,"Drama,Fantasy,Romance"
7.6,7651,The Hidden Blade,2004,"Drama,History,Romance"
7.3,4147,Varalaaru,2006,"Action,Drama"
7.3,286525,Lincoln,2012,"Biography,Drama,History"
6.6,158366,Vantage Point,2008,"Action,Drama,Thriller"
7.4,481700,Borat,2006,Comedy
7.3,3880,Brand Upon the Brain!,2006,"Comedy,Drama,Fantasy"
6.8,69341,Before We Go,2014,"Comedy,Drama,Romance"
6.6,81253,Dreamgirls,2006,"Drama,Musical"
7.5,406134,The Illusionist,2006,"Drama,Fantasy,Mystery"
7.5,205687,The Assassination of Jesse James by the Coward Robert Ford,2007,"Biography,Crime,Drama"
7.7,683360,Zodiac,2007,"Crime,Drama,Mystery"
7.3,7188,Page 3,2005,Drama
6.8,3158,Regular Lovers,2005,"Drama,Romance"
6.7,4622,Orchestra Seats,2006,"Comedy,Drama,Romance"
7.0,15669,Days of Glory,2006,"Drama,War"
6.8,38211,Keeping Mum,2005,"Comedy,Crime"
7.3,2059,Citizen Dog,2004,"Comedy,Fantasy,Romance"
6.6,2279,Mass,2004,"Action,Drama"
7.4,17067,"You, the Living",2007,"Comedy,Drama,Music"
6.9,1674,The President's Last Bang,2005,"Comedy,Drama,History"
7.4,24944,Paradise Now,2005,"Crime,Drama,Thriller"
7.2,3573,Salvador,2006,"Biography,Drama,History"
7.3,118067,Across the Universe,2007,"Drama,Fantasy,History"
7.0,79801,Invincible,2006,"Biography,Drama,Sport"
7.5,499625,Scott Pilgrim vs. the World,2010,"Action,Comedy,Fantasy"
6.6,27605,Take the Lead,2006,"Drama,Music"
7.5,81663,Fearless,2006,"Action,Biography,Drama"
6.6,11240,Driving Lessons,2006,"Comedy,Drama"
6.7,2046,Mutual Appreciation,2005,Comedy
7.4,100447,The Painted Veil,2006,"Drama,Romance"
7.4,1719,Punk: Attitude,2005,"Documentary,Music"
7.2,2055,A West Texas Children's Story,2007,"Drama,Romance"
7.3,3491,The Gamers: Dorkness Rising,2008,"Action,Adventure,Comedy"
7.9,3720,Tatar Ramazan,1990,Drama
6.6,1591,A Bird of the Air,2011,"Drama,Romance"
7.0,416920,Shazam!,2019,"Action,Adventure,Comedy"
7.4,13890,Snow Cake,2006,"Drama,Romance"
7.2,289581,Sunshine,2007,"Sci-Fi,Thriller"
7.6,2641,Marathon,2005,"Biography,Drama,Sport"
6.6,2419,April Snow,2005,"Drama,Romance"
6.6,213706,Puss in Boots,2011,"Action,Adventure,Animation"
7.8,563726,Little Miss Sunshine,2006,"Comedy,Drama"
7.2,750353,Pirates of the Caribbean: At World's End,2007,"Action,Adventure,Fantasy"
7.1,1513,loudQUIETloud: A Film About the Pixies,2006,"Documentary,Music"
7.4,330411,Babel,2006,Drama
7.7,8202,California Dreamin',2007,"Comedy,Drama,War"
6.6,11550,The Valet,2006,"Comedy,Drama"
7.2,8157,Chandramukhi,2005,"Action,Comedy,Drama"
7.6,17073,Ghajini,2005,"Action,Drama,Mystery"
7.5,36787,Jodhaa Akbar,2008,"Action,Drama,History"
7.6,2207,Red Like the Sky,2006,Drama
7.0,3409,The State Counsellor,2005,"Crime,Drama,Mystery"
7.5,94476,La Vie En Rose,2007,"Biography,Drama,Music"
6.6,139057,16 Blocks,2006,"Action,Drama,Thriller"
8.0,629413,Blood Diamond,2006,"Adventure,Drama,Thriller"
6.8,316425,1408,2007,"Fantasy,Horror,Mystery"
7.4,2121,Gallipoli,2005,"Documentary,History,War"
7.5,3418,The Italian,2005,Drama
6.7,3343,You Are So Beautiful,2005,"Comedy,Drama,Romance"
7.2,2673,The Comedians of Comedy,2005,"Comedy,Documentary"
6.8,159624,Horton Hears a Who!,2008,"Adventure,Animation,Comedy"
7.5,94152,Sympathy for Lady Vengeance,2005,"Crime,Drama,Thriller"
6.9,4412,Quinceañera,2006,Drama
7.7,2290,I'm Going to Tell You a Secret,2005,"Documentary,Music"
7.3,739445,Wonder Woman,2017,"Action,Adventure,Fantasy"
7.4,5653,Apaharan,2005,"Action,Crime,Drama"
6.6,2860,Funky Forest: The First Contact,2005,"Comedy,Fantasy"
6.6,14191,No Entry,2005,"Comedy,Drama,Musical"
7.4,8381,Socha Na Tha,2005,"Comedy,Drama,Romance"
7.6,2697,The Violin,2005,"Drama,Music"
7.7,12245,Mind Game,2004,"Adventure,Animation,Comedy"
7.1,1718,A Year Ago in Winter,2008,Drama
7.6,312770,Gone Baby Gone,2007,"Crime,Drama,Mystery"
7.1,166888,The Time Traveler's Wife,2009,"Drama,Fantasy,Romance"
7.1,8917,Dark Blue Almost Black,2006,"Comedy,Drama,Romance"
7.5,3789,Elsa & Fred,2005,"Comedy,Drama,Romance"
7.8,1566,Raam,2005,"Action,Crime,Drama"
7.4,8219,Sachien,2005,"Comedy,Drama,Romance"
7.7,1904,Dievu miskas,2005,"Biography,Drama,War"
7.1,347427,Deja Vu,2006,"Action,Crime,Sci-Fi"
6.7,13451,Snow Angels,2007,"Crime,Drama,Romance"
7.5,109495,42,2013,"Biography,Drama,Sport"
6.8,19518,Garam Masala,2005,"Comedy,Romance"
8.1,18483,Iqbal,2005,"Drama,Sport"
7.3,4966,The Aerial,2007,"Drama,Fantasy,Sci-Fi"
7.4,26646,Amazing Grace,2006,"Biography,Drama,History"
7.6,427617,Inside Man,2006,"Crime,Drama,Mystery"
7.9,704129,Life of Pi,2012,"Adventure,Drama,Fantasy"
6.8,2861,Perhaps Love,2005,"Drama,Musical,Romance"
8.0,628035,The Pursuit of Happyness,2006,"Biography,Drama"
6.8,6985,Requiem,2006,"Drama,Horror"
6.7,6891,Maradona by Kusturica,2008,"Documentary,Sport"
6.6,2037,Kirikou and the Wild Beasts,2005,"Adventure,Animation,Family"
6.7,14908,Aqua Teen Hunger Force Colon Movie Film for Theaters,2007,"Action,Adventure,Animation"
6.8,5122,The God Who Wasn't There,2005,"Biography,Documentary,History"
7.6,206777,The Last King of Scotland,2006,"Biography,Drama,History"
7.9,4400,Nuvvostanante Nenoddantana,2005,Romance
6.7,26896,The Hunting Party,2007,"Adventure,Comedy,Drama"
6.6,134145,Australia,2008,"Adventure,Drama,Romance"
7.9,8886,Vettaiyaadu Vilaiyaadu,2006,"Action,Crime,Drama"
6.9,2746,Black Irish,2007,Drama
7.3,470609,The Equalizer,2014,"Action,Crime,Thriller"
6.9,33319,Goya's Ghosts,2006,"Biography,Drama,History"
7.4,2734,Along the Ridge,2006,Drama
8.4,8121,Our Family,1975,"Comedy,Drama"
7.1,3123,The Night of the Sunflowers,2006,"Crime,Drama,Thriller"
6.7,2470,Train Man: Densha Otoko,2005,"Comedy,Romance"
6.8,6113,Dikkenek,2006,Comedy
8.0,53800,Lage Raho Munna Bhai,2006,"Comedy,Drama,Romance"
7.8,17076,The Death of Mr. Lazarescu,2005,"Comedy,Drama"
7.4,20176,The Child,2005,"Crime,Drama,Romance"
6.8,1845,Un mundo maravilloso,2006,"Comedy,Drama,Thriller"
7.1,12247,The Bow,2005,"Drama,Romance"
6.9,93651,Grandma's Boy,2006,Comedy
7.5,47758,A Bittersweet Life,2005,"Action,Crime,Drama"
7.2,3240,Crying Fist,2005,"Action,Drama,Sport"
7.3,1777,Midnight Movies: From the Margin to the Mainstream,2005,Documentary
8.2,751059,Pan's Labyrinth,2006,"Drama,Fantasy,War"
7.9,2163,Street Fight,2005,Documentary
6.6,90927,Scoop,2006,"Comedy,Crime,Fantasy"
6.7,31186,Fido,2006,"Comedy,Drama,Horror"
7.6,39412,After the Wedding,2006,Drama
7.3,2306,The Blue Umbrella,2005,"Comedy,Drama,Family"
7.0,369794,The Holiday,2006,"Comedy,Romance"
8.2,4585,Paruthiveeran,2007,"Drama,Romance"
6.8,8945,Lights in the Dusk,2006,"Crime,Drama"
6.9,980235,Captain America: The First Avenger,2011,"Action,Adventure,Sci-Fi"
7.0,567759,The Devil Wears Prada,2006,"Comedy,Drama"
7.0,2226,McLibel,2005,Documentary
6.7,9484,Pope Joan,2009,"Drama,History,Romance"
7.3,2446,Alice,2005,Drama
7.0,6790,Import Export,2007,Drama
7.8,7838,Crossing the Bridge: The Sound of Istanbul,2005,"Documentary,History,Music"
7.3,1899,"Gandhi, My Father",2007,"Biography,Drama,History"
7.2,1854,M. Kumaran S/O Mahalakshmi,2004,
6.9,2227,Pitbull,2005,"Action,Crime,Drama"
8.4,9753,Pudhu Pettai,2006,"Action,Crime,Drama"
6.9,6420,Three Times,2005,"Drama,Romance"
6.7,4746,Generation P,2011,"Comedy,Drama,Sci-Fi"
6.7,4985,Lady Chatterley,2006,"Drama,Romance"
7.9,1666,Aithe,2003,"Action,Adventure,Drama"
6.8,1894,Colossal Youth,2006,Drama
6.6,1656,The Last Train,2006,"Drama,War"
7.6,5633,The Rocket,2005,"Biography,Drama,Sport"
7.1,95159,Cashback,2006,"Comedy,Drama,Romance"
6.6,35214,Chaos Theory,2007,"Comedy,Drama,Romance"
7.8,3444,Deep Water,2006,"Documentary,History,Sport"
7.8,130734,The Fall,2006,"Adventure,Drama,Fantasy"
6.9,8664,Griffin & Phoenix,2006,"Comedy,Drama,Romance"
6.8,69670,Inland Empire,2006,"Drama,Fantasy,Mystery"
7.5,59523,The Wind That Shakes the Barley,2006,"Drama,War"
7.3,7708,Four Minutes,2006,"Drama,Music"
7.1,226352,Enchanted,2007,"Adventure,Animation,Comedy"
6.9,2377,Tale of Cinema,2005,Drama
7.2,44876,Don,2006,"Action,Crime,Thriller"
6.6,4472,"Romulus, My Father",2007,"Biography,Drama"
6.9,69198,Black Snake Moan,2006,"Drama,Music"
7.5,197510,Grindhouse,2007,"Horror,Thriller"
6.6,17769,The Hoax,2006,"Biography,Comedy,Drama"
8.1,1518,Amazing Journey: The Story of the Who,2007,"Documentary,Music"
7.4,6044,Pierrepoint: The Last Hangman,2005,"Biography,Crime,Drama"
7.0,257912,Rambo,2008,"Action,Thriller"
7.2,117170,Rescue Dawn,2006,"Adventure,Biography,War"
7.3,364796,The Simpsons Movie,2007,"Adventure,Animation,Comedy"
7.5,7986,On Probation,2005,"Action,Comedy,Crime"
6.6,2923,Transylvania,2006,Drama
7.3,1831,Naran,2005,"Action,Thriller"
6.8,367012,28 Weeks Later,2007,"Horror,Sci-Fi"
7.0,1811,Be with Me,2005,"Drama,Romance"
7.6,93380,Freedom Writers,2007,"Biography,Crime,Drama"
7.2,7189,Grbavica,2006,Drama
6.6,2065,Hana,2006,"Comedy,Drama"
6.8,22452,The History Boys,2006,"Comedy,Drama,Romance"
7.1,4640,Sillunu Oru Kaadhal,2006,"Drama,Romance"
7.0,3921,Man Push Cart,2005,Drama
7.2,3332,Manmadhan,2004,"Crime,Romance,Thriller"
7.4,171393,The Orphanage,2007,"Drama,Horror,Mystery"
7.1,16065,Chup Chup Ke,2006,"Comedy,Drama,Romance"
6.8,1598,Innocent Steps,2005,"Comedy,Drama,Music"
7.0,25515,"OSS 117: Cairo, Nest of Spies",2006,"Action,Adventure,Comedy"
7.4,1967,White Palms,2006,"Drama,Sport"
6.8,5334,Golden Door,2006,"Drama,History,Romance"
7.2,184836,Michael Clayton,2007,"Crime,Drama,Mystery"
7.4,89748,Notes on a Scandal,2006,"Crime,Drama,Romance"
6.6,159661,Shoot 'Em Up,2007,"Action,Comedy,Thriller"
7.0,3418,Dobrinya and the Dragon,2006,"Adventure,Animation,Comedy"
7.1,1845,Pyl,2005,"Comedy,Drama,Sci-Fi"
6.9,5366,Ten Canoes,2006,"Adventure,Comedy,Drama"
8.2,27402,Khosla Ka Ghosla!,2006,"Comedy,Crime,Drama"
7.6,7212,The Border Post,2006,"Comedy,Drama"
6.9,13665,Hallam Foe,2007,"Drama,Mystery,Romance"
7.4,2977,Sye,2004,"Action,Drama,Sport"
6.7,127559,The Other Boleyn Girl,2008,"Biography,Drama,History"
7.4,574421,Juno,2007,"Comedy,Drama"
7.4,11710,The Road to Guantanamo,2006,"Drama,War"
7.1,96382,Half Nelson,2006,Drama
7.1,144116,The Host,2006,"Drama,Horror,Sci-Fi"
6.8,10092,Old Joy,2006,Drama
7.2,32438,Tsotsi,2005,"Crime,Drama"
9.1,3209717,The Dark Knight,2008,"Crime,Thriller"
7.0,8357,Love Is All,2007,"Comedy,Romance"
7.4,6993,Daisy,2006,"Action,Adventure,Drama"
7.5,6156,Linda Linda Linda,2005,"Comedy,Drama,Music"
7.0,5475,Noriko's Dinner Table,2005,"Drama,Horror"
6.9,34285,Alan Partridge,2013,"Action,Comedy,Crime"
6.6,5528,Shanghai Kiss,2007,"Comedy,Drama,Romance"
8.2,716020,There Will Be Blood,2007,Drama
7.1,30752,Things We Lost in the Fire,2007,Drama
6.7,1767,Turist Ömer: Yamyamlar Arasinda,1970,Comedy
6.6,13487,The Boss of It All,2006,Comedy
7.5,3588,What Will Happen Now,1979,"Comedy,Romance"
7.2,23692,The Express,2008,"Biography,Drama,Sport"
7.7,643836,Ex Machina,2014,"Drama,Sci-Fi,Thriller"
7.4,37796,Magic Carpet Ride,2005,"Comedy,Crime"
6.8,14351,Red Road,2006,"Drama,Mystery,Thriller"
6.6,2133,Defenders of Riga,2007,"Action,Drama,History"
7.1,2003,What Is a Man Without a Moustache?,2005,"Comedy,Drama,Romance"
8.2,16482,Athadu,2005,"Action,Crime,Drama"
7.0,4420,Nana,2005,"Drama,Music,Romance"
7.0,158189,9,2009,"Action,Adventure,Animation"
7.9,362939,Apocalypto,2006,"Action,Adventure,Drama"
7.0,131119,Charlie Wilson's War,2007,"Biography,Comedy,Drama"
6.8,1889,Local Color,2006,Drama
6.7,4482,Pu-239,2006,Drama
6.7,69607,Penelope,2006,"Comedy,Fantasy,Romance"
6.7,48196,Notorious,2009,"Biography,Crime,Drama"
7.0,6408,The Flying Scotsman,2006,"Drama,Sport"
6.7,11284,Dumplings,2004,"Drama,Horror"
7.5,3968,Shake Hands with the Devil,2007,"Drama,History,War"
6.7,7676,2:37,2006,Drama
7.0,4657,The Perfect Game,2009,"Comedy,Drama,Family"
6.8,4627,Wal-Mart: The High Cost of Low Price,2005,Documentary
7.0,51420,Waitress,2007,"Comedy,Drama,Romance"
7.4,29647,Jaane Tu... Ya Jaane Na,2008,"Comedy,Drama,Romance"
7.0,47687,Curse of the Golden Flower,2006,"Action,Drama,Romance"
6.9,28704,A Guide to Recognizing Your Saints,2006,"Crime,Drama"
7.1,1798,Tangier,2006,"Crime,Drama"
7.9,1982,Anukokunda Oka Roju,2005,"Mystery,Thriller"
7.2,2210,Inuyasha the Movie 4: Fire on the Mystic Island,2004,"Action,Adventure,Animation"
7.7,3429,Neil Young: Heart of Gold,2006,"Documentary,Music"
7.2,2146,Satanas,2007,"Crime,Drama"
7.1,167097,State of Play,2009,"Crime,Drama,Mystery"
7.1,1645,Sons,2006,Drama
7.1,37541,Angel-A,2005,"Comedy,Drama,Fantasy"
6.8,1613,Family Law,2006,"Comedy,Drama"
7.3,18696,13 Tzameti,2005,"Crime,Drama,Thriller"
7.6,115948,United 93,2006,"Action,Drama,History"
7.0,3634,Tough Enough,2006,"Crime,Drama"
6.6,158356,Smokin' Aces,2006,"Action,Comedy,Crime"
7.2,3585,Sad Movie,2005,"Comedy,Drama,Romance"
6.8,13239,Shinobi: Heart Under Blade,2005,"Action,Drama,Fantasy"
6.6,5422,Thirupaachi,2005,"Action,Drama"
7.6,7941,Welcome to Dongmakgol,2005,"Comedy,Drama,War"
7.0,2367,Paraiso Travel,2008,Drama
6.8,1930,Madeinusa,2006,Drama
6.7,1585,Turist Ömer: Boga Güresçisi,1971,Comedy
6.8,4603,Glass Tiger 2,2006,Comedy
6.6,7098,Bluffmaster,2005,"Comedy,Crime,Drama"
7.2,5833,The Bubble,2006,"Comedy,Drama,Romance"
6.6,9553,Naruto the Movie: Ninja Clash in the Land of Snow,2004,"Action,Adventure,Animation"
6.9,3399,Waiter,2006,"Comedy,Drama"
6.7,2712,Vaseegara,2003,"Comedy,Drama,Romance"
8.2,101816,My Father and My Son,2005,Drama
7.1,9371,Malamaal Weekly,2006,"Comedy,Drama,Romance"
6.9,2598,Skazany na bluesa,2005,"Biography,Drama,Music"
7.3,11468,Taxi No. 9 2 11: Nau Do Gyarah,2006,"Comedy,Drama,Thriller"
6.7,68042,The Brave One,2007,"Crime,Drama,Thriller"
6.8,6125,Were the World Mine,2008,"Adventure,Comedy,Fantasy"
6.8,220308,Unstoppable,2010,"Action,Thriller"
6.7,27143,Starter for 10,2006,"Comedy,Drama,Romance"
7.2,59948,Wristcutters: A Love Story,2006,"Comedy,Drama,Fantasy"
6.9,108166,Extremely Loud & Incredibly Close,2011,"Adventure,Drama,Mystery"
6.7,2251,It Doesn't Hurt Me,2006,"Drama,Romance"
8.2,1206681,No Country for Old Men,2007,"Crime,Drama,Thriller"
7.3,2255,Border Café,2005,"Drama,Romance"
7.3,4949,Syndromes and a Century,2006,Drama
7.7,2655,Sehar,2005,"Action,Crime,Drama"
6.9,3288,Summer in Berlin,2005,Drama
6.9,14018,Kill Zone,2005,"Action,Crime,Thriller"
7.3,5764,The U.S. vs. John Lennon,2006,"Biography,Documentary,Music"
6.8,282408,21,2008,"Crime,Drama,Thriller"
7.1,77688,In the Valley of Elah,2007,"Crime,Drama,Mystery"
7.3,2664,Into Great Silence,2005,Documentary
6.8,2425,Leonard Cohen: I'm Your Man,2005,"Biography,Documentary,Music"
8.0,12929,Metal: A Headbanger's Journey,2005,"Documentary,Music"
6.8,193128,The Tree of Life,2011,"Drama,Fantasy"
6.9,401645,Knocked Up,2007,"Comedy,Romance"
7.5,2515,We Feed the World,2005,Documentary
7.9,1929,Workingman's Death,2005,Documentary
7.3,1778,Zizek!,2005,Documentary
6.8,5550,Those Happy Days,2006,Comedy
6.7,6933,I Do: How to Get Married and Stay Single,2006,"Comedy,Romance"
7.9,10998,The Trap,2007,"Crime,Drama,Thriller"
7.6,5373,Vitus,2006,"Drama,Music"
7.2,789696,Ant-Man,2015,"Action,Comedy,Sci-Fi"
7.1,9752,The Call of Cthulhu,2005,"Horror,Mystery"
6.6,1594,Dante's Inferno,2007,"Animation,Comedy"
6.8,2993,Crips and Bloods: Made in America,2008,"Crime,Documentary"
6.9,1971,Ghosts of Cité Soleil,2006,"Action,Documentary,Drama"
7.1,244923,Rocky Balboa,2006,"Drama,Sport"
6.7,6048,Special,2006,"Comedy,Drama,Sci-Fi"
7.0,1576,Crossing Borders,2006,"Comedy,Drama"
7.1,3837,Chronicle of an Escape,2006,"Crime,Drama,Thriller"
7.6,8816,Gonzo,2008,"Biography,Documentary,Music"
7.0,1687,The Blossoming of Maximo Oliveros,2005,Drama
6.9,7122,Promise Me This,2007,"Comedy,Romance"
6.6,36899,Seraphim Falls,2006,"Action,Drama,Thriller"
7.1,1724,Surfwise,2007,"Documentary,Sport"
6.7,13764,Bon Cop Bad Cop,2006,"Action,Comedy,Crime"
7.3,11649,Dasavatharam,2008,"Action,Adventure,Drama"
7.6,24118,Sivaji,2007,"Action,Crime,Drama"
6.9,278984,Crank,2006,"Action,Crime,Thriller"
6.8,3019,The Kautokeino Rebellion,2008,"Drama,History"
6.7,274048,Madagascar: Escape 2 Africa,2008,"Adventure,Animation,Comedy"
7.7,135848,This Is England,2006,"Crime,Drama"
6.9,2198,The Collector,2005,Drama
6.8,111512,Dan in Real Life,2007,"Comedy,Drama,Romance"
7.2,885263,I Am Legend,2007,"Drama,Horror,Sci-Fi"
6.8,14248,Interview,2007,Drama
6.8,3358,Pyaar Ke Side Effects,2006,"Comedy,Drama,Romance"
7.1,76324,Timecrimes,2007,"Horror,Mystery,Sci-Fi"
8.5,2570,Shyamol Chhaya,2004,Drama
7.1,254088,The Croods,2013,"Adventure,Animation,Comedy"
7.0,34400,Priceless,2006,"Comedy,Romance"
7.8,2945,Gentleman,1993,"Action,Drama,Thriller"
7.0,11297,Bella,2006,"Drama,Romance"
7.0,34082,Miss Potter,2006,"Biography,Drama,Romance"
8.5,1614872,The Prestige,2006,"Drama,Mystery,Sci-Fi"
6.6,65776,Pride and Glory,2008,"Crime,Drama,Thriller"
7.3,23446,The Ultimate Gift,2006,"Drama,Family,Romance"
7.2,2989,The Pope's Toilet,2007,"Comedy,Drama"
7.2,3073,Kamome Diner,2006,"Comedy,Drama"
7.8,3284,Rajamanikyam,2005,"Action,Comedy"
8.4,5503,Thanmathra,2005,Drama
7.7,4628,Love and Honor,2006,"Drama,History,Romance"
7.4,2960,"So Close, So Far",2005,Drama
7.3,11801,"Don't Worry, I'm Fine",2006,Drama
7.3,13017,Fullmetal Alchemist the Movie: Conqueror of Shamballa,2005,"Action,Adventure,Animation"
7.1,1579,Something Something... Unnakum Ennakum,2006,Romance
7.5,14468,Killing the Shadows,2006,"Comedy,Drama,History"
7.3,2849,"Main, Meri Patni... Aur Woh!",2005,"Comedy,Drama,Romance"
7.5,41128,The Secret of Kells,2009,"Adventure,Animation,Family"
6.7,35587,The Air I Breathe,2007,"Crime,Drama,Thriller"
6.6,4546,Battle of the Warriors,2006,"Action,Drama,War"
7.7,258792,Mr. Nobody,2009,"Drama,Fantasy,Romance"
6.6,17191,Rob-B-Hood,2006,"Action,Adventure,Comedy"
6.9,4730,Children of Glory,2006,"Drama,History,Romance"
7.4,29556,Jesus Camp,2006,Documentary
7.2,1669,Scott Walker: 30 Century Man,2006,"Biography,Documentary,Music"
7.0,4344,Fuck,2005,Documentary
7.6,300029,Stardust,2007,"Adventure,Fantasy,Romance"
6.8,275870,Disturbia,2007,"Crime,Drama,Mystery"
6.9,2949,The Witnesses,2007,"Drama,Romance"
7.4,8308,The Secret of the Grain,2007,Drama
7.0,7543,The Page Turner,2006,"Drama,Music,Thriller"
7.4,2000,Saviour Square,2006,Drama
6.7,33211,Big Nothing,2006,"Comedy,Crime,Thriller"
7.2,237868,Fracture,2007,"Crime,Drama,Thriller"
7.1,2802,My Girl and I,2005,"Comedy,Drama,Romance"
6.6,2242,Corporate,2006,Drama
7.5,3505,What's a Human Anyway,2004,Comedy
8.0,24119,Omkara,2006,"Action,Crime,Drama"
7.5,16014,12,2007,"Crime,Drama,Thriller"
6.9,1979,The Call of Wild,2006,"Documentary,Family"
7.2,30103,Welcome,2007,"Comedy,Crime,Drama"
8.1,2505,Hanuman,2005,"Action,Adventure,Animation"
7.7,2679,Always: Sunset on Third Street,2005,"Comedy,Drama,Family"
7.5,9686,The Banishment,2007,"Drama,Romance"
7.6,12946,Who Killed the Electric Car?,2006,Documentary
7.2,3771,Going to Pieces: The Rise and Fall of the Slasher Film,2006,"Documentary,Horror"
7.0,1754,Man in the Chair,2007,"Comedy,Drama"
7.2,1596,Once in a Lifetime: The Extraordinary Story of the New York Cosmos,2006,"Documentary,Sport"
7.1,13875,Venus,2006,"Comedy,Drama,Romance"
7.3,6072,Drained,2006,"Comedy,Drama"
6.6,35216,Shattered,2007,"Crime,Drama,Thriller"
6.9,8989,London to Brighton,2006,"Crime,Drama,Thriller"
7.4,105239,Reign Over Me,2007,Drama
6.7,8180,Sarkar Raj,2008,"Crime,Drama"
7.2,135507,Silence,2016,"Drama,History"
6.8,3445,A Secret,2007,"Drama,War"
6.6,7362,Dedication,2007,"Comedy,Drama,Romance"
6.7,3333,Sparrow,2008,"Drama,Romance"
7.4,7572,Election 2,2006,"Crime,Drama,Thriller"
7.5,23859,Away from Her,2006,Drama
7.1,4299,Happy,2006,"Comedy,Drama,Romance"
7.2,2933,The Wheel Horse,1982,"Comedy,Drama"
7.1,1704,Iraq in Fragments,2006,"Documentary,War"
6.7,1600,Little Red Flowers,2006,"Comedy,Drama"
7.4,2250,Thin,2006,Documentary
7.9,1791,An Unreasonable Man,2006,"Biography,Documentary"
7.4,3889,Wordplay,2006,Documentary
6.9,6898,Strange Circus,2005,"Drama,Horror,Mystery"
7.3,6347,The King and the Clown,2005,"Drama,History"
7.1,2943,My Suicide,2009,"Comedy,Drama"
7.2,6063,The 11th Hour,2007,Documentary
8.0,4579,Ashes and Snow,2005,"Documentary,Drama"
7.8,1551,The Great Happiness Space: Tale of an Osaka Love Thief,2006,Documentary
7.0,84195,Jackass Number Two,2006,"Action,Comedy,Documentary"
6.7,3277,Sixty Six,2006,"Biography,Comedy,Drama"
7.4,28912,This Film Is Not Yet Rated,2006,Documentary
6.7,430416,Wanted,2008,"Action,Crime,Thriller"
6.7,27740,Eagle vs Shark,2007,"Comedy,Romance"
7.4,16895,The Unknown Woman,2006,"Drama,Mystery,Thriller"
6.7,12275,Vivah,2006,"Drama,Family,Musical"
7.1,2943,The Baggy Trousers Case,1983,Comedy
7.9,7324,Sugar Pie Lady,1983,"Comedy,History,Musical"
7.2,9095,Gangster,2006,"Action,Crime,Drama"
7.5,21891,Golmaal: Fun Unlimited,2006,"Action,Comedy,Drama"
7.3,2618,The Art of Crying,2006,"Comedy,Drama"
6.8,2463,Dorm,2006,"Drama,Horror,Mystery"
7.8,5279,Seven and a Half,2006,"Comedy,Drama"
6.9,389314,Ocean's Thirteen,2007,"Crime,Thriller"
7.4,87115,An Inconvenient Truth,2006,Documentary
6.9,27503,"I'm a Cyborg, But That's OK",2006,"Comedy,Drama,Romance"
7.1,281959,Vicky Cristina Barcelona,2008,"Comedy,Drama,Romance"
6.7,2173,"Big Bang Love, Juvenile A",2006,"Drama,Fantasy"
7.3,11280,Gunda,1998,"Action,Comedy,Crime"
7.1,13364,Time,2006,"Drama,Mystery,Romance"
7.0,15319,Climates,2006,Drama
6.9,4263,Private Fears in Public Places,2006,"Drama,Romance"
7.1,2083,We Live in Public,2009,Documentary
7.8,177830,Letters from Iwo Jima,2006,"Action,Adventure,Drama"
6.8,97035,We Own the Night,2007,"Crime,Drama,Thriller"
7.1,2651,Detective Conan: The Private Eyes' Requiem,2006,"Action,Adventure,Animation"
7.0,1935,Summer Time Machine Blues,2005,"Comedy,Sci-Fi"
7.4,3435,The Free Will,2006,"Crime,Drama"
7.1,1548,Isabella,2006,Drama
7.4,14903,Takva: A Man's Fear of God,2006,Drama
7.6,5200,Oh Where,1975,"Comedy,Romance"
7.0,2182,Firefly,1975,"Comedy,Romance"
7.7,26399,Guru,2007,Drama
7.3,9632,Offside,2006,"Comedy,Drama,Sport"
7.9,1511292,Avatar,2009,"Action,Adventure,Fantasy"
6.9,4607,The Fox and the Child,2007,"Drama,Family"
7.8,220284,The Man from Earth,2007,"Drama,Fantasy,Mystery"
7.6,2012,Who Is Harry Nilsson (And Why Is Everybody Talkin' About Him?),2010,"Biography,Documentary,Music"
7.2,5579,A Millionaire's First Love,2006,"Drama,Romance"
6.7,5052,Beaufort,2007,"Action,Drama,War"
7.5,33505,Death Note,2006,"Crime,Drama,Fantasy"
6.7,254610,Love & Other Drugs,2010,"Comedy,Drama,Romance"
8.0,698302,Into the Wild,2007,"Adventure,Biography,Drama"
7.0,251614,Body of Lies,2008,"Action,Drama,Thriller"
6.9,3435,Starting Out in the Evening,2007,"Drama,Romance"
7.1,68137,We Are Marshall,2006,"Drama,Sport"
8.3,1949,American Zeitgeist,2006,Documentary
6.7,23905,He Was a Quiet Man,2007,"Drama,Romance,Thriller"
7.1,55537,Thirst,2009,"Drama,Fantasy,Horror"
7.2,8072,Irina Palm,2007,"Comedy,Drama"
7.8,5847,Jonestown: The Life and Death of Peoples Temple,2006,"Documentary,History"
7.2,2262,Maxed Out,2006,Documentary
6.8,12260,The Nativity Story,2006,"Adventure,Drama,Family"
7.1,175431,Brothers,2009,"Drama,Thriller,War"
6.6,58974,My Blueberry Nights,2007,"Drama,Romance"
7.7,10240,Oceans,2008,Documentary
7.8,491482,American Gangster,2007,"Biography,Crime,Drama"
7.3,41845,The Baader Meinhof Complex,2008,"Action,Biography,Crime"
7.6,278986,Eastern Promises,2007,"Crime,Drama,Thriller"
6.9,2790,Fugitive Pieces,2007,Drama
8.7,13136,Happy Days,1978,"Comedy,Drama"
7.6,2769,Our Daily Bread,2005,Documentary
7.0,2422,Hula Girls,2006,"Comedy,Drama"
7.8,9681,Memories of Matsuko,2006,"Comedy,Drama,Musical"
7.2,2902,The Sun Also Rises,2007,"Drama,Fantasy"
6.8,4035,Kabul Express,2006,"Adventure,Comedy,Drama"
8.4,40151,Samsara,2011,"Documentary,Music"
7.1,873648,Man of Steel,2013,"Action,Adventure,Sci-Fi"
7.1,4814,The Family Friend,2006,Drama
7.8,2661,America: Freedom to Fascism,2006,Documentary
6.7,9989,Grace Is Gone,2007,"Drama,War"
7.1,5296,Christmas Story,2007,"Drama,Family,Fantasy"
6.7,2187,Save Me,2007,"Drama,Romance"
7.4,37788,The Illusionist,2010,"Animation,Drama"
7.1,39911,The Savages,2007,"Comedy,Drama"
7.7,2016,A Crude Awakening: The Oil Crash,2006,Documentary
6.6,7132,My Best Friend,2006,Comedy
8.1,5234,Redhat and Cousin,1995,"Adventure,Comedy,Family"
7.4,5786,Grave Decisions,2006,"Comedy,Drama"
7.8,770932,Drive,2011,"Action,Drama"
7.1,67905,Everybody's Fine,2009,"Adventure,Drama"
6.7,28600,Flawless,2007,"Crime,Drama,Thriller"
7.2,189397,The Princess and the Frog,2009,"Adventure,Animation,Comedy"
7.7,1930,Get Thrashed: The Story of Thrash Metal,2006,"Documentary,History,Music"
7.9,496692,In Bruges,2008,"Comedy,Crime,Drama"
7.2,164200,Mr. Brooks,2007,"Crime,Drama,Mystery"
6.6,2183,Gone with the Woman,2007,"Comedy,Drama,Romance"
6.8,2505,The Rebel,2007,"Action,Drama,Romance"
7.4,1840,When Darkness Falls,2006,"Drama,Thriller"
7.0,2398,The Secrets,2007,"Drama,Romance"
7.8,332356,Atonement,2007,"Drama,Mystery,Romance"
7.5,2195,Getting Home,2007,"Comedy,Drama"
7.3,11111,Gangster's Paradise: Jerusalema,2008,"Action,Crime,Drama"
6.8,15528,The Last Full Measure,2019,"Drama,War"
6.9,2204,Love's Abiding Joy,2006,"Drama,Family,Western"
7.1,4781,The Attack,2012,"Crime,Drama,Mystery"
7.1,6475,Elvis and Anabelle,2007,"Drama,Romance"
6.8,65441,The Boxtrolls,2014,"Adventure,Animation,Comedy"
6.7,99968,Hot Rod,2007,"Comedy,Sport"
6.9,12351,Towelhead,2007,Drama
7.2,67357,The Man Who Knew Infinity,2015,"Biography,Drama"
7.9,551329,Dallas Buyers Club,2013,"Biography,Drama"
7.4,5073,The First Grader,2010,"Biography,Drama,Romance"
7.0,3029,Crazy Love,2007,"Documentary,Romance"
7.1,38703,The Messenger,2009,"Drama,Romance,War"
7.0,394137,Jack Reacher,2012,"Action,Thriller"
7.2,3956,Kurt Cobain About a Son,2006,"Documentary,Music"
6.7,3695,$9.99,2008,"Animation,Drama,Fantasy"
6.7,13013,Hunting and Gathering,2007,"Drama,Romance"
7.5,5330,Blame it on Fidel,2006,Drama
6.6,3332,Fear(s) of the Dark,2007,"Animation,Horror,Mystery"
6.8,2335,Sakuran,2006,"Drama,History"
7.6,1995,I Just Didn't Do It,2006,Drama
7.2,5084,Summer Palace,2006,"Drama,History,Romance"
7.2,2978,We're All Christs,2006,Drama
7.3,128727,Death at a Funeral,2007,Comedy
7.1,24357,Namastey London,2007,"Comedy,Drama,Romance"
7.0,14181,Winter in Wartime,2008,"Drama,History,War"
6.6,55538,Cassandra's Dream,2007,"Crime,Drama,Romance"
7.2,10398,Exiled,2006,"Action,Crime,Drama"
7.3,7992,Under the Same Moon,2007,"Adventure,Drama"
6.6,3863,A Dog's Breakfast,2007,"Comedy,Drama,Horror"
7.1,6794,Molière,2007,"Biography,Comedy"
7.9,640292,Star Trek,2009,"Action,Adventure,Sci-Fi"
7.3,10676,Talk to Me,2007,"Biography,Drama,History"
8.0,2203,Tatar Ramazan: Sürgünde,1992,Drama
7.2,12874,The Bridge,2006,"Documentary,Drama"
7.1,3300,How I Celebrated the End of the World,2006,Drama
6.7,4686,Electroma,2006,"Adventure,Drama,Sci-Fi"
7.1,321489,Forgetting Sarah Marshall,2008,"Comedy,Drama,Romance"
6.6,572805,The Incredible Hulk,2008,"Action,Sci-Fi"
7.5,4437,Joe Strummer: The Future Is Unwritten,2007,"Biography,Documentary,Music"
6.6,56801,Transsiberian,2008,"Crime,Drama,Mystery"
6.7,68314,Appaloosa,2008,"Crime,Drama,Romance"
7.0,61234,The Dirt,2019,"Biography,Comedy,Drama"
6.9,1503,May 18,2007,"Drama,History"
7.0,977410,Thor,2011,"Action,Fantasy"
7.4,15278,Life in a Metro,2007,"Comedy,Drama,Musical"
7.2,40112,An American Crime,2007,"Biography,Crime,Drama"
7.2,2263,Doraemon: Nobita's Dinosaur 2006,2006,"Adventure,Animation,Comedy"
7.1,3071,Linha de Passe,2008,"Drama,Sport"
7.3,21128,Red Dog,2011,"Biography,Comedy,Drama"
6.7,297367,Warcraft,2016,"Action,Adventure,Fantasy"
6.7,78174,Death Sentence,2007,"Action,Crime,Thriller"
7.1,152221,It's Kind of a Funny Story,2010,"Comedy,Drama,Romance"
7.3,1557,Rainbow Song,2006,"Drama,Romance"
6.8,60015,Rendition,2007,"Drama,Thriller"
6.8,17925,Bhagam Bhag,2006,"Comedy,Drama,Mystery"
7.8,2122,Marilena from P7,2006,"Drama,Fantasy"
7.3,169874,Lars and the Real Girl,2007,"Comedy,Drama,Romance"
6.8,5767,Jar City,2006,"Crime,Drama,Mystery"
7.0,1694,Saint Seiya: Heaven Chapter - Overture,2004,"Animation,Fantasy"
6.9,7215,Farewell,2009,"Drama,Romance,Thriller"
6.7,4601,Yella,2007,"Drama,Horror,Romance"
7.0,6579,It's a Free World...,2007,Drama
7.0,2811,Jellyfish,2007,Drama
7.3,4830,Dhee,2007,"Action,Comedy"
7.1,3167,Dheena,2001,"Action,Drama"
8.1,2685,Occupation 101,2006,Documentary
6.7,327638,Angels & Demons,2009,"Mystery,Thriller"
7.2,19177,The Bothersome Man,2006,"Comedy,Drama,Fantasy"
6.6,23450,Easy Virtue,2008,"Comedy,Romance"
6.8,5382,The Good Heart,2009,"Comedy,Drama"
7.5,48187,"Lust, Caution",2007,"Drama,History,Romance"
8.0,106833,Persepolis,2007,"Animation,Biography,Drama"
7.6,76472,The Girl Who Leapt Through Time,2006,"Adventure,Animation,Comedy"
7.3,8599,12:08 East of Bucharest,2006,"Comedy,Drama"
6.8,2730,In the City of Sylvia,2007,Drama
6.7,2353,Las 13 rosas,2007,"Drama,History"
6.6,2797,Noise,2007,"Crime,Drama,Mystery"
7.2,5262,Empties,2007,"Comedy,Drama"
6.7,1635,The Belgrade Phantom,2009,"Action,Crime,Documentary"
6.9,29965,Bright Star,2009,"Biography,Drama,Romance"
7.1,207132,The Danish Girl,2015,"Biography,Drama"
7.1,18589,Death Note: The Last Name,2006,"Adventure,Crime,Drama"
6.7,4782,Free Rainer,2007,"Comedy,Drama"
6.6,1867,Look,2007,"Comedy,Crime,Drama"
7.1,11702,Shootout at Lokhandwala,2007,"Action,Crime,Drama"
7.6,5073,Shut Up & Sing,2006,"Biography,Documentary,Music"
6.9,11606,Ex Drummer,2007,"Comedy,Crime,Drama"
6.6,1516,Solitary Fragments,2007,Drama
7.0,4290,Piter FM,2006,"Comedy,Drama,Romance"
7.5,48730,The Counterfeiters,2007,"Crime,Drama,History"
8.0,1965,Godavari,2006,"Drama,Romance"
7.9,11360,Deliver Us from Evil,2006,"Crime,Documentary"
7.1,6460,The Hammer,2007,"Comedy,Romance,Sport"
6.8,10052,One Piece: The Movie,2000,"Action,Adventure,Animation"
7.6,327187,Seven Pounds,2008,"Drama,Mystery,Thriller"
6.7,1638,Bamako,2006,Drama
7.5,1695,Iraq for Sale: The War Profiteers,2006,"Documentary,War"
7.6,60819,Religulous,2008,"Comedy,Documentary,War"
6.6,7041,"Ice Cream, I Scream",2006,"Comedy,Drama"
8.0,17091,Pokiri,2006,"Action,Crime,Thriller"
7.5,148202,The Book Thief,2013,"Drama,War"
8.7,2586181,Interstellar,2014,"Adventure,Drama,Sci-Fi"
7.0,791239,World War Z,2013,"Action,Adventure,Horror"
7.6,109294,Flipped,2010,"Comedy,Drama,Romance"
7.5,10879,Secret Sunshine,2007,Drama
7.5,1639,Play Me a Love Song,2007,"Comedy,Music"
6.6,1866,Traffic Signal,2007,Drama
7.6,2287,The Paper Will Be Blue,2006,"Action,Drama"
6.8,3311,Days of Darkness,2007,"Comedy,Drama,Fantasy"
7.1,3090,Playing the Victim,2006,Comedy
7.3,9768,A Dirty Carnival,2006,"Action,Crime,Drama"
6.6,5106,The City of Violence,2006,"Action,Crime,Thriller"
6.7,56910,The Soloist,2009,"Biography,Drama,Music"
7.2,7678,Kenny,2006,Comedy
7.0,176522,Marley & Me,2008,"Drama,Family"
6.7,4427,Rails & Ties,2007,Drama
7.2,378270,Shooter,2007,"Action,Drama,Thriller"
7.9,6491,Dor,2006,Drama
6.7,8388,Female Agents,2008,"Drama,War"
6.6,1759,A Movie of Eggs,2005,"Animation,Comedy,Family"
7.7,276061,Changeling,2008,"Biography,Crime,Drama"
6.9,19868,The Last Station,2009,"Biography,Drama,Romance"
7.3,274252,The Bucket List,2007,"Adventure,Comedy,Drama"
7.1,15358,Caramel,2007,"Comedy,Drama,Romance"
6.7,4124,Counter Investigation,2007,"Crime,Thriller"
7.1,4051,Conversations with My Gardener,2007,"Comedy,Drama"
6.9,3589,Intimate Enemies,2007,"Drama,History,War"
6.6,6496,Police,2007,"Action,Comedy,Crime"
6.7,12689,Exam,2006,"Comedy,Drama"
7.0,2026,Blood Tea and Red String,2006,"Animation,Fantasy"
7.4,36787,The Magician,2006,"Comedy,Drama"
7.3,18298,Reprise,2006,Drama
7.1,2295,I Always Wanted to Be a Gangster,2007,"Comedy,Crime,Drama"
6.6,1891,Sev Kardesim,1972,"Comedy,Romance"
6.6,4482,Zaki Chan,2005,"Comedy,Romance"
7.7,7704,The Pervert's Guide to Cinema,2006,Documentary
6.8,4841,When Did You Last See Your Father?,2007,"Biography,Drama"
6.7,2286,Honeydripper,2007,"Crime,Drama,History"
7.3,14584,Ten Inch Hero,2007,"Comedy,Drama,Romance"
6.6,28783,A Mighty Heart,2007,"Biography,Drama,History"
7.6,700978,Superbad,2007,Comedy
6.9,4340,Tarek's Situation,2006,"Comedy,Romance"
7.1,2786,With Friends Like These,2007,"Comedy,Drama"
6.9,1820,Ahista Ahista,2006,"Drama,Romance"
7.8,1821,Shin Chan: The Adult Empire Strikes Back,2001,"Action,Adventure,Animation"
6.6,26071,Reservation Road,2007,"Crime,Drama,Thriller"
7.5,15722,Tekkonkinkreet,2006,"Action,Adventure,Animation"
7.1,182397,"Definitely, Maybe",2008,"Comedy,Drama,Romance"
6.6,4002,One Piece: Clockwork Island Adventure,2001,"Adventure,Animation,Comedy"
7.2,3181,Manufactured Landscapes,2006,Documentary
6.7,5143,Gardens of the Night,2008,Drama
6.7,2146,Shadows,2007,"Drama,Horror,Mystery"
7.0,2210,Autumn Ball,2007,Drama
6.8,1525,Woman on the Beach,2006,"Comedy,Drama,Romance"
7.2,2776,Nocturna,2007,"Adventure,Animation,Family"
7.1,8726,Summer Hours,2008,"Drama,Family"
6.6,24338,Arn: The Knight Templar,2007,"Action,Drama,Romance"
7.1,318080,Hotel Transylvania,2012,"Animation,Comedy,Family"
7.2,238001,The Darjeeling Limited,2007,"Adventure,Comedy,Drama"
6.9,343897,Step Brothers,2008,Comedy
7.1,2277,Bhopal: A Prayer for Rain,2014,Drama
7.1,1603,Fi shaket Masr El Gedeeda,2007,"Drama,Romance"
7.1,4224,Out of the Blue,2006,"Crime,Drama"
8.0,3049,The Rest is Silence,2007,"Comedy,Drama"
7.5,21784,Superman II: The Richard Donner Cut,2006,"Action,Adventure,Romance"
7.1,11592,Forever Strong,2008,"Drama,Sport"
7.5,451780,The Town,2010,"Crime,Drama,Thriller"
6.7,32718,Two Days in Paris,2007,"Comedy,Drama,Romance"
6.9,82330,Walk Hard: The Dewey Cox Story,2007,"Comedy,Music"
8.1,2836,Lake of Fire,2006,Documentary
7.2,6189,Protégé,2007,"Crime,Drama,Thriller"
7.1,2458,Love for Sale,2006,Drama
7.2,7222,Silent Light,2007,"Drama,Romance"
7.0,137746,The Kids Are All Right,2010,"Comedy,Drama,Romance"
6.6,33107,Paranoid Park,2007,"Crime,Drama,Mystery"
7.6,4921,Crazy Stone,2006,"Comedy,Crime,Drama"
8.2,10993,Bommarillu,2006,"Comedy,Drama,Romance"
7.6,6738,Chatrapathi,2005,"Action,Drama"
6.8,1838,My Dog Tulip,2009,"Animation,Drama"
6.7,54258,The Brothers Bloom,2008,"Action,Adventure,Comedy"
7.1,2051,Midnight Sun,2006,"Drama,Music,Romance"
7.4,17186,North Face,2008,"Adventure,Biography,Drama"
6.9,288920,Cloudy with a Chance of Meatballs,2009,"Adventure,Animation,Comedy"
7.6,1793,This Filthy World,2006,"Biography,Comedy,Documentary"
7.0,33790,Son of Rambow,2007,"Action,Adventure,Comedy"
7.6,14875,Fireworks Wednesday,2006,"Drama,Mystery,Romance"
7.6,23173,Dhamaal,2007,"Action,Adventure,Comedy"
6.8,2080,Home Coming,2006,Drama
6.8,7105,The Last Ottoman: Knockout Ali,2007,"Action,Comedy,Drama"
7.0,6938,My Brother Is an Only Child,2007,"Comedy,Crime,Drama"
7.2,3299,Half Moon,2006,"Comedy,Drama,Music"
7.2,8465,Helvetica,2007,Documentary
7.1,14108,Cargo 200,2007,"Crime,Drama,Thriller"
8.0,1574197,The Avengers,2012,"Action,Sci-Fi"
6.6,115041,Epic,2013,"Action,Adventure,Animation"
7.3,3185,Arranged,2007,"Comedy,Drama,Romance"
6.6,15611,Battle in Seattle,2007,"Action,Drama,History"
6.7,3757,Faith Like Potatoes,2006,Drama
7.4,2841,Crazy Racer,2009,"Action,Adventure,Comedy"
6.7,1674,Forever Enthralled,2008,"Biography,Drama,History"
7.8,13372,The Island,2006,"Comedy,Drama"
7.7,114996,Paprika,2006,"Animation,Drama,Fantasy"
7.0,3379,Deutschland. Ein Sommermärchen,2006,"Documentary,Sport"
7.4,17800,Taxi to the Dark Side,2007,"Crime,Documentary,History"
7.2,4596,Times and Winds,2006,Drama
8.3,3579,Huddersfield,2007,Drama
6.9,2533,I Don't Want to Sleep Alone,2006,"Drama,Romance"
7.6,1586,Kabei: Our Mother,2008,Drama
6.8,1867,Private Property,2006,Drama
6.7,3578,Prague,2006,Drama
7.8,5137,Sharkwater,2006,Documentary
7.1,1797,No Mercy for the Rude,2006,"Action,Comedy,Crime"
6.7,48891,Inside,2007,Horror
6.7,3898,Clubbed,2008,"Action,Crime,Drama"
6.7,1967,Ilk Ask,2006,Drama
7.6,46458,The Visitor,2007,Drama
8.0,2884,Anand,2004,"Comedy,Drama,Romance"
7.3,6980,The Year My Parents Went on Vacation,2006,Drama
7.7,5466,Vikramarkudu,2006,"Action,Drama"
6.6,2047,Ladrón que roba a ladrón,2007,"Action,Adventure,Comedy"
7.3,8118,Still Life,2006,Drama
7.0,2483,MP3: Mera Pehla Pehla Pyaar,2007,"Comedy,Drama,Musical"
7.9,29328,Evangelion: 2.0 You Can (Not) Advance,2009,"Action,Animation,Drama"
6.9,22393,Evangelion: 3.0 You Can (Not) Redo,2012,"Action,Animation,Drama"
8.0,120642,Elite Squad,2007,"Action,Crime,Drama"
6.8,76376,Sunshine Cleaning,2008,"Comedy,Drama"
6.7,115018,Trick 'r Treat,2007,"Comedy,Horror"
6.9,91326,The Duchess,2008,"Biography,Drama,History"
6.9,2610,The Grocer's Son,2007,Drama
6.8,85104,Mr. Peabody & Sherman,2014,"Adventure,Animation,Comedy"
7.2,9465,The Black Balloon,2008,"Drama,Romance"
6.7,30032,The Jane Austen Book Club,2007,"Comedy,Drama,Romance"
8.1,4671,Classmates,2006,"Drama,Mystery,Romance"
6.7,15472,Water Lilies,2007,"Drama,Romance"
6.8,13251,Paris,2008,"Comedy,Drama,Romance"
6.6,2646,Ciao,2008,"Drama,Romance"
7.2,17007,City of Men,2007,"Crime,Drama"
7.6,116239,Frost/Nixon,2008,"Biography,Drama,History"
6.9,7722,Battle for Haditha,2007,"Drama,History,War"
7.4,1549,Maundy Thursday,2006,"Drama,Romance"
8.1,92478,Chak De! India,2007,"Drama,Family,Sport"
7.4,3763,Heavenly Forest,2006,"Drama,Romance"
7.0,2119,Street Thief,2006,"Crime,Thriller"
7.1,3207,Tazza: The High Rollers,2006,"Comedy,Crime"
7.1,21835,99 Francs,2007,"Comedy,Drama"
7.7,20871,Destiny,2006,Drama
6.8,6064,Pokémon: Lucario and the Mystery of Mew,2005,"Action,Adventure,Animation"
7.6,188088,Ponyo,2008,"Adventure,Animation,Comedy"
7.1,3256,Garage,2007,Drama
7.6,390348,The Blind Side,2009,"Biography,Drama,Sport"
6.6,12009,Please Give,2010,"Comedy,Drama"
7.0,18360,Katyn,2007,"Drama,History,War"
7.7,35658,The Edge of Heaven,2007,Drama
7.3,7612,Assembly,2007,"Action,Biography,Drama"
6.7,6756,13: Game of Death,2006,"Crime,Drama,Horror"
7.1,378566,The Mist,2007,"Horror,Sci-Fi,Thriller"
6.6,85363,The Wedding Ringer,2015,"Comedy,Romance"
6.7,1941,Black Gruya and the Stone of Wisdom,2007,"Comedy,Fantasy"
6.9,3635,Eternal Summer,2006,"Drama,Romance"
6.9,1514,Shades of Ray,2008,"Comedy,Drama,Romance"
7.1,11892,Luck by Chance,2009,Drama
6.9,3537,Days and Clouds,2007,Drama
6.6,1908,How About You,2007,"Comedy,Drama"
7.6,3572,Kerala Varma Pazhassi Raja,2009,"Action,Biography,Drama"
7.0,378953,Burn After Reading,2008,"Comedy,Crime,Drama"
7.5,498754,The Hurt Locker,2008,"Drama,Thriller,War"
7.8,1701,Imsai Arasan 23rd Pulikecei,2006,"Comedy,Musical"
7.0,10263,The Children of Huang Shi,2008,"Drama,War"
7.1,2737,Roman de gare,2007,Drama
6.7,2865,Black Ice,2007,"Drama,Thriller"
6.7,5288,Saturn in Opposition,2007,"Drama,Romance"
7.1,49971,Che: Part One,2008,"Biography,Drama,History"
8.4,2978,U2 3D,2007,"Documentary,Music"
7.3,1763,The Meerkats,2008,Documentary
8.1,904867,How to Train Your Dragon,2010,"Action,Adventure,Animation"
7.7,3672,Nanking,2007,"Biography,History,War"
7.1,12737,Shine a Light,2008,"Biography,Documentary,Music"
7.2,8844,The International,2006,"Comedy,Drama,Music"
6.6,7048,Cairo Time,2009,"Drama,Romance"
7.4,4218,Standard Operating Procedure,2008,"Crime,Documentary,War"
7.1,37361,The Whistleblower,2010,"Biography,Crime,Drama"
7.2,272776,The Road,2009,"Drama,Thriller"
7.0,30757,Suite Française,2014,"Drama,History,Romance"
6.9,5337,Breath,2007,Drama
7.2,39951,"The Good, the Bad, the Weird",2008,"Action,Adventure,Comedy"
6.7,2211,Eye in the Sky,2007,"Action,Crime,Thriller"
6.7,23021,Rise of the Footsoldier,2007,"Action,Biography,Crime"
7.0,17297,At the Bar,2007,"Crime,Drama,Thriller"
7.3,1532,The Crimson Wing: Mystery of the Flamingos,2008,"Documentary,Family"
7.8,934325,The Hobbit: An Unexpected Journey,2012,"Adventure,Fantasy"
7.0,7234,Julia,2008,"Crime,Drama,Thriller"
7.4,45925,Love & Mercy,2014,"Biography,Drama,Music"
7.3,1959,Aadi,2002,"Action,Drama,Romance"
7.5,4677,"Basic Sanitation, the Movie",2007,Comedy
7.6,1698,Aadavari Matalaku Ardhalu Verule,2007,"Comedy,Drama,Musical"
7.8,126225,Once,2006,"Drama,Music,Musical"
7.5,2351,Amal,2007,Drama
6.9,38921,Frequently Asked Questions About Time Travel,2009,"Comedy,Sci-Fi"
7.6,6354,Cherry Blossoms,2008,"Drama,Romance"
6.8,3376,Breakfast with Scot,2007,"Comedy,Drama,Music"
6.9,374687,Pineapple Express,2008,"Action,Comedy,Crime"
8.4,1335692,WALL·E,2008,"Adventure,Animation,Family"
8.2,2581,White Light/Black Rain: The Destruction of Hiroshima and Nagasaki,2007,"Documentary,History"
7.6,1650,The Devil Came on Horseback,2007,Documentary
7.8,4572,For the Bible Tells Me So,2007,"Documentary,Romance"
7.1,3588,My Kid Could Paint That,2007,"Documentary,Mystery"
8.2,8913,No End in Sight,2007,"Documentary,War"
7.2,44399,Broken Embraces,2009,"Drama,Romance,Thriller"
7.0,28840,The Warlords,2007,"Action,Adventure,Drama"
6.8,19342,Bottle Shock,2008,"Comedy,Drama"
7.7,277018,The Boy in the Striped Pajamas,2008,"Drama,War"
7.0,101022,Unthinkable,2010,"Crime,Drama,Thriller"
6.8,1584,"Falco - Verdammt, wir leben noch!",2008,"Biography,Drama,Music"
7.5,148314,Doubt,2008,"Drama,Mystery"
7.3,8764,Billa,2007,"Action,Thriller"
7.2,20983,Flame & Citron,2008,"Action,Drama,History"
6.7,3105,The Happy Housewife,2010,"Comedy,Drama,Romance"
7.5,9846,Manorama: Six Feet Under,2007,"Crime,Drama,Mystery"
6.6,6855,The Last Deadly Mission,2008,"Crime,Drama,Thriller"
6.7,2805,Shall We Kiss?,2007,"Comedy,Romance"
7.2,2752,Sunflower,2006,"Action,Crime,Drama"
8.0,38690,The King of Kong: A Fistful of Quarters,2007,"Biography,Documentary,Sport"
7.5,32219,Evangelion: 1.0 You Are (Not) Alone,2007,"Action,Animation,Drama"
6.7,25577,Crossing Over,2009,"Crime,Drama"
7.1,1947,Chota Mumbai,2007,"Action,Comedy,Crime"
6.8,1531,Mayavi,2007,"Action,Comedy,Drama"
7.2,5468,Yamadonga,2007,"Action,Comedy,Fantasy"
8.0,7130,In the Shadow of the Moon,2007,"Documentary,History"
7.7,671671,Harry Potter and the Deathly Hallows: Part 1,2010,"Adventure,Family,Fantasy"
6.6,2010,The Double Lottie,1996,"Drama,Family,Musical"
6.8,10676,The Boys Are Back,2009,Drama
7.5,10492,The First Day of the Rest of Your Life,2008,Drama
7.2,26123,Loft,2008,"Crime,Drama,Mystery"
7.8,4444,Malliswari,2004,"Comedy,Romance"
6.8,4253,Quiet Chaos,2008,"Drama,Romance"
7.0,53412,Gomorrah,2008,"Crime,Drama"
7.3,121674,Precious,2009,Drama
6.6,1621,Mavi Gözlü Dev,2007,"Biography,Drama"
6.9,4458,Cyborg She,2008,"Action,Comedy,Romance"
6.8,19876,Noroi,2005,"Horror,Mystery,Thriller"
7.6,1572,Revenge of the Snakes,1985,Drama
7.2,4905,The Fourth Man,2007,"Action,Adventure,Mystery"
6.9,52959,Rabbit Hole,2010,Drama
7.7,676503,Taken,2008,"Action,Crime,Thriller"
7.6,13996,Tokyo Sonata,2008,Drama
6.6,3375,Brick Lane,2007,Drama
6.7,9459,200 Pounds Beauty,2006,"Comedy,Drama,Music"
7.6,25912,Shelter,2007,"Drama,Romance,Sport"
7.1,495379,Tropic Thunder,2008,"Action,Comedy,War"
7.0,3916,The Art of Negative Thinking,2006,"Comedy,Drama"
7.5,586319,Source Code,2011,"Action,Drama,Mystery"
8.0,895068,Black Swan,2010,"Drama,Thriller"
6.8,148370,Green Zone,2010,"Action,Drama,Thriller"
7.5,3650,Priyamanavale,2000,"Drama,Romance"
7.0,780602,The Amazing Spider-Man,2012,"Action,Sci-Fi"
7.2,4427,"Moscow, Belgium",2008,"Comedy,Drama,Romance"
7.5,6422,Troubled Water,2008,"Drama,Music"
6.7,2543,Lost in Beijing,2007,Drama
7.2,2548,Tuya's Marriage,2006,"Drama,Romance"
6.6,9160,Arn: The Kingdom at the End of the Road,2008,"Action,Drama,Romance"
7.1,12032,Shotgun Stories,2007,"Drama,Thriller"
7.3,19803,Ben X,2007,"Drama,Thriller"
6.7,9281,The Yellow Handkerchief,2008,"Adventure,Drama,Romance"
6.6,297677,Robin Hood,2010,"Action,Adventure,Drama"
7.3,1669,Big River Man,2009,Documentary
7.3,237824,Revolutionary Road,2008,"Drama,Romance"
7.5,6209,Everlasting Moments,2008,"Drama,History"
7.7,1721,Reclaiming the Blade,2009,Documentary
6.7,24445,A Monster in Paris,2011,"Adventure,Animation,Comedy"
6.7,17921,The Escapist,2008,"Crime,Drama,Thriller"
7.2,69446,The Young Victoria,2009,"Biography,Drama,History"
6.9,1875,Genius Party,2007,"Action,Adventure,Animation"
6.7,4061,O'Horten,2007,"Comedy,Drama"
7.4,1964,I.O.U.S.A.,2008,Documentary
6.8,14311,Tetro,2009,Drama
6.9,13797,Fashion,2008,"Drama,Romance"
7.8,410240,The Fighter,2010,"Action,Biography,Drama"
6.9,3857,Skin,2008,"Biography,Drama"
8.6,2393,Tom Petty and the Heartbreakers: Runnin' Down a Dream,2007,"Documentary,Music"
7.3,3963,Detective Conan: The Fourteenth Target,1998,"Adventure,Animation,Crime"
6.9,31189,The Conspirator,2010,"Crime,Drama,History"
7.3,2458,Zero. Lilac Lithuania,2006,"Crime,Thriller"
6.7,2339,Voice of a Murderer,2007,"Crime,Drama,Mystery"
7.1,8670,Mad Detective,2007,"Crime,Mystery,Thriller"
6.9,1891,Strange Frame: Love & Sax,2012,"Animation,Crime,Music"
7.5,350810,Hugo,2011,"Adventure,Drama,Family"
7.0,30805,Miss Pettigrew Lives for a Day,2008,"Comedy,Romance"
6.7,8001,Vexille,2007,"Action,Animation,Sci-Fi"
6.7,1977,Aachi & Ssipak,2005,"Action,Animation,Comedy"
6.9,13963,Red,2008,"Drama,Thriller"
7.7,4480,Big B,2007,"Action,Crime,Thriller"
6.7,5854,To Each His Own Cinema,2007,"Comedy,Drama"
6.6,15677,Creation,2009,"Biography,Drama,Romance"
6.7,23925,Elegy,2008,"Drama,Romance"
6.8,83680,Hitchcock,2012,"Biography,Drama,Romance"
7.2,2078,Kisses,2008,Drama
6.8,6040,Cheeni Kum,2007,"Comedy,Drama,Romance"
6.9,2646,You're Crazy,1975,"Comedy,Romance"
7.6,275058,The Reader,2008,"Drama,Mystery,Romance"
7.0,12738,Tokyo!,2008,"Comedy,Drama,Fantasy"
7.7,1756,Every Little Step,2008,"Documentary,Music"
6.8,52972,Fair Game,2010,"Biography,Drama,Thriller"
7.5,8033,Bliss,2007,Drama
7.1,27272,Frozen River,2008,"Crime,Drama"
8.1,202836,Mary and Max,2009,"Animation,Comedy,Drama"
7.0,3485,Like Dandelion Dust,2009,Drama
6.8,15017,The Lucky Ones,2008,"Adventure,Comedy,Drama"
6.6,97605,Nick and Norah's Infinite Playlist,2008,"Comedy,Drama,Music"
6.7,5196,The Messenger,2008,"Drama,Fantasy,Mystery"
7.3,256852,The Adventures of Tintin,2011,"Action,Adventure,Animation"
7.4,71713,5 Centimeters per Second,2007,"Animation,Drama,Family"
6.6,2695,Real Time,2008,"Comedy,Drama"
8.2,3092,1971,2007,"Action,Drama,War"
7.3,2301,Amarkalam,1999,"Action,Drama,Romance"
7.6,2573,Kadhal Kottai,1996,"Drama,Musical,Romance"
6.6,210145,Machete,2010,"Action,Crime,Thriller"
7.1,276399,Valkyrie,2008,"Drama,History,Thriller"
7.5,76812,Hunger,2008,"Biography,Crime,Drama"
8.3,235048,Like Stars on Earth,2007,"Drama,Family"
8.4,4310,Mungaru Male,2006,"Comedy,Music,Romance"
7.5,709895,Sherlock Holmes,2009,"Action,Adventure,Mystery"
6.9,61054,Traitor,2008,"Action,Crime,Drama"
7.9,16749,The Class,2007,Drama
6.7,5691,Naruto Shippûden: The Movie,2007,"Action,Adventure,Animation"
7.2,8524,In Search of a Midnight Kiss,2007,"Comedy,Drama,Romance"
9.3,2370,Jibon Theke Neya,1970,"Drama,Family"
7.8,5104,Detective Conan: The Phantom of Baker Street,2002,"Adventure,Animation,Drama"
7.2,4947,Chop Shop,2007,Drama
7.1,5538,Sugar,2008,"Drama,Sport"
6.7,14657,Flash Point,2007,"Action,Crime,Thriller"
6.7,3283,Bluff,2007,Comedy
6.7,1593,Ploy,2007,Drama
6.9,7964,A Christmas Tale,2008,"Comedy,Drama"
6.7,215548,Hanna,2011,"Action,Adventure,Drama"
8.2,1815265,The Wolf of Wall Street,2013,"Biography,Comedy,Crime"
7.5,39243,Bhool Bhulaiyaa,2007,"Comedy,Horror,Mystery"
6.7,9455,Dhol,2007,"Comedy,Crime,Mystery"
6.7,82774,Ghost Town,2008,"Comedy,Drama,Fantasy"
7.3,1501,The Business of Being Born,2008,Documentary
7.3,6013,Ek Chalis Ki Last Local,2007,"Adventure,Comedy,Crime"
6.7,3368,Invisible Target,2007,"Action,Adventure,Crime"
7.3,11597,No Smoking,2007,"Drama,Horror,Mystery"
7.2,3875,Mermaid,2007,"Comedy,Drama,Fantasy"
7.0,15547,XXY,2007,"Drama,Romance"
7.1,23772,Pele: Birth of a Legend,2016,"Biography,Drama,Sport"
7.0,10596,Love Songs,2007,"Drama,Musical,Romance"
6.9,2781,Tsiou,2005,"Comedy,Drama"
7.1,3881,Love Me No More,2008,"Drama,Romance"
6.9,2277,No Regret,2006,"Drama,Romance"
7.6,4864,"Not Quite Hollywood: The Wild, Untold Story of Ozploitation!",2008,"Documentary,History"
7.3,3596,The Tour,2008,"Action,Adventure,Comedy"
7.0,2097,Bibliothèque Pascal,2010,"Drama,Fantasy"
7.1,1732,An Englishman in New York,2009,"Biography,Drama"
7.7,1786,The Rape of Europa,2006,"Documentary,History,War"
7.1,1850,A Gentle Breeze in the Village,2007,Drama
6.8,2662,The Home of Dark Butterflies,2008,Drama
6.6,2115,Seven Days,2007,"Crime,Drama,Thriller"
7.9,12136,The Song of Sparrows,2008,"Drama,Family"
7.3,2510,Clannad,2007,"Animation,Comedy,Drama"
7.0,1576,I Never Cry,2020,"Comedy,Drama"
7.2,1759,Prince of Broadway,2008,Drama
6.9,1517,Nomad: In the Footsteps of Bruce Chatwin,2019,"Biography,Documentary"
8.1,2777,Linda Ronstadt: The Sound of My Voice,2019,"Biography,Documentary,Music"
7.3,2307,Trixie Mattel: Moving Parts,2019,Documentary
7.3,329282,Megamind,2010,"Action,Adventure,Animation"
6.8,2713,Gone Kesh,2019,"Comedy,Drama"
6.6,5236,Hansel and Gretel,2007,"Drama,Fantasy,Horror"
7.2,1907,The Exorcist III: Legion,1990,"Horror,Mystery,Thriller"
6.9,2532,The Door,2019,Drama
7.7,1949,Brené Brown: The Call to Courage,2019,"Documentary,Drama"
7.1,1654,Grass is Greener,2019,Documentary
7.1,2023,Vellai Pookal,2019,Thriller
8.0,7723,Made in Abyss: Dawn of the Deep Soul,2020,"Adventure,Animation,Drama"
7.1,3521,One Piece: Dead End Adventure,2003,"Action,Adventure,Animation"
7.8,67727,Gangubai Kathiawadi,2022,"Biography,Crime,Drama"
6.9,2861,Between Two Worlds,2021,Drama
6.8,1658,Our Godfather,2019,"Biography,Crime,Documentary"
7.1,44909,The Tragedy of Macbeth,2021,"Drama,Fantasy,Mystery"
7.1,16830,Jesus Revolution,2023,"Biography,Drama,History"
8.0,913683,Slumdog Millionaire,2008,"Crime,Drama,Romance"
6.8,5182,My Little Pony: A New Generation,2021,"Adventure,Animation,Comedy"
6.7,2493,Fallen Angels,2008,"Crime,Drama,Thriller"
6.6,3669,Life's Speed Bump,2006,"Comedy,Drama,Romance"
6.6,1519,Cocoon,2020,"Drama,Romance"
6.8,6220,Apples,2020,"Comedy,Drama,Sci-Fi"
8.2,6726,Mother's Child,2020,Drama
6.7,22007,Redbelt,2008,"Drama,Sport"
7.9,2065,Rakshasudu,2019,"Action,Crime,Thriller"
7.1,1517,1964: O Brasil Entre Armas e Livros,2019,"Documentary,History"
7.0,3589,Idiots and Angels,2008,"Animation,Comedy,Drama"
7.5,186682,Milk,2008,"Biography,Drama,History"
6.6,8823,The Perfect Secret,2019,"Comedy,Drama,Romance"
7.6,12777,Bheja Fry,2007,"Comedy,Drama"
7.6,8465,Homecoming: A Film by Beyoncé,2019,"Documentary,Music"
8.5,23329,Home,2009,"Documentary,Family"
7.1,2626,A Shine of Rainbows,2009,"Drama,Family"
7.0,7160,Until the Light Takes Us,2008,"Documentary,Music"
7.1,3637,Sons of Rizk 2,2019,"Action,Comedy,Crime"
7.3,1847,"Hello, Love, Goodbye",2019,"Drama,Romance"
7.8,343844,All Quiet on the Western Front,2022,"Drama,History,War"
7.1,2300,Confessions of a Superhero,2007,Documentary
6.7,3086,The Mourning Forest,2007,Drama
7.5,21325,Enron: The Smartest Guys in the Room,2005,"Biography,Documentary,History"
7.0,9685,Crows Zero,2007,"Action,Comedy,Crime"
6.6,24067,Fermat's Room,2007,"Mystery,Thriller"
7.1,2059,Glasses,2007,"Comedy,Drama"
6.6,3179,Adrift,2009,Drama
6.8,75186,Bones and All,2022,"Drama,Horror,Romance"
7.0,67056,"Red, White & Royal Blue",2023,"Comedy,Romance"
7.3,1856,Captain Abu Raed,2007,Drama
6.7,17384,Race,2008,"Action,Crime,Drama"
6.7,8368,Loro,2018,"Biography,Drama"
6.7,31424,A Boy Called Christmas,2021,"Adventure,Drama,Family"
7.2,4288,One Piece: Baron Omatsuri and the Secret Island,2005,"Action,Adventure,Animation"
6.8,7129,Forensic,2020,"Crime,Mystery,Thriller"
7.5,8454,Lunana: A Yak in the Classroom,2019,"Drama,Family"
8.6,132544,Soorarai Pottru,2020,Drama
6.6,27362,Causeway,2022,Drama
7.3,2077,The Real Charlie Chaplin,2021,"Biography,Documentary"
7.0,159322,A Serious Man,2009,"Comedy,Drama"
7.0,4275,American Skin,2019,"Drama,Thriller"
7.6,3516,Nothing Compares,2022,"Biography,Documentary,Music"
6.7,8006,Bye Bye Morons,2020,"Comedy,Drama"
7.4,7227,Ramprasad Ki Tehrvi,2019,"Comedy,Drama"
6.7,11258,Atlantics,2019,"Drama,Fantasy,Mystery"
7.6,30747,Les Misérables,2019,"Crime,Drama,Thriller"
7.2,13239,Beanpole,2019,"Drama,War"
7.2,2314,Adam,2019,Drama
6.8,19642,The Boys in the Band,2020,Drama
8.0,4936,Pareeksha,2020,Drama
7.5,99540,Selma,2014,"Biography,Drama,History"
6.7,2479,Three Days and a Life,2019,"Crime,Drama,Thriller"
7.3,3325,Spread Your Wings,2019,"Adventure,Drama,Family"
6.7,111975,Eden Lake,2008,"Horror,Thriller"
7.2,29213,Certified Copy,2010,"Drama,Romance"
6.7,3424,"Family Romance, LLC",2019,Drama
7.0,34768,"The Gangster, the Cop, the Devil",2019,"Action,Crime,Thriller"
7.4,10191,Awarapan,2007,"Action,Crime,Drama"
7.0,7668,Babies,2010,Documentary
7.5,2300,Blind Mountain,2007,"Crime,Drama"
8.3,22356,Agent Sai Srinivasa Athreya,2019,"Comedy,Crime,Mystery"
7.1,2052,Liam Gallagher: As It Was,2019,"Documentary,Music"
7.4,3133,Vinci Da,2019,"Crime,Mystery,Thriller"
7.6,625024,500 Days of Summer,2009,"Comedy,Drama,Romance"
7.0,3511,Lion's Den,2008,"Crime,Drama"
6.7,8851,First Love,2019,"Action,Comedy,Crime"
6.7,3568,The Pickup Game,2019,Documentary
6.7,3863,My First Summer,2020,"Drama,Romance"
6.8,8716,Serious Men,2020,"Comedy,Drama"
7.5,1658,Yeh Ballet,2020,"Drama,Musical"
6.6,112094,Never Back Down,2008,"Action,Drama,Sport"
7.3,128085,The Way Back,2010,"Adventure,Drama,History"
7.2,8924,Vadh,2022,"Crime,Drama,Thriller"
7.2,20627,Il Divo,2008,"Biography,Drama"
7.5,20758,The Girl with the Needle,2024,"Crime,Drama,History"
7.1,12053,Joy,2024,"Biography,Drama,History"
7.7,670990,Argo,2012,"Biography,Drama,History"
7.1,5106,Just Another Love Story,2007,"Crime,Drama,Thriller"
6.8,56957,Om Shanti Om,2007,"Action,Comedy,Drama"
7.1,1600,Doza shtastie,2019,Drama
6.8,2107,Kabaneri of the Iron Fortress: The Battle of Unato,2019,"Action,Adventure,Animation"
6.7,3113,The Goddess of Fortune,2019,Drama
7.0,2040,Antigone,2019,"Crime,Drama"
7.2,18685,Compartment Number 6,2021,"Drama,Romance"
6.7,17715,Land,2021,"Adventure,Drama"
6.8,37825,The Greatest Beer Run Ever,2022,"Adventure,Comedy,Drama"
8.2,248319,The Father,2020,"Drama,Mystery"
6.6,57661,To Catch a Killer,2023,"Action,Crime,Drama"
6.7,1795,Absurdistan,2008,Comedy
8.3,51149,Sardar Udham,2021,"Crime,Drama,History"
7.0,336042,Death Proof,2007,"Drama,Thriller"
8.1,346706,Hachi: A Dog's Tale,2009,"Biography,Drama,Family"
7.2,32946,Secretariat,2010,"Biography,Drama,Family"
7.0,27951,Rose Island,2020,"Adventure,Biography,Comedy"
7.7,229472,Another Round,2020,"Comedy,Drama"
7.5,1645,The Black Godfather,2019,"Biography,Documentary"
8.1,2554,The War on Democracy,2007,Documentary
7.0,121990,Martyrs,2008,Horror
7.3,31652,Max Manus: Man of War,2008,"Action,Biography,Crime"
6.8,244375,The Power of the Dog,2021,"Drama,Western"
8.3,137202,Shershaah,2021,"Action,Biography,Drama"
8.7,11072,Kadaisi Vivasayi,2021,Drama
6.9,2215,This Is Paris,2020,Documentary
7.4,1724,My First Client,2019,"Crime,Drama"
7.3,4268,Brother's Keeper,2021,Drama
6.7,6975,From Time to Time,2009,"Adventure,Drama,Fantasy"
8.2,3221,Tell No One,2019,Documentary
6.9,1597,Badnaam Gali,2019,Comedy
7.0,9283,Brother in Love,2019,Comedy
7.4,27783,Schumacher,2021,"Biography,Documentary,Sport"
8.1,41770,Article 15,2019,"Crime,Drama,Mystery"
7.2,276343,RocknRolla,2008,"Action,Crime,Thriller"
7.4,13225,Tyson,2008,"Biography,Documentary,Sport"
7.9,66349,"4 Months, 3 Weeks and 2 Days",2007,Drama
7.1,1781,Terror's Advocate,2007,"Biography,Documentary,History"
7.5,14701,The Band's Visit,2007,"Comedy,Drama,Music"
7.3,10119,Your Name Engraved Herein,2020,"Drama,Romance"
6.6,2159,H Is for Hawk,2025,"Biography,Drama"
7.1,1734,Becoming Cousteau,2021,"Adventure,Biography,Documentary"
7.4,2486,Once Were Brothers,2019,"Biography,Documentary,History"
7.1,2350,Sivappu Manjal Pachai,2019,"Action,Drama,Thriller"
7.7,1661,American Drug War: The Last White Hope,2006,"Crime,Documentary"
7.3,260528,The Descendants,2011,"Comedy,Drama"
8.1,2318,Mozhi,2007,"Comedy,Musical,Romance"
7.2,20068,Black Box,2021,"Drama,Mystery,Thriller"
6.7,2577,Gigi & Nate,2022,"Drama,Family"
7.1,161576,Defiance,2008,"Action,Drama,History"
6.6,2065,The Mighty Macs,2009,"Drama,Sport"
7.0,8287,Phoebe in Wonderland,2008,Drama
6.7,106090,Suspiria,2018,"Drama,Fantasy,Horror"
7.0,1935,White Lightnin',2009,"Biography,Drama"
6.8,2822,Alexandra,2007,"Drama,War"
6.6,16166,Four Good Days,2020,Drama
7.0,7478,A Woman in Berlin,2008,"Biography,Drama,History"
6.6,43899,Coco Before Chanel,2009,"Biography,Drama"
6.8,1563,The Journey,2021,"Action,Adventure,Animation"
6.9,7862,The Man Who Sold His Skin,2020,Drama
7.5,9410,Becoming Led Zeppelin,2025,"Biography,Documentary,History"
7.6,417298,John Wick: Chapter 4,2023,"Action,Crime,Thriller"
8.0,231296,CODA,2021,"Comedy,Drama,Music"
7.3,4736,Prayers for the Stolen,2021,Drama
8.3,3569,Single Slipper Size - 7,2019,Drama
7.7,131016,The Worst Person in the World,2021,"Comedy,Drama,Romance"
6.9,7002,The Settlers,2023,"Crime,Drama,History"
7.6,2814,Magamuni,2019,"Crime,Drama,Thriller"
6.7,2797,One Piece: Episode of Alabasta - The Desert Princess and the Pirates,2007,"Action,Adventure,Animation"
6.7,4841,Stone of Destiny,2008,"Adventure,Comedy,Crime"
7.1,3325,The Time That Remains,2009,"Drama,History"
6.8,13389,Flashbacks of a Fool,2008,Drama
6.6,1645,Cloud 9,2008,"Drama,Romance"
6.6,140995,The Long Walk,2025,"Horror,Thriller"
7.7,3329,Pada,2022,"Crime,Drama,Thriller"
6.6,7849,Mandibles,2020,"Comedy,Fantasy"
6.9,16203,Supernova,2020,"Drama,Romance"
7.3,47081,Voicemails for Isabelle,2026,"Comedy,Drama,Romance"
6.8,2244,Leberkäsjunkie,2019,"Comedy,Crime"
6.8,363252,The Book of Eli,2010,"Action,Adventure,Drama"
7.5,9952,Secret,2007,"Drama,Fantasy,Music"
6.8,10757,Mammoth,2009,"Drama,Romance"
6.6,3668,Petrov's Flu,2021,"Drama,Sci-Fi"
6.7,1767,The Show Must Go On,2007,"Action,Comedy,Crime"
7.2,15417,Heroic Losers,2019,"Adventure,Comedy,Crime"
7.1,3393,The Story of Luke,2012,"Comedy,Drama,Romance"
7.4,219281,REC,2007,"Horror,Mystery,Thriller"
7.5,8616,I Am Greta,2020,"Biography,Documentary"
6.6,2727,Executive Order,2020,"Drama,Sci-Fi"
8.1,7897,The Union: The Business Behind Getting High,2007,Documentary
7.0,5796,The Zone,2007,"Drama,Thriller"
7.3,3934,Citizen,2001,"Action,Drama,Mystery"
7.8,10322,Estomago: A Gastronomic Story,2007,"Comedy,Crime,Drama"
6.7,2041,Inside the Yellow Cocoon Shell,2023,Drama
6.9,15805,The Stronghold,2020,"Action,Crime,Drama"
6.6,6126,"Someone, Somewhere",2019,"Comedy,Drama,Romance"
7.1,9451,Only the Animals,2019,"Crime,Drama,Mystery"
6.8,401654,The Proposal,2009,"Comedy,Drama,Romance"
7.0,2329,True Mothers,2020,Drama
7.1,3627,Ask Tesadüfleri Sever 2,2020,"Drama,Romance"
6.7,3680,Johnny Mad Dog,2008,"Drama,War"
7.0,24657,Cadillac Records,2008,"Biography,Drama,Music"
7.4,2449,Raatchasi,2019,Drama
8.2,63752,Miracle in Cell No. 7,2019,Drama
7.0,10116,Appleseed: Ex Machina,2007,"Action,Adventure,Animation"
6.9,1848,Round Da Way,2009,"Animation,Comedy"
7.2,1501,The United Way,2021,"Documentary,History,Sport"
7.0,2869,The Passage,2019,"Action,Biography,Drama"
7.8,5141,Yeh Saali Aashiqui,2019,"Drama,Romance,Thriller"
6.8,13825,Nine Days,2020,"Drama,Fantasy"
7.5,2432,Kettiyollaanu Ente Maalakha,2019,"Comedy,Drama"
7.1,1567,Tales from the Script,2009,Documentary
7.7,776404,Silver Linings Playbook,2012,"Comedy,Drama,Romance"
7.0,42774,Happy-Go-Lucky,2008,"Comedy,Drama,Romance"
6.9,16513,Summer of 85,2020,"Drama,Romance"
6.6,104004,I Love You Phillip Morris,2009,"Biography,Comedy,Crime"
7.1,2443,The Most Precious of Cargoes,2024,"Animation,Drama"
6.7,3034,Thambi,2019,"Action,Drama,Thriller"
8.5,1855,Hellaro,2019,Drama
7.1,1880,The Rise of Jordan Peterson,2019,"Biography,Documentary"
6.6,23387,Last Chance Harvey,2008,"Drama,Romance"
7.9,4135,Young@Heart,2007,"Documentary,Music"
6.9,8233,Unfinished Song,2012,"Comedy,Drama,Music"
7.5,8895,Violet Evergarden: Eternity and the Auto Memory Doll,2019,"Animation,Drama,Family"
7.4,6809,Seraphine,2008,"Biography,Drama"
6.6,5142,The Trip to Greece,2020,"Comedy,Drama"
6.9,3186,Unicorn Wars,2022,"Action,Animation,Comedy"
7.0,2390,Bandi,2025,Adventure
6.7,4465,I Hate Summer,2020,Comedy
7.5,1803,Outrage,2009,Documentary
6.6,13709,Howl,2010,"Biography,Drama,Romance"
8.3,1250245,Up,2009,"Adventure,Animation,Comedy"
7.7,2223,Two Blue Stripes,2019,Drama
6.6,2979,Revealing Ukraine,2019,Documentary
7.4,7843,Lost Illusions,2021,"Drama,Romance"
6.9,78562,Ma Rainey's Black Bottom,2020,"Drama,Music"
8.0,12104,The Blue Elephant 2,2019,"Crime,Drama,Horror"
7.5,19726,Lootcase,2020,"Comedy,Crime"
6.8,3143,Padavettu,2022,"Action,Drama,Thriller"
7.1,288811,The Invisible Man,2020,"Drama,Horror,Mystery"
7.8,26159,For Love and Honor,2007,"Crime,Drama"
7.1,42018,The Forgotten Battle,2020,"Action,Adventure,War"
7.0,2816,Missing 411: The Hunted,2019,Documentary
7.1,9096,Silver Skates,2020,"Adventure,Drama,Romance"
7.1,54268,The Call,2020,"Crime,Horror,Mystery"
7.3,3550,Who Killed Garrett Phillips?,2019,"Crime,Documentary,Mystery"
8.7,20001,#Home,2021,"Drama,Family"
7.3,2369,Josep,2020,"Animation,Biography,Drama"
7.1,3314,Inu-Oh,2021,"Animation,Drama,Fantasy"
7.5,1552,Gotro,2019,Drama
6.6,5677,Goemon,2009,"Action,Drama,History"
8.4,3175,Bring the Soul: The Movie,2019,"Documentary,Music"
6.6,188229,The Hunger Games: The Ballad of Songbirds & Snakes,2023,"Action,Adventure,Drama"
6.8,1644,In the Name of the Land,2019,"Biography,Drama"
8.1,10101,Evaru,2019,"Mystery,Thriller"
7.1,3705,"Farewell, Mr. Haffmann",2021,Drama
7.3,15580,Desert Flower,2009,"Biography,Drama"
7.0,18396,Flash of Genius,2008,"Biography,Drama"
6.7,158097,The Imaginarium of Doctor Parnassus,2009,"Adventure,Comedy,Fantasy"
7.2,1726,The Best Things in the World,2010,"Comedy,Drama"
6.6,224100,28 Years Later,2025,"Horror,Sci-Fi,Thriller"
7.8,4178,Thanneermathan Dinangal,2019,"Comedy,Romance"
8.0,82440,Dara of Jasenovac,2020,"Drama,War"
7.7,2084,Jiivi,2019,"Drama,Thriller"
6.7,6212,The Sky Crawlers,2008,"Animation,Drama,Sci-Fi"
7.3,175180,Invictus,2009,"Biography,Drama,History"
7.4,91428,Master,2021,"Action,Crime,Drama"
7.1,2070,Doraemon the Movie: Nobita's New Dinosaur,2020,"Adventure,Animation,Comedy"
7.4,1927,Parineeta,2019,Romance
6.6,2006,Hazard,2024,Drama
6.6,202642,Eagle Eye,2008,"Action,Mystery,Thriller"
7.7,7449,The Pixar Story,2007,Documentary
6.6,2949,Spud,2010,"Comedy,Drama"
7.0,446639,Cloverfield,2008,"Action,Horror,Sci-Fi"
7.4,2711,Vikruthi,2019,"Comedy,Drama"
7.1,3523,My Mom is a Character 3,2019,Comedy
7.1,36136,One Night in Miami...,2020,Drama
6.9,2015,Games People Play,2020,"Comedy,Drama"
6.8,105519,Mank,2020,"Biography,Drama"
6.9,4374,Lupin III: The First,2019,"Action,Adventure,Animation"
7.4,3065,Jhimma,2021,"Comedy,Drama"
7.5,3322,Chal Mera Putt,2019,"Comedy,Drama"
6.8,16549,The Life Ahead,2020,Drama
7.3,23810,Ne Zha,2019,"Action,Adventure,Animation"
6.8,5927,Contra,2020,"Comedy,Drama"
7.4,126981,Minari,2020,Drama
7.0,1957,Sailor Moon Eternal,2021,"Action,Adventure,Animation"
7.6,122538,The Wave,2008,"Drama,Thriller"
7.1,222478,Talk to Me,2022,"Horror,Thriller"
7.1,208970,Babylon,2022,"Comedy,Drama"
7.2,5820,The Forty-Year-Old Version,2020,"Comedy,Drama"
6.7,5070,The Storied Life of A.J. Fikry,2022,"Comedy,Drama"
7.0,9135,Exit,2019,"Action,Comedy"
6.8,5640,Safety,2020,"Biography,Drama,Sport"
7.1,47931,Welcome to the Sticks,2008,"Comedy,Romance"
7.9,383161,Boyhood,2014,"Comedy,Drama"
7.5,9445,The Peasants,2023,"Animation,Drama,History"
7.0,3618,Worlds Apart,2008,Drama
6.8,5822,Born a Champion,2021,"Action,Biography,Drama"
6.6,1587,Leap,2020,"Biography,Drama,Sport"
6.8,141933,A Christmas Carol,2009,"Adventure,Animation,Comedy"
7.1,2183,Barot House,2019,"Mystery,Thriller"
6.9,124433,Water for Elephants,2011,"Drama,Romance"
6.8,282206,The Fantastic Four: First Steps,2025,"Action,Adventure,Sci-Fi"
6.9,10785,"Patrik, Age 1.5",2008,"Comedy,Drama,Romance"
7.6,3902,Detective Conan: The Last Wizard of the Century,1999,"Adventure,Animation,Crime"
6.7,22319,The Burning Plain,2008,"Crime,Drama,Mystery"
7.5,37599,The Class,2008,Drama
7.6,21109,I've Loved You So Long,2008,Drama
6.8,407357,Yes Man,2008,"Comedy,Romance"
8.3,9988,Mandela,2021,"Comedy,Drama"
7.4,21257,Entergalactic,2022,"Animation,Comedy,Music"
7.6,2072,Western Stars,2019,"Documentary,Music"
6.8,24039,The Electrical Life of Louis Wain,2021,"Biography,Drama,History"
7.5,3897,Detective Conan: Captured in Her Eyes,2000,"Adventure,Animation,Crime"
8.3,9775,In the Name of God,2007,Drama
8.0,57739,Departures,2008,Drama
7.3,5024,After Love,2020,Drama
6.7,3306,Ponmagal Vandhal,2020,"Drama,Thriller"
6.6,78313,The Harder They Fall,2021,"Action,Drama,Western"
6.6,64746,Stillwater,2021,"Crime,Drama,Mystery"
8.2,171213,K.G.F: Chapter 2,2022,"Action,Crime,Drama"
6.8,4931,Moffie,2019,"Drama,Romance,War"
7.5,38715,Ponniyin Selvan: Part I,2022,"Action,Drama"
6.8,5963,The Killing of Two Lovers,2020,Drama
8.3,3902,National Theatre Live: Fleabag,2019,Comedy
7.2,1799,Citizen K,2019,Documentary
8.1,14317,Collective,2019,"Crime,Documentary"
7.0,1781,The Secrets of Jonathan Sperry,2008,"Drama,Family"
7.7,206570,The Trial of the Chicago 7,2020,"Drama,History,Thriller"
8.5,2848,Immediate Family,2022,"Documentary,Music"
6.8,13025,Don,2022,"Comedy,Romance"
8.0,6250,Eftihia,2019,"Biography,Drama,Music"
7.0,5099,Comali,2019,Comedy
7.9,12638,Anjaam Pathiraa,2020,"Crime,Mystery,Thriller"
6.8,22968,Ink,2009,"Action,Drama,Fantasy"
7.3,8572,Mao's Last Dancer,2009,"Biography,Drama,Music"
7.0,40432,Arthur the King,2024,"Adventure,Drama,Sport"
7.6,2089,Look at Me: XXXTentacion,2022,"Documentary,Music"
8.1,3851,Jhinder Bandi,1961,"Adventure,Romance,Thriller"
7.1,2917,Audrey,2020,"Biography,Documentary,History"
7.6,3713,Detective Conan: Countdown to Heaven,2001,"Action,Animation,Crime"
7.1,41906,Nothing But the Truth,2008,"Crime,Drama,Mystery"
7.4,4543,The Legend of Hei,2019,"Action,Adventure,Animation"
7.7,4050,Helen,2019,"Drama,Thriller"
7.0,3281,Toxikoma,2021,"Biography,Drama"
6.7,1758,"Love, Spells and All That",2019,Drama
7.0,7366,Delicious,2021,"Comedy,Drama,History"
6.6,3293,Rob Peace,2024,"Biography,Drama"
6.8,12364,Sherni,2021,"Action,Adventure,Drama"
7.8,778131,Skyfall,2012,"Action,Adventure,Thriller"
6.9,3005,Atlantis,2019,"Drama,War"
7.3,12062,The Misfortunates,2009,"Comedy,Drama"
6.9,3459,A Whole Life Ahead,2008,"Comedy,Drama,Romance"
6.9,14605,Shinjuku Incident,2009,"Action,Crime,Drama"
7.2,7670,Tune in for Love,2019,"Drama,Romance"
8.6,1682,Metallica & San Francisco Symphony - S&M2,2019,"Documentary,Music"
8.7,4192,Gintama: The Final,2021,"Action,Animation,Comedy"
6.6,9244,La Llorona,2019,"Crime,Drama,Horror"
6.6,3886,Text,2019,"Drama,Thriller"
8.4,1771,Fatteshikast,2019,"Action,Drama,History"
7.2,1870,The Magic Hour,2008,Comedy
7.2,2475,One Million Yen Girl,2008,Drama
7.8,14277,Johnny Gaddaar,2007,"Crime,Drama,Thriller"
7.0,234316,Planet Terror,2007,"Action,Comedy,Horror"
7.2,6785,Ajami,2009,"Crime,Drama"
7.3,1815,One Day We'll Talk About Today,2020,Drama
7.5,40173,Boy A,2007,Drama
7.3,103286,My Sister's Keeper,2009,"Drama,Family"
7.7,21998,Sam Bahadur,2023,"Biography,Drama,War"
6.7,2062,Superheroes,2021,"Comedy,Drama,Romance"
7.4,6533,Dear Comrades!,2020,"Drama,History"
6.9,288456,Ice Age: Dawn of the Dinosaurs,2009,"Adventure,Animation,Comedy"
6.9,5692,How I Became a Gangster,2019,"Crime,Drama"
6.6,4423,Detention,2019,"Drama,Horror,Mystery"
8.5,579581,The Kashmir Files,2022,Drama
6.9,4624,18 Presents,2020,"Drama,Family,Fantasy"
6.9,1953,Our Beloved Month of August,2008,"Music,Romance"
6.9,8434,Baaria,2009,"Comedy,Drama"
6.9,3451,Queen to Play,2009,Drama
6.9,31822,The Wackness,2008,"Comedy,Drama,Romance"
7.0,4383,Swan Song,2021,"Biography,Comedy,Drama"
7.3,108335,Eddie the Eagle,2015,"Adventure,Biography,Comedy"
7.8,2982,Gumnaami,2019,"Action,Drama,History"
6.9,1802,Black Belt,2007,"Action,Drama,Sport"
7.3,6275,Taish,2020,"Action,Thriller"
7.5,2125,Miracle in Cell No. 7,2019,"Comedy,Drama"
6.6,54486,Rachel Getting Married,2008,"Drama,Romance"
7.3,1707,"This Is Not a Burial, It's a Resurrection",2019,Drama
6.6,29736,Wanted,2009,"Action,Crime,Thriller"
7.7,2200,Squaring the Circle: The Story of Hipgnosis,2022,"Documentary,History"
8.1,1955,Rising Phoenix,2020,"Documentary,Sport"
6.7,6744,The Square,2008,"Crime,Drama,Thriller"
7.1,72690,Missing,2023,"Drama,Mystery,Thriller"
7.2,3095,"Chaos, This Is",2007,"Crime,Drama,Romance"
7.9,23619,Maidaan,2024,"Biography,Drama,History"
8.1,1057611,Spider-Man: No Way Home,2021,"Action,Adventure,Fantasy"
7.9,21274,Still Walking,2008,Drama
6.7,7435,Terribly Happy,2008,"Crime,Drama,Thriller"
7.0,1652,My Tender Matador,2020,"Drama,History,Romance"
6.7,8844,"Bikram: Yogi, Guru, Predator",2019,"Crime,Documentary"
6.9,1516,Dads,2019,"Comedy,Documentary,Family"
7.6,11642,A Sun,2019,"Crime,Drama"
7.1,12817,Rashmi Rocket,2021,"Drama,Sport"
7.8,46495,Mimi,2021,"Comedy,Drama"
6.6,7779,Long Story Short,2021,"Comedy,Fantasy,Romance"
6.7,1795,The Brighton Miracle,2019,"Drama,Sport"
6.9,1664,Salt of This Sea,2008,"Drama,Romance"
7.5,325746,Lone Survivor,2013,"Action,Biography,Drama"
7.0,3118,Teenage Dirtbag,2009,Drama
6.7,4940,The Crimes That Bind,2020,"Crime,Drama,Thriller"
7.6,20245,Tell Me Who I Am,2019,"Documentary,Drama,Mystery"
7.2,4432,Bahut Hua Sammaan,2020,"Comedy,Crime,Drama"
6.8,175218,Adventureland,2009,"Comedy,Drama,Romance"
8.1,4985,Love Mocktail,2020,"Drama,Romance"
8.0,15304,Malik,2021,"Action,Biography,Crime"
7.2,8913,My Name Ain't Johnny,2008,"Biography,Crime,Drama"
7.1,3537,TBS,2008,"Crime,Thriller"
7.4,2842,The Investigator,2008,"Comedy,Crime,Drama"
6.9,284435,Paul,2011,"Adventure,Comedy,Sci-Fi"
7.6,7536,Hawa,2022,"Drama,Mystery"
7.7,1728,Imperfect,2019,"Comedy,Drama,Romance"
7.9,66019,Jab We Met,2007,"Comedy,Drama,Romance"
7.8,5769,Kira & El Gin,2022,"Action,Drama,History"
7.7,20463,Encounters at the End of the World,2007,Documentary
7.5,6074,My Winnipeg,2007,"Comedy,Drama,Fantasy"
7.0,2958,Bride Flight,2008,"Drama,Romance"
7.0,1808,Under the Bombs,2007,"Drama,Romance,War"
7.0,2222,Tricks,2007,"Comedy,Drama"
6.7,6591,Here Today,2021,"Comedy,Drama,Music"
8.4,8386,Sigur Rós: Heima,2007,"Documentary,Music"
7.3,2483,Buddha Collapsed Out of Shame,2007,"Drama,War"
6.9,1940,The Hammer,2010,"Biography,Drama,Sport"
7.1,12514,The Heist of the Century,2020,"Action,Biography,Comedy"
6.6,85086,Bad Lieutenant: Port of Call New Orleans,2009,"Crime,Drama,Mystery"
7.3,6275,Goodbye Solo,2008,Drama
6.8,321288,Nope,2022,"Horror,Mystery,Sci-Fi"
7.0,27937,Thappad,2020,Drama
7.7,4117,Joy Division,2007,"Documentary,Music"
7.9,1504,Please Vote for Me,2007,Documentary
7.1,1812,Twilight's Kiss,2019,Drama
6.8,11962,Fifty Dead Men Walking,2008,"Crime,Drama,Thriller"
6.8,2321,Her Blue Sky,2019,"Animation,Drama,Fantasy"
7.2,3487,Sreekaram,2021,Drama
7.2,3305,Adrift in Tokyo,2007,Comedy
7.1,2501,Utama,2022,Drama
7.3,43241,C'mon C'mon,2021,Drama
6.9,3017,Dil Dosti Etc,2007,"Comedy,Crime,Drama"
6.6,60038,Spirited,2022,"Comedy,Family,Fantasy"
7.1,5699,35 Shots of Rum,2008,Drama
7.0,155655,Foxcatcher,2014,"Biography,Drama,History"
6.9,106252,Pig,2021,"Drama,Mystery"
6.8,4377,Tove,2020,"Biography,Drama"
6.6,9077,Admiral,2008,"Biography,Drama,History"
6.6,2182,The Hole,2021,Drama
7.1,9263,Class Action Park,2020,"Crime,Documentary"
7.2,6203,Shaurya,2008,"Crime,Drama,Thriller"
6.6,1816,Lake Tahoe,2008,Drama
6.6,3378,Virata Parvam,2022,"Action,Drama,Romance"
6.9,35366,Haseen Dillruba,2021,"Crime,Drama,Mystery"
6.6,4126,The People Upstairs,2020,Comedy
8.2,102628,Demon Slayer: Kimetsu no Yaiba - The Movie: Mugen Train,2020,"Action,Adventure,Animation"
7.0,46194,Two Lovers,2008,"Drama,Romance"
7.4,2354,Square One: Michael Jackson,2019,Documentary
6.8,1856,Kaiserschmarrndrama,2021,"Comedy,Crime"
7.1,2585,24 City,2008,"Documentary,Drama"
6.8,389002,Tron: Legacy,2010,"Action,Adventure,Sci-Fi"
7.7,2326,Never Surrender: A Galaxy Quest Documentary,2019,Documentary
6.9,5932,Ujda Chaman,2019,Comedy
7.0,12328,One Week,2008,"Adventure,Drama"
7.4,2734,Your Eyes Tell,2020,"Drama,Romance"
7.1,5937,Bleach: Memories of Nobody,2006,"Action,Adventure,Animation"
7.3,4964,Kim Ji-young: Born 1982,2019,Drama
6.7,1620,Growing Up Smith,2015,"Comedy,Drama,Family"
7.7,3513,Fat Fiction,2020,Documentary
7.4,8988,White Bird,2023,"Biography,Drama,Family"
7.0,2850,All Hands on Deck,2020,"Comedy,Drama"
7.0,8224,Thallumaala,2022,"Action,Comedy,Drama"
6.7,3328,Unrelated,2007,Drama
6.8,34024,The Map of Tiny Perfect Things,2021,"Comedy,Fantasy,Romance"
6.8,4495,Next Door,2021,"Comedy,Drama"
7.1,241580,Wrath of Man,2021,"Action,Crime,Thriller"
7.1,3982,Thankam,2023,"Crime,Drama"
7.3,5258,Playground,2021,Drama
7.0,2655,The Snow Sister,2024,"Drama,Family"
7.5,6222,Boys State,2020,Documentary
7.3,158144,Paddington,2014,"Adventure,Comedy,Family"
8.2,3183,Dancing with the Birds,2019,Documentary
7.8,13167,My Hero Academia: Heroes Rising,2019,"Action,Adventure,Animation"
7.0,3073,Balibo,2009,"Biography,Drama,History"
7.7,1776,Kadha Parayumbol...,2007,"Comedy,Drama"
7.0,2137,King Corn,2007,Documentary
7.1,11869,Blue Bayou,2021,"Crime,Drama"
7.5,57464,Boiling Point,2021,"Drama,Thriller"
7.7,3418,Garuda,2022,Drama
7.4,6084,M like Mother,2006,Drama
8.1,13546,George Harrison: Living in the Material World,2011,"Biography,Documentary,Music"
7.0,304501,The Northman,2022,"Action,Adventure,Drama"
8.0,3746,Vickida No Varghodo,2022,"Comedy,Drama"
8.3,6776,Thursday,2006,"Action,Adventure,Crime"
6.9,12082,Pagglait,2021,"Comedy,Drama"
7.5,2008,Up the Yangtze,2007,Documentary
8.0,6200,Oh My Kadavule,2020,"Comedy,Fantasy,Romance"
7.1,4083,Dikkiloona,2021,"Comedy,Romance,Sci-Fi"
6.9,1684,All of Us,2019,Drama
6.7,110044,Creed III,2023,"Action,Drama,Sport"
7.0,3178,That Evening Sun,2009,Drama
7.5,1910,Rooster's Breakfast,2007,"Drama,Romance"
7.1,5292,The Man Who Loved Yngve,2008,"Comedy,Drama,Music"
6.6,2608,Goblin Slayer: Goblin's Crown,2020,"Action,Adventure,Animation"
7.0,10555,On the Count of Three,2021,"Comedy,Crime,Drama"
7.0,60529,Pieces of a Woman,2020,Drama
7.0,71423,Jackass 3D,2010,"Action,Comedy,Documentary"
8.0,2474,Sufna,2020,Romance
6.8,1922,Qismat 2,2021,"Drama,Romance"
8.0,2347,Bambukat 2,2026,Drama
7.5,4930,JFK Revisited: Through the Looking Glass,2021,"Documentary,History"
7.4,88303,Felon,2008,"Action,Drama,Thriller"
7.1,1921,Transcendent Man,2009,Documentary
6.6,2987,Jiang Ziya,2020,"Action,Adventure,Animation"
7.2,4218,Zillion,2022,"Biography,Crime,Drama"
6.6,4035,WeWork: or The Making and Breaking of a $47 Billion Unicorn,2021,Documentary
6.9,1573,George Reddy,2019,"Action,Biography"
7.4,3946,Dear Future Children,2021,"Biography,Documentary"
7.1,1936,The Piano Forest,2007,"Animation,Drama,Fantasy"
7.2,2383,A Man Who Was Superman,2008,"Comedy,Drama"
7.1,4269,The Stranger by the Beach,2020,"Animation,Drama,Romance"
7.7,940161,The Hangover,2009,Comedy
7.3,50070,She Said,2022,"Crime,Drama,History"
6.6,5769,Bheeshma,2020,"Action,Comedy,Romance"
6.9,16409,The Duke,2020,"Biography,Comedy,Crime"
7.0,2149,Vellapanti,2025,"Comedy,Crime,Romance"
7.3,227685,Blue Valentine,2010,"Drama,Romance"
6.8,2266,Sheep Without a Shepherd,2019,"Crime,Drama,Thriller"
6.6,176272,House of Gucci,2021,"Biography,Crime,Drama"
7.7,20053,Sword of the Stranger,2007,"Action,Adventure,Animation"
7.5,5081,We Made a Beautiful Bouquet,2021,"Drama,Romance"
7.2,13367,Mother and Child,2009,"Drama,Romance"
7.4,3242,The Lost Leonardo,2021,"Documentary,Mystery"
7.5,4049,Kappela,2020,"Comedy,Drama,Romance"
6.6,12466,Detective Dee: Mystery of the Phantom Flame,2010,"Action,Adventure,Drama"
7.2,129327,The Unforgivable,2021,"Crime,Drama,Mystery"
8.0,8211,Dia,2020,"Drama,Romance"
7.1,240338,The Ides of March,2011,"Drama,Thriller"
6.9,68644,Free State of Jones,2016,"Action,Biography,Drama"
7.7,12549,City of Life and Death,2009,"Drama,History,War"
7.0,9285,Rise,2022,"Biography,Drama,Sport"
7.2,7009,John Rabe,2009,"Biography,Drama,History"
6.7,1688,Skin: A History of Nudity in the Movies,2020,"Documentary,History"
7.0,9679,Dragon Ball Z: Cooler's Revenge,1991,"Action,Animation,Sci-Fi"
7.9,332204,The Wrestler,2008,"Drama,Sport"
6.8,1694,Jasper Mall,2020,Documentary
6.9,105111,Big Eyes,2014,"Biography,Crime,Drama"
6.6,13571,Adulthood,2008,"Crime,Drama"
7.1,162576,Licorice Pizza,2021,"Comedy,Drama,Romance"
6.6,232560,Drag Me to Hell,2009,Horror
7.0,1887,Ali & the Queens,2021,"Adventure,Comedy,Drama"
7.1,6449,Mission London,2010,Comedy
7.5,35138,Sin Nombre,2009,"Adventure,Crime,Drama"
7.2,14094,Rescued by Ruby,2022,"Biography,Drama,Family"
6.7,30969,Taking Woodstock,2009,"Biography,Comedy,Drama"
8.0,18305,Love Exposure,2008,"Action,Comedy,Drama"
6.8,15544,Intoxicated by Love,2024,"Drama,History,Romance"
7.1,677833,Don't Look Up,2021,"Comedy,Drama,Sci-Fi"
7.4,9680,Nowhere Special,2020,Drama
8.2,2006,The Way I See It,2020,Documentary
7.0,180853,The Unbearable Weight of Massive Talent,2022,"Action,Comedy,Crime"
8.0,5401,The Beaches of Agnès,2008,"Biography,Documentary"
7.5,4643,The Painter and the Thief,2020,Documentary
6.6,5145,Is Anybody There?,2008,Drama
6.8,104631,Rebel Ridge,2024,"Action,Crime,Drama"
7.4,8907,Jathi Ratnalu,2021,Comedy
7.3,1791,Badava Rascal,2021,"Action,Comedy"
8.2,1673026,Shutter Island,2010,"Mystery,Thriller"
7.4,3138,Tear This Heart Out,2008,Drama
7.0,41502,JCVD,2008,"Comedy,Crime,Drama"
6.6,5169,Mookuthi Amman,2020,"Comedy,Drama,Fantasy"
6.9,1505,Moonlit Winter,2019,"Drama,Romance"
6.8,1580,Prathi Poovankozhi,2019,"Drama,Thriller"
7.6,27247,Shiddat,2021,Romance
6.6,2126,Trees of Peace,2021,Drama
7.2,3142,Happy Old Year,2019,"Drama,Romance"
7.1,42845,Shiva Baby,2020,"Comedy,Drama"
7.3,121023,Pirate Radio,2009,"Comedy,Drama,Music"
8.0,12597,Ayyappanum Koshiyum,2020,"Action,Drama,Thriller"
6.8,3927,Chiko,2008,"Crime,Drama"
7.0,2261,Summer Holiday,2008,"Comedy,Drama"
7.8,231477,The Girl with the Dragon Tattoo,2009,"Crime,Drama,Mystery"
7.3,24980,Uncle Frank,2020,"Comedy,Drama"
7.4,2092,"Great Photo, Lovely Life",2023,Documentary
7.1,2341,The Road Dance,2021,Drama
7.0,2929,Detective Conan: Magician of the Silver Sky,2004,"Action,Animation,Comedy"
7.1,3160,Detective Conan: Crossroad in the Ancient Capital,2003,"Action,Adventure,Animation"
7.0,2585,Detective Conan: Strategy Above the Depths,2005,"Action,Adventure,Animation"
6.6,3009,Medicine for Melancholy,2008,"Drama,Romance"
6.9,2979,Handsome Poor Bilo,1979,"Comedy,Drama"
7.2,2571,Chameleon,2008,"Comedy,Drama,Thriller"
7.0,137139,Julie & Julia,2009,"Biography,Drama,Romance"
6.6,5834,Luz,2020,"Crime,Drama,Romance"
7.2,4104,Some Kind of Heaven,2020,Documentary
7.0,5136,The Man Standing Next,2020,"Drama,History,Thriller"
6.9,9031,White Material,2009,"Drama,War"
7.2,4045,Dean Spanley,2008,"Comedy,Drama"
6.6,2097,Historias lamentables,2020,Comedy
6.8,20920,Redeeming Love,2022,"Drama,Romance,Western"
7.9,756064,District 9,2009,"Action,Sci-Fi,Thriller"
6.7,226360,The Killer,2023,"Action,Adventure,Crime"
6.8,2535,The Champion,2020,"Biography,Drama,History"
7.4,21971,Doctor,2021,"Action,Comedy,Crime"
8.0,21355,Hridayam,2022,"Drama,Musical,Romance"
6.8,4266,People Just Do Nothing: Big in Japan,2021,"Comedy,Music"
7.3,3620,Mucho Mucho Amor: The Legend of Walter Mercado,2020,"Biography,Documentary"
7.4,170140,Michael,2026,"Biography,Drama,History"
6.9,2180,Luzzu,2021,Drama
7.3,9321,James,2022,"Action,Comedy,Drama"
6.9,1803,Farewell Amor,2020,"Drama,Music,Romance"
7.8,31057,The Dissident,2020,"Crime,Documentary,Thriller"
6.8,4873,Love Story,2021,Romance
7.1,2255,Heza,2019,Drama
6.8,3601,Sonny Boy,2011,"Biography,Drama,Romance"
6.9,2353,Twenty:20,2008,"Action,Crime,Drama"
6.8,10114,V,2020,"Action,Crime,Thriller"
7.2,2991,Memories of My Father,2020,"Drama,History"
7.4,26747,Miss Americana,2020,"Biography,Documentary,Music"
6.7,1961,I Carry You with Me,2020,Drama
7.5,19906,Mass,2021,Drama
6.8,171277,Kingdom of the Planet of the Apes,2024,"Action,Adventure,Drama"
7.1,3304,Betrayed,2020,"Drama,History,War"
7.2,1774,"Bloody Nose, Empty Pockets",2020,"Documentary,Drama"
6.6,4022,A Film with Me in It,2008,"Comedy,Thriller"
7.2,177362,The Ghost Writer,2010,"Crime,Drama,Mystery"
7.3,2363,Be Water,2020,Documentary
6.8,2935,Coded Bias,2020,Documentary
7.4,7695,Dick Johnson Is Dead,2020,"Biography,Documentary,Drama"
7.5,6032,Feels Good Man,2020,"Comedy,Documentary"
7.9,3409,Welcome to Chechnya,2020,Documentary
7.5,3130,Assassins,2020,"Biography,Documentary"
7.3,2816,Identifying Features,2020,Drama
7.5,10326,The Mole Agent,2020,Documentary
7.3,4362,The Truffle Hunters,2020,Documentary
7.4,1839,The Go-Go's,2020,"Documentary,Music"
7.9,4277,Mudhal Nee Mudivum Nee,2022,"Drama,Fantasy,Romance"
8.1,12128,Viduthalai: Part 1,2023,"Action,Crime,Drama"
7.8,241207,Let the Right One In,2008,"Drama,Fantasy,Horror"
7.3,4250,Falimy,2023,"Comedy,Drama"
6.8,6584,Time,2020,"Biography,Documentary"
6.6,6640,Son of a Rich,2019,Comedy
7.1,3366,The Disciple,2020,"Drama,Music"
8.3,8349,Pawankhind,2022,"Action,Drama,History"
6.6,2757,Detroit Metal City,2008,"Comedy,Drama,Music"
6.9,127254,Frankenweenie,2012,"Animation,Comedy,Drama"
7.0,1989,Treeless Mountain,2008,Drama
7.4,1683,Kadaseela Biriyani,2021,"Comedy,Crime,Drama"
7.2,8819,Best Worst Movie,2009,"Comedy,Documentary"
7.0,4084,Falcon Lake,2022,"Drama,Mystery,Romance"
6.7,3695,You Know Him,2020,"Biography,Comedy,Drama"
7.1,2626,You Cannot Kill David Arquette,2020,"Documentary,Sport"
7.7,9896,Billie Eilish: The World's a Little Blurry,2021,"Biography,Documentary,Drama"
6.7,1727,The Last Execution,2021,"Biography,Drama,History"
7.0,31751,Runway 34,2022,"Drama,Thriller"
7.1,3238,Gunda,2020,Documentary
7.6,94865,The Social Dilemma,2020,"Documentary,Drama"
6.8,55905,Jackass Forever,2022,"Comedy,Documentary"
6.9,4919,FIR,2022,Thriller
8.2,6059,Mathu Vadalara,2019,"Comedy,Crime,Thriller"
7.4,1653,Doraemon: Nobita's Dorabian Nights,1991,"Adventure,Animation,Comedy"
7.5,1544,Doraemon: Nobita's Three Visionary Swordsmen,1994,"Adventure,Animation,Comedy"
7.0,279775,Orphan,2009,"Horror,Mystery,Thriller"
7.0,4187,Bleach the Movie: The DiamondDust Rebellion,2007,"Action,Animation,Thriller"
7.6,10898,HIT,2020,"Crime,Drama,Mystery"
7.1,32182,Micmacs,2009,"Action,Comedy,Crime"
7.8,81970,The White Ribbon,2009,"Drama,Mystery,Thriller"
7.3,2130,Trouble the Water,2008,Documentary
6.7,1586,V1 Murder Case,2019,"Drama,Thriller"
7.1,1724,Asur,2020,Drama
7.6,1921,Uma Maheswara Ugra Roopasya,2020,Drama
7.0,2492,"Lovely, Still",2008,"Drama,Romance"
7.5,14095,Bigger Stronger Faster*,2008,"Documentary,Sport"
7.7,4486,Love of Siam,2007,"Drama,Mystery,Romance"
6.9,2924,American Violet,2008,Drama
6.8,6095,Dance of the 41,2020,"Biography,Drama,History"
8.5,46282,Dear Zachary: A Letter to a Son About His Father,2008,"Biography,Crime,Documentary"
6.7,1731,I Think We're Alone Now,2008,"Comedy,Documentary,Drama"
6.9,336428,Public Enemies,2009,"Biography,Crime,Drama"
7.1,21269,Wendy and Lucy,2008,Drama
6.6,6888,Today's Special,2009,Comedy
7.0,10230,A.R.M,2024,"Action,Adventure,Comedy"
6.9,4022,Varane Avashyamund,2020,"Comedy,Drama,Romance"
6.8,12493,Emergency Declaration,2021,"Action,Drama,Thriller"
6.9,2485,Ballast,2008,Drama
7.0,39969,Relay,2024,"Action,Drama,Thriller"
6.7,25519,8-Bit Christmas,2021,"Comedy,Family"
6.6,6365,Kalashnikov,2020,"Action,Biography,Drama"
7.1,2812,Cow,2021,Documentary
7.1,5790,A Frozen Flower,2008,"Drama,History,Romance"
7.0,226616,"I Love You, Man",2009,"Comedy,Romance"
8.0,91065,Farha,2021,Drama
7.7,61285,Man on Wire,2008,"Biography,Crime,Documentary"
6.9,3252,The Garden of Sinners: Overlooking View,2007,"Action,Animation,Crime"
7.1,2452,The Garden of Sinners: A Study in Murder - Part 1,2007,"Action,Animation,Crime"
7.3,2343,The Garden of Sinners: Remaining Sense of Pain,2008,"Action,Animation,Crime"
6.7,2451,Detective Conan: Full Score of Fear,2008,"Action,Adventure,Animation"
6.6,2973,20th Century Boys 1: Beginning of the End,2008,"Adventure,Fantasy,Mystery"
6.7,3572,Ali & Ava,2021,"Drama,Romance"
6.9,6144,Vincere,2009,"Biography,Drama,Romance"
7.3,121236,A Complete Unknown,2024,"Biography,Drama,Music"
7.5,672281,Zombieland,2009,"Action,Comedy,Horror"
7.1,530640,Glass Onion,2022,"Comedy,Crime,Drama"
7.3,48153,Undisputed III: Redemption,2010,"Action,Crime,Drama"
6.6,2727,Connected,2008,"Action,Adventure,Crime"
7.2,1748,Ready,2008,"Action,Comedy,Romance"
6.9,2167,On the Path,2010,Drama
6.9,1912,The Happiest Girl in the World,2009,"Comedy,Drama"
7.9,17426,Anvil: The Story of Anvil,2008,"Biography,Documentary,Drama"
6.6,1932,Dog Eat Dog,2008,Thriller
7.2,5364,Roman Polanski: Wanted and Desired,2008,"Crime,Documentary"
8.0,1551,Stranded,2007,Documentary
8.4,28897,Sarpatta Parambarai,2021,"Action,Drama,Sport"
8.0,25276,Karnan,2021,"Action,Drama"
6.8,2851,Eden Is West,2009,Drama
6.6,2430,Juniper,2021,Drama
7.5,3466,Waking Sleeping Beauty,2009,"Documentary,Drama,History"
6.8,1869,Rumba,2008,"Comedy,Drama"
8.0,1082961,Dune: Part One,2021,"Action,Adventure,Drama"
8.0,10528,Nayattu,2021,"Crime,Thriller"
6.8,6333,Naruto Shippuden: The Movie - Bonds,2008,"Action,Animation,Fantasy"
6.8,1665,Boys Over Flowers: Final,2008,Drama
7.4,4479,Suspect X,2008,"Crime,Drama,Mystery"
7.7,2417,The Chicken Curry,2021,"Comedy,Drama,Mystery"
7.0,2062,After Truth: Disinformation and the Cost of Fake News,2020,Documentary
7.7,8955,Beastie Boys Story,2020,"Biography,Documentary,Music"
6.6,2208,"Goodbye, America",2020,"Comedy,Drama,Romance"
6.6,10692,Undine,2020,"Drama,Fantasy,Mystery"
6.9,7935,Shithouse,2020,"Comedy,Drama,Romance"
6.9,2120,Run Uje Run,2020,"Comedy,Drama,Music"
7.4,1825,The Metamorphosis of Birds,2020,"Biography,Documentary,Drama"
7.4,2532,"It's Not Me, I Swear!",2008,"Comedy,Drama,Family"
7.6,4422,Narappa,2021,"Action,Drama"
7.4,98374,Biutiful,2010,"Drama,Romance"
8.0,6024,Operation Java,2021,"Crime,Drama,Thriller"
6.9,15942,AK vs AK,2020,"Comedy,Crime,Drama"
8.4,1644,Playing,2007,"Documentary,Drama"
7.5,77128,Riders of Justice,2020,"Action,Comedy,Drama"
6.7,97692,Lilo & Stitch,2025,"Action,Adventure,Comedy"
6.8,3729,Mother,2020,"Drama,Thriller"
7.2,55479,The Witcher: Nightmare of the Wolf,2021,"Action,Adventure,Animation"
7.2,7282,120,2008,"Drama,History,War"
7.4,72617,Ghajini,2008,"Action,Mystery,Thriller"
7.2,46546,Jailer,2023,"Action,Comedy,Crime"
7.2,1661,March for Freedom,2019,Documentary
6.9,2998,"Crazy, Not Insane",2020,"Biography,Crime,Documentary"
7.6,1599,Monica and Friends: Lessons,2021,"Adventure,Drama,Family"
6.9,25834,The Last Stop in Yuma County,2023,"Crime,Drama,Thriller"
7.1,5764,Don't Be Bad,2015,"Crime,Drama"
6.6,38212,22 Bullets,2010,"Action,Crime,Drama"
6.8,18057,OSS 117: Lost in Rio,2009,"Action,Adventure,Comedy"
6.7,5182,The Mad Women's Ball,2021,"Drama,Thriller"
6.9,22995,The Outrun,2024,"Biography,Drama"
6.7,4059,The Woman Who Ran,2020,Drama
6.6,2210,Days,2020,Drama
7.5,8059,There Is No Evil,2020,Drama
7.7,2326,Return of Hanuman,2007,"Action,Adventure,Animation"
6.6,6975,Crazy About Her,2021,"Comedy,Romance"
7.0,17904,Official Competition,2021,"Comedy,Drama"
6.8,26252,The House,2022,"Animation,Comedy,Drama"
7.8,759108,The Hobbit: The Desolation of Smaug,2013,"Adventure,Fantasy"
7.4,39209,Downton Abbey: A New Era,2022,"Drama,Romance"
6.9,4952,Tambourine,2008,"Comedy,Drama"
8.0,37108,The Breath,2009,"Action,Drama,Thriller"
6.9,2668,Son Ders: Ask ve Üniversite,2008,"Comedy,Drama"
7.5,1659,Ninnila Ninnila,2021,"Comedy,Romance"
6.7,2416,Ajagajantharam,2021,"Action,Comedy"
7.0,137958,Demolition,2015,"Comedy,Drama"
7.5,5113,Sita Sings the Blues,2008,"Animation,Comedy,Fantasy"
6.8,6950,Somers Town,2008,"Comedy,Drama"
6.9,72570,Whip It,2009,"Drama,Sport"
7.7,2437,Machan,2008,"Biography,Comedy,Drama"
7.0,150995,Bronson,2008,"Action,Crime,Drama"
6.6,9662,Catherine Called Birdy,2022,"Adventure,Comedy"
7.1,28609,American Underdog,2021,"Biography,Drama,Romance"
7.3,7120,Lemon Tree,2008,"Drama,War"
6.7,51266,The Company Men,2010,Drama
6.6,3498,Hurricane Season,2009,"Drama,Sport"
7.2,2229,Ka Pae Ranasingam,2020,Drama
6.7,10359,Pathu Thala,2023,"Action,Crime,Drama"
6.9,12016,The Bang Bang Club,2010,"Biography,Drama,History"
7.5,17328,Revanche,2008,"Crime,Drama,Romance"
8.3,3808,Chal Mera Putt 2,2020,Drama
7.5,3059,Walnut Tree,2020,"Drama,History,War"
7.8,4583,The Island,2007,"Action,Biography,Drama"
8.1,4902,30 Rojullo Preminchadam Ela?,2021,"Fantasy,Romance"
7.2,1681,Stella,2008,Drama
7.0,1556,Once Upon a Time in Rio,2008,"Drama,Romance"
7.3,33523,City Island,2009,"Comedy,Drama"
7.2,141391,An Education,2009,Drama
6.6,2358,Perfumes,2019,"Comedy,Drama"
7.6,1641,Little Girl,2020,"Biography,Documentary"
6.7,12377,Me and Orson Welles,2008,"Comedy,Drama"
7.2,2458,Golondaaj,2021,Sport
7.2,2030,Valentino: The Last Emperor,2008,Documentary
6.8,3727,Dance with Me,2019,"Comedy,Drama,Fantasy"
6.7,3247,Cocaine Cowboys 2,2008,"Crime,Documentary,History"
7.0,56780,Away We Go,2009,"Comedy,Drama,Romance"
7.4,6935,Drown,2020,"Crime,Drama,Mystery"
7.1,4570,Sun Children,2020,Drama
7.3,2190,Skunk,2023,Drama
6.6,2256,Eldorado,2008,"Comedy,Drama"
7.0,2351,Between Two Dawns,2021,Drama
7.8,1814,Rocky,2021,"Action,Drama"
7.9,19130,Thiruchitrambalam,2022,"Comedy,Drama,Musical"
8.0,6285,Ranga Maarthaanda,2023,Drama
6.7,20417,Akhanda,2021,"Action,Drama,Fantasy"
7.8,4921,Naandhi,2021,"Crime,Drama,Thriller"
7.1,3135,Ballad of a White Cow,2020,Drama
7.5,33467,A Hero,2021,Drama
7.7,2207,Crock of Gold: A Few Rounds with Shane MacGowan,2020,"Biography,Documentary,Music"
7.1,2116,Shivaji Surathkal,2020,"Drama,Mystery,Thriller"
7.9,6258,The World is Big and Salvation Lurks Around the Corner,2008,Drama
7.1,79497,Whatever Works,2009,"Comedy,Romance"
6.7,39860,Cold in July,2014,"Crime,Thriller"
7.9,17259,The Alpinist,2021,"Biography,Documentary,Sport"
6.6,1511,Old Monk,2022,"Comedy,Romance"
7.0,2337,Wildhood,2021,"Drama,Romance"
7.4,2417,Summer Days with Coo,2007,"Adventure,Animation,Comedy"
7.0,2387,Mithya,2008,"Comedy,Crime,Thriller"
7.2,387854,10 Cloverfield Lane,2016,"Drama,Horror,Sci-Fi"
7.7,5091,American: The Bill Hicks Story,2009,"Animation,Biography,Comedy"
7.7,2179,Sabar Ini Ujian,2020,"Comedy,Drama,Fantasy"
7.7,3415,Given,2020,"Animation,Drama,Music"
8.2,15978,Vaaranam Aayiram,2008,"Action,Drama,Musical"
7.2,12365,Rurouni Kenshin: Final Chapter Part I - The Final,2021,"Action,Adventure,Drama"
7.6,298771,The Banshees of Inisherin,2022,"Comedy,Drama"
6.9,8305,Jack and the Cuckoo-Clock Heart,2013,"Adventure,Animation,Drama"
7.4,5057,The Bone Man,2009,"Comedy,Crime,Thriller"
7.8,397561,Moon,2009,"Drama,Mystery,Sci-Fi"
7.2,60098,Rab Ne Bana Di Jodi,2008,"Comedy,Drama,Music"
6.9,19838,Chocolate,2008,"Action,Drama"
7.9,12944,The Book of Sun,2020,Comedy
6.6,22270,Cracks,2009,"Drama,Mystery,Thriller"
7.8,4942,Murari,2001,"Action,Drama,Romance"
7.9,15017,Marley,2012,"Biography,Documentary,Music"
6.8,8356,The Vicious Kind,2009,"Comedy,Drama"
6.9,26071,Welcome to the Rileys,2010,Drama
7.3,3977,The Stoneman Murders,2009,"Crime,Drama,Mystery"
7.0,43749,The Fallout,2021,Drama
6.8,2885,Ballad for a Pierced Heart,2020,"Comedy,Crime,Drama"
8.4,1776,Dio: Dreamers Never Die,2022,"Biography,Documentary,Music"
7.5,2877,Corman's World: Exploits of a Hollywood Rebel,2011,"Biography,Documentary"
7.7,4285,The Wrecking Crew!,2008,"Documentary,History,Music"
8.0,62869,Waltz with Bashir,2008,"Animation,Biography,Documentary"
7.1,36907,Adam,2009,"Comedy,Drama,Romance"
6.7,203460,The Creator,2023,"Action,Adventure,Drama"
6.6,3661,The Edge of All We Know,2020,Documentary
7.2,4783,Morphine,2008,Drama
7.1,9452,Lorna's Silence,2008,Drama
7.1,276127,Prey,2022,"Action,Adventure,Horror"
7.1,76859,Agora,2009,"Adventure,Biography,Drama"
8.4,487471,3 Idiots,2009,"Comedy,Drama"
7.3,6864,The Maid,2009,"Comedy,Drama"
6.9,151161,Triangle,2009,"Fantasy,Mystery,Sci-Fi"
8.2,6002,David Byrne's American Utopia,2020,"Documentary,Music,Musical"
7.4,2236,Torn,2021,Documentary
6.7,168894,Pandorum,2009,"Action,Horror,Mystery"
7.5,4230,The Teacher Who Promised the Sea,2023,"Biography,Drama"
7.9,123852,My Name Is Khan,2010,"Drama,Romance"
7.6,181688,The Skin I Live In,2011,"Drama,Mystery,Thriller"
7.1,9421,Hard Truths,2024,"Comedy,Drama"
6.9,5651,The Laws of the Border,2021,Thriller
7.4,14840,Downfall: The Case Against Boeing,2022,Documentary
7.3,271979,The Lincoln Lawyer,2011,"Crime,Drama,Mystery"
6.6,31021,The Stranger,2022,"Crime,Drama,Thriller"
6.8,2820,Ilya and the Robber,2007,"Adventure,Animation,Comedy"
7.9,2088,Caught in the Net,2020,"Crime,Documentary"
7.4,54678,Black Dynamite,2009,"Action,Comedy"
7.8,81939,The Chaser,2008,"Action,Crime,Drama"
7.6,13557,Athlete A,2020,"Crime,Documentary,Sport"
7.1,3187,Kubrick by Kubrick,2020,Documentary
6.9,1883,Stray,2020,Documentary
7.0,3783,Amreeka,2009,Drama
6.7,1811,"Road, Movie",2009,"Adventure,Comedy,Crime"
7.2,95356,Enter the Void,2009,"Drama,Fantasy"
7.4,7109,Jalsa,2008,"Action,Comedy"
7.1,3294,18 Pages,2022,Romance
7.1,2500,Lucy Shimmers and the Prince of Peace,2020,"Drama,Family"
8.2,6071,Derek DelGaudio's In & Of Itself,2020,Documentary
7.3,323056,Rango,2011,"Action,Adventure,Animation"
7.0,9573,Alcarràs,2022,Drama
7.4,362171,Up in the Air,2009,"Comedy,Drama,Romance"
7.3,2434,Going by the Book,2007,"Action,Comedy"
7.0,23206,Badhaai Do,2022,"Comedy,Drama,Romance"
6.9,3693,Smyrna,2021,"Drama,History,War"
7.8,3513,The Velvet Queen,2021,Documentary
7.6,2091,Tonic Film,2021,"Comedy,Drama,Music"
6.6,329655,The Bourne Legacy,2012,"Action,Adventure,Thriller"
6.8,3392,Mascarpone,2021,"Comedy,Drama,Romance"
7.2,21514,Polytechnique,2009,"Crime,Drama,History"
7.0,24881,Get Low,2009,"Drama,Mystery"
7.3,3136,Into Eternity: A Film for the Future,2010,Documentary
7.3,3095,Rebel,2022,"Action,Drama,Thriller"
7.8,7409,Silent Wedding,2008,"Comedy,Drama,History"
6.8,4074,Sky of Love,2007,"Drama,Romance"
7.1,2003,Oh Manapenne,2021,"Comedy,Drama,Romance"
8.2,9397,Garuda Gamana Vrishabha Vahana,2021,"Crime,Drama,Thriller"
6.7,18531,A Whisker Away,2020,"Adventure,Animation,Drama"
6.8,24732,Cemetery Junction,2010,"Comedy,Drama"
7.4,2199,Dracula Sir,2020,"Crime,Horror,Thriller"
6.6,1947,The Night Doctor,2020,"Crime,Drama,Thriller"
6.8,14068,One Chance,2013,"Biography,Comedy,Drama"
7.4,347920,Law Abiding Citizen,2009,"Action,Crime,Drama"
6.8,42040,Vengeance,2022,"Comedy,Music,Mystery"
7.3,28712,You're Not You,2014,Drama
7.4,4458,Election Day,2007,Comedy
7.1,4116,Parugu,2008,"Action,Drama,Romance"
7.1,2748,In the Beginning,2009,"Crime,Drama"
8.9,36332,David Attenborough: A Life on Our Planet,2020,"Biography,Documentary"
7.5,1519,Kamali from Nadukkaveri,2021,Drama
7.4,12767,Rurouni Kenshin: Final Chapter Part II - The Beginning,2021,"Action,Adventure,Drama"
8.2,10181,Saptha Sagaradaache Ello - Side A,2023,"Drama,Romance"
7.0,5166,Made You Look: A True Story About Fake Art,2020,"Crime,Documentary"
6.8,20716,The Color Purple,2023,"Drama,Musical"
7.0,2073,La Mission,2009,Drama
6.7,122201,Violent Night,2022,"Action,Comedy,Thriller"
6.9,29654,Vikrant Rona,2022,"Action,Drama,Mystery"
8.1,1057871,Harry Potter and the Deathly Hallows: Part 2,2011,"Adventure,Family,Fantasy"
6.8,6039,Wildflower,2022,"Comedy,Drama"
6.6,4137,Accident,2009,"Mystery,Thriller"
7.2,2100,LA Originals,2020,Documentary
7.3,2531,Elephant,2020,"Adventure,Biography,Documentary"
7.4,325437,Furiosa: A Mad Max Saga,2024,"Action,Adventure,Sci-Fi"
8.2,499963,Project Hail Mary,2026,"Adventure,Comedy,Drama"
7.5,35575,Tyrannosaur,2011,Drama
7.1,101431,The Muppets,2011,"Adventure,Comedy,Family"
6.6,4305,Everyone Else,2009,"Drama,Romance"
6.6,140696,Last Vegas,2013,Comedy
8.1,867757,Gran Torino,2008,Drama
6.8,1733,Antique,2008,"Comedy,Drama,Romance"
6.8,5755,Chess Story,2021,"Drama,Thriller,War"
7.4,5584,Camino,2008,Drama
6.9,2221,"One Piece: Episode of Chopper Plus - Bloom in the Winter, Miracle Sakura",2008,"Action,Animation,Comedy"
6.7,7706,The Milk of Sorrow,2009,"Drama,Music"
6.7,133206,Out of the Furnace,2013,"Crime,Drama,Thriller"
7.7,2566,Thinkalazhcha Nishchayam,2021,"Comedy,Drama,Romance"
6.6,4409,Beautiful Kate,2009,"Drama,Mystery"
6.7,69091,Brooklyn's Finest,2009,"Crime,Drama,Thriller"
7.6,514722,Moneyball,2011,"Biography,Drama,Sport"
6.6,2040,Alles op tafel,2021,"Comedy,Drama"
7.5,891447,Doctor Strange,2016,"Action,Adventure,Fantasy"
6.6,2143,Middle of Nowhere,2012,Drama
6.7,271941,Escape Plan,2013,"Action,Thriller"
6.6,106699,The Lost City of Z,2016,"Adventure,Biography,Drama"
7.2,263677,Lawless,2012,"Biography,Crime,Drama"
7.0,2230,Out of Shadows,2020,Documentary
6.8,9027,Have a Good Trip,2020,"Comedy,Documentary"
6.9,6397,Good Hair,2009,"Comedy,Documentary"
7.3,218690,First Man,2018,"Biography,Drama,History"
6.9,314436,The World's End,2013,"Action,Comedy,Sci-Fi"
6.9,1941,The Sicilian Girl,2008,"Crime,Drama"
6.7,37305,Metal Lords,2022,"Comedy,Music"
7.9,6779,Happy Days,2007,Drama
6.7,1895,13 Semester,2009,"Comedy,Drama,Romance"
7.0,8474,Jannat: In Search of Heaven...,2008,"Crime,Drama,Romance"
7.1,102396,The Girl Who Played with Fire,2009,"Action,Crime,Drama"
6.9,50392,Kill the Messenger,2014,"Biography,Crime,Drama"
7.7,81290,Mother,2009,"Crime,Drama,Mystery"
7.1,483818,Brave,2012,"Action,Adventure,Animation"
7.0,16631,Secret of the Wings,2012,"Animation,Family,Fantasy"
7.3,4036,Achilles and the Tortoise,2008,"Comedy,Drama"
7.3,4213,Radio Day,2008,Comedy
7.1,10367,Anything for Her,2008,"Crime,Drama,Thriller"
6.9,3480,Planet of the Humans,2019,Documentary
7.4,652624,Limitless,2011,"Sci-Fi,Thriller"
6.9,92444,Legend of the Guardians: The Owls of Ga'Hoole,2010,"Action,Adventure,Animation"
6.6,27320,Whitney Houston: I Wanna Dance with Somebody,2022,"Biography,Drama,Music"
7.0,3940,Wonderfully Beautiful,2022,"Comedy,Drama,Romance"
8.0,244777,Ip Man,2008,"Action,Biography,Drama"
6.9,3473,Welcome to Sajjanpur,2008,"Comedy,Drama"
7.2,8696,Becoming,2020,"Biography,Documentary"
6.7,12928,Big George Foreman,2023,"Biography,Drama,Sport"
7.1,6546,Chimpanzee,2011,"Documentary,Family"
7.5,6974,African Cats,2010,"Adventure,Documentary"
6.6,7028,The Door,2009,"Drama,Mystery,Sci-Fi"
6.8,4767,Tony Manero,2008,"Crime,Drama,Music"
7.0,3816,Jerichow,2008,"Drama,Thriller"
6.8,2345,Made in Hungaria,2009,"Biography,Comedy,Music"
7.2,2517,200 Meters,2020,"Adventure,Drama"
6.8,1945,Four Nights with Anna,2008,"Crime,Drama"
6.6,1983,Metronom,2022,Drama
7.8,80688,Thirteen Lives,2022,"Biography,Drama,Thriller"
6.6,9884,The Greatest,2009,"Drama,Romance"
7.0,25754,I Am Love,2009,"Drama,Romance"
7.1,15994,A Late Quartet,2012,"Drama,Music"
7.5,48717,The Damned United,2009,"Biography,Drama,Sport"
6.6,103930,Edge of Darkness,2010,"Action,Adventure,Drama"
7.0,175455,Extraction II,2023,"Action,Crime,Thriller"
6.8,74601,The Debt,2010,"Drama,Thriller"
7.4,64461,In the Loop,2009,Comedy
7.4,131605,Beautiful Boy,2018,"Biography,Drama"
7.5,9066,"Fat, Sick & Nearly Dead",2010,Documentary
6.7,4023,Hellsinki,2009,"Biography,Crime,Drama"
6.9,3963,London River,2009,"Drama,Mystery"
6.9,950729,Iron Man 2,2010,"Action,Sci-Fi"
6.6,10250,Big Fan,2009,"Comedy,Crime,Drama"
7.1,133795,Let Me In,2010,"Drama,Fantasy,Horror"
7.4,568239,Mission: Impossible - Ghost Protocol,2011,"Action,Adventure,Thriller"
7.6,14021,It Might Get Loud,2008,"Documentary,Music"
6.6,4283,Outside the Law,2010,"Crime,Drama,War"
7.3,98180,Jane Eyre,2011,"Drama,Mystery,Romance"
6.7,257617,Mickey 17,2025,"Adventure,Comedy,Fantasy"
7.1,3083,Thittam Irandu,2021,"Crime,Drama,Mystery"
7.4,216606,Bugonia,2025,"Comedy,Crime,Sci-Fi"
7.7,23561,Rock On!!,2008,"Drama,Music"
6.6,9381,Same Kind of Different as Me,2017,"Biography,Drama"
7.3,25237,The Yellow Sea,2010,"Action,Crime,Drama"
6.6,104012,It's Complicated,2009,"Comedy,Drama,Romance"
6.9,3910,Unfit: The Psychology of Donald Trump,2020,"Biography,Documentary"
6.6,2809,On the Fringe,2022,Drama
7.2,2142,Teenage Paparazzo,2010,Documentary
7.4,44338,Capitalism: A Love Story,2009,"Crime,Documentary,History"
7.1,1514,Softie,2021,Drama
7.3,68608,Fish Tank,2009,Drama
7.2,2384,Of Time and the City,2008,"Biography,Documentary"
6.9,6937,Involuntary,2008,Drama
7.2,652809,21 Jump Street,2012,"Action,Comedy,Crime"
7.2,5943,Crows Zero II,2009,"Action,Comedy,Crime"
7.2,8127,Pariah,2011,Drama
7.3,24326,Three Monkeys,2008,Drama
7.3,1675,Miracle of Giving Fool,2008,"Comedy,Romance"
7.1,2143,The Garden of Sinners: The Hollow Shrine,2008,"Action,Animation,Crime"
6.7,2522,Reykjavik-Rotterdam,2008,Thriller
7.5,1926,Daughters,2024,Documentary
6.6,2243,Terra Nova,2008,"Action,Drama,Thriller"
7.1,2156,Chico Xavier,2010,"Biography,Drama"
6.8,3897,A Kind of America 2,2008,Comedy
6.6,2753,Last Ride,2009,"Crime,Drama"
7.8,108064,A Prophet,2009,"Crime,Drama"
6.6,6383,Where Hands Touch,2018,"Drama,Romance,War"
6.7,42865,Wild Target,2010,"Action,Comedy,Crime"
6.6,3571,VIPs,2010,"Biography,Crime,Drama"
6.8,1785,Magic Trip: Ken Kesey's Search for a Kool Place,2011,Documentary
6.8,23672,Ondine,2009,"Drama,Mystery,Romance"
7.2,10102,Chico & Rita,2009,"Animation,Crime,Drama"
7.5,17550,Sidewalls,2011,"Comedy,Drama"
8.4,45702,Drishyam 2,2021,"Crime,Drama,Mystery"
7.9,477927,Zack Snyder's Justice League,2021,"Adventure,Fantasy,Sci-Fi"
7.8,8939,Lemmy,2010,"Biography,Documentary,Music"
6.8,10453,Emily,2022,"Biography,Drama,History"
6.6,10147,Mystery Team,2009,"Comedy,Crime,Mystery"
7.0,2166,Rang Rasiya,2008,"Biography,Drama,History"
6.6,16826,Bulbbul,2020,"Drama,Horror,Mystery"
7.0,5713,Hipsters,2008,"Drama,Musical,Romance"
6.8,2429,The Last Days of Emma Blank,2009,"Comedy,Drama"
7.2,2998,Little Big Women,2020,"Drama,Family"
6.8,4619,The Last Rifleman,2023,"Biography,Drama,War"
7.6,11974,Aamir,2008,"Crime,Drama,Thriller"
7.0,3819,Objectified,2009,Documentary
8.3,13038,Attack on Titan: Chronicle,2020,"Action,Adventure,Animation"
6.7,2617,Kingdom 2: Far and Away,2022,"Action,Adventure,History"
7.6,74267,Cell 211,2009,"Action,Crime,Drama"
7.4,182917,We Need to Talk About Kevin,2011,"Drama,Mystery,Thriller"
6.9,3023,Rebellion,2011,"Action,Drama,History"
7.0,1695,Oscar and the Lady in Pink,2009,Drama
7.1,18733,Looking for Eric,2009,"Comedy,Drama,Fantasy"
6.9,9363,A Thousand and One,2023,"Crime,Drama"
7.2,1922,Pompo: The Cinéphile,2021,"Animation,Comedy,Drama"
6.9,3498,Love Affair(s),2020,"Comedy,Drama,Romance"
6.7,3043,Gagarine,2020,"Drama,Fantasy"
7.0,3730,The Big Hit,2020,"Comedy,Drama"
6.6,2753,Beginning,2020,Drama
7.5,3611,Fish Story,2009,"Action,Comedy,Music"
7.2,42872,Soul Kitchen,2009,"Comedy,Drama"
7.2,48372,Conviction,2010,"Biography,Crime,Drama"
6.6,458006,This Is the End,2013,"Adventure,Comedy,Fantasy"
7.0,340358,RED,2010,"Action,Comedy,Crime"
7.7,19549,Mahaan,2022,"Action,Drama,Thriller"
6.6,19694,Shrink,2009,"Comedy,Drama"
7.3,70789,Decision to Leave,2022,"Crime,Drama,Mystery"
7.5,3330,Attica,2021,"Documentary,History"
6.8,2944,Mere Desh Ki Dharti,2022,"Comedy,Drama"
7.9,5010,Global Metal,2008,"Documentary,Music"
6.8,1838,A (Ad Infinitum),2021,"Family,Thriller"
6.9,2141,Kadakh,2019,"Comedy,Drama,Thriller"
7.6,623421,Kick-Ass,2010,"Action,Comedy,Crime"
6.6,2301,Innocence,2020,"Crime,Drama,Thriller"
6.6,5322,Bunny and the Bull,2009,"Comedy,Drama"
6.8,39037,Middle Men,2009,"Comedy,Crime,Drama"
6.7,3217,North,2009,"Comedy,Drama"
7.1,11348,The American,2023,"Biography,Drama"
6.9,2124,All In: The Fight for Democracy,2020,Documentary
8.3,256840,Incendies,2010,"Drama,Mystery,War"
7.2,22920,Raat Akeli Hai,2020,"Crime,Drama,Mystery"
7.0,9177,The Phantom of the Open,2021,"Biography,Comedy,Drama"
6.7,2150,Okay Madam,2020,"Action,Comedy,Thriller"
6.9,1851,Love,2020,"Drama,Thriller"
6.7,39674,Sharper,2023,"Crime,Drama,Thriller"
6.7,2233,Hadewijch,2009,Drama
6.9,1643,Backyard,2009,"Crime,Drama,Mystery"
6.9,7337,Bergen,2022,"Biography,Drama,Music"
6.7,3742,Army of Crime,2009,"Drama,History,War"
6.7,2165,Father and Guns,2009,"Action,Comedy,Crime"
6.7,135779,Exam,2009,"Crime,Mystery,Thriller"
6.7,15072,Anniversary,2025,Thriller
7.5,36785,Mesrine: Killer Instinct,2008,"Action,Biography,Crime"
7.3,544254,Bullet Train,2022,"Action,Comedy,Thriller"
7.0,494102,The Cabin in the Woods,2011,"Horror,Mystery,Thriller"
7.0,154922,Den of Thieves,2018,"Action,Crime,Drama"
7.3,3131,In the Heart of the Machine,2022,"Drama,Thriller"
7.2,1775,Doraemon the Movie: Nobita's New Great Adventure into the Underworld,2007,"Adventure,Animation,Comedy"
7.8,16212,Ghost in the Shell 2.0,2008,"Action,Animation,Crime"
8.0,17462,Gulaal,2009,"Crime,Drama,Thriller"
7.1,40725,Parallel Mothers,2021,Drama
7.1,2247,Lovecraft: Fear of the Unknown,2008,"Biography,Documentary"
6.8,8559,Take Me Home,2011,"Comedy,Romance"
7.3,255620,Wicked,2024,"Fantasy,Musical,Romance"
7.0,6128,Churuli,2021,"Fantasy,Horror,Mystery"
6.8,42432,World's Greatest Dad,2009,"Comedy,Drama"
7.2,99544,Crazy Heart,2009,"Drama,Music,Romance"
7.3,2735,Firaaq,2008,"Drama,History,Thriller"
6.7,1876,Clara Sola,2021,"Drama,Fantasy"
7.5,1857,Ardha Shathabdham,2021,"Action,Drama,Romance"
6.6,8628,The Beautiful Person,2008,"Comedy,Drama"
7.4,1651,Kaathala Kaathala,1998,"Comedy,Drama,Romance"
7.9,1784,Ram Singh Charlie,2020,Drama
7.1,15006,Little Nicholas,2009,"Comedy,Family"
7.2,5743,Zift,2008,"Crime,Drama,Mystery"
6.7,1618,Bad Blood,2021,"Drama,History,Western"
7.1,41065,Nowhere Boy,2009,"Biography,Drama,Music"
7.0,2057,A Distant Neighbourhood,2010,"Comedy,Drama,Fantasy"
7.7,6784,Mumbai Meri Jaan,2008,Drama
7.0,4641,Cape No. 7,2008,"Comedy,Drama,Music"
6.7,27392,The Three Musketeers - Part I: D'Artagnan,2023,"Action,Adventure,History"
6.6,44090,Malcolm & Marie,2021,"Drama,Romance"
7.6,7354,C U Soon,2020,"Drama,Mystery,Thriller"
7.3,54916,The Hand of God,2021,Drama
7.8,9099,Waste Land,2010,Documentary
6.6,1983,Beyto,2020,Drama
6.7,4236,Kala,2021,"Action,Thriller"
6.7,2684,A Love Song,2022,Romance
7.0,65564,The Devil's Double,2011,"Biography,Drama,Thriller"
6.8,6022,To Save a Life,2009,Drama
6.6,613854,Venom,2018,"Action,Adventure,Sci-Fi"
7.7,769424,X-Men: First Class,2011,"Action,Sci-Fi"
7.0,11982,"Paris, 13th District",2021,"Comedy,Drama,Romance"
7.3,1876,Wild Roots,2021,Drama
6.6,2290,Kandagar,2010,"Action,Drama,War"
6.7,238748,2 Guns,2013,"Action,Comedy,Crime"
7.3,48118,Old Henry,2021,"Action,Drama,Western"
7.2,2012,Wait for Me and I Will Not Come,2009,"Drama,Romance"
6.6,2661,David's Birthday,2009,"Drama,Mystery,Romance"
7.6,1791,These Amazing Shadows,2011,Documentary
6.8,7251,Words Bubble Up Like Soda Pop,2020,"Animation,Drama,Music"
7.0,77178,Kalki 2898 AD,2024,"Action,Adventure,Sci-Fi"
7.8,2017,Nenu C/o Nuvvu,2022,"Drama,Romance"
6.6,3621,Woochi: The Demon Slayer,2009,"Action,Adventure,Comedy"
7.4,19088,Kaminey,2009,"Action,Crime,Drama"
6.9,4929,Listen to Your Heart,2010,"Drama,Music,Romance"
7.0,2021,The Inner Cage,2021,Drama
7.2,2760,Diary,2022,"Crime,Drama,Thriller"
7.4,109645,Tetris,2023,"Biography,Drama,History"
7.2,3650,Comedy Couple,2020,"Comedy,Romance"
6.8,18505,Love Aaj Kal,2009,"Comedy,Drama,Romance"
7.4,631235,Looper,2012,"Action,Drama,Sci-Fi"
7.3,2540,Robin's Wish,2020,"Biography,Documentary"
6.8,7672,Deliver Us from Evil,2020,"Action,Crime,Thriller"
7.5,54352,A Royal Affair,2012,"Biography,Drama,History"
7.6,6914,How to Make Money Selling Drugs,2012,"Crime,Documentary"
6.8,1972,Heroes of Halyard,2023,"Biography,Drama,History"
6.9,4509,Mid-August Lunch,2008,"Comedy,Drama"
7.9,23300,The Stoning of Soraya M.,2008,Drama
6.8,220308,Madagascar 3: Europe's Most Wanted,2012,"Adventure,Animation,Comedy"
7.9,2512,The Garden of Sinners: Paradox Spiral,2008,"Action,Animation,Crime"
7.1,10209,Sound of Noise,2010,"Comedy,Crime,Music"
7.3,1945,Final Account,2020,Documentary
7.2,139088,Belfast,2021,"Biography,Drama"
7.0,1903,Examined Life,2008,Documentary
6.8,11001,Night in Paradise,2020,"Action,Crime,Drama"
6.6,1604,No Impact Man: The Documentary,2009,Documentary
7.4,226613,Luca,2021,"Adventure,Animation,Comedy"
7.1,1507,76 Days,2020,"Documentary,Drama"
7.0,1900,MLK/FBI,2020,"Biography,Documentary,History"
7.2,2510,Under the Open Sky,2020,"Crime,Drama"
6.7,4144,A Boyfriend for My Wife,2008,"Comedy,Romance"
8.1,86416,A Wednesday,2008,"Action,Crime,Drama"
7.1,5940,Last Stop 174,2008,"Crime,Drama,Thriller"
7.6,17523,Hundreds of Beavers,2022,"Action,Adventure,Comedy"
8.6,1998,Helsreach: The Movie,2019,Sci-Fi
7.9,13477,Cars of the Revolution,2008,"Drama,History"
7.0,446468,Easy A,2010,"Comedy,Drama,Romance"
6.7,1526,Cartagena,2009,"Drama,Romance"
8.1,8206,Sorry to Disturb,2008,"Comedy,Drama,Mystery"
7.3,2625,No Dogs or Italians Allowed,2022,"Animation,Drama,Family"
6.6,2462,Student No. 1,2001,"Action,Crime,Drama"
7.4,2217,Love the Beast,2009,"Documentary,Sport"
6.9,1560,The Country Teacher,2008,"Drama,Romance"
6.6,3038,Shirin,2008,Drama
6.6,3554,Süt,2008,Drama
6.8,3444,Everything Went Fine,2021,Drama
7.8,825983,The Social Network,2010,"Biography,Drama"
8.2,2617,Break the Silence: The Movie,2020,"Documentary,Music"
7.1,3182,Pandora's Box,2008,Drama
6.7,5415,Zombie Reddy,2021,"Action,Comedy,Horror"
6.6,7534,Trollhunters: Rise of the Titans,2021,"Action,Adventure,Animation"
7.1,62305,Don 2,2011,"Action,Crime,Thriller"
6.9,3227,Mademoiselle Chambon,2009,"Drama,Romance"
6.6,4500,Dangerous,2022,"Action,Crime,Drama"
6.7,7367,Chhorii,2021,"Drama,Horror,Mystery"
7.4,49473,A.R.O.G,2008,"Comedy,Sci-Fi"
7.3,2260,The Eagle Path,2010,"Action,Crime,Drama"
7.2,2251,The Year I Became a Liar,2009,"Comedy,Drama,Family"
6.7,16044,Chandigarh Kare Aashiqui,2021,"Crime,Drama"
7.8,52935,"Food, Inc.",2008,"Documentary,News"
8.4,2738,30 Years and 15 Minutes,2020,"Animation,Documentary"
6.7,3077,Dossier K.,2009,"Action,Crime,Drama"
6.9,2850,Skirt Day,2008,Drama
7.6,5844,More Than a Game,2008,"Biography,Documentary,Sport"
6.7,1795,Wesele,2021,Drama
6.6,2020,Sight,2023,"Biography,Drama,History"
7.4,2742,A Brand New Life,2009,Drama
7.8,14988,Poetry,2010,Drama
7.7,12812,"Josee, the Tiger and the Fish",2020,"Animation,Drama,Romance"
7.5,5730,When We Leave,2010,Drama
7.6,2285,Gurren Lagann the Movie: Childhood's End,2008,"Action,Animation,Comedy"
7.9,2020,How I Learned to Fly,2022,"Comedy,Drama,Family"
7.8,6830,Dasvidaniya,2008,"Comedy,Drama"
6.6,3202,The Forbidden Door,2009,"Horror,Mystery,Thriller"
6.6,5131,Some Like It Rare,2021,"Comedy,Horror"
8.1,72248,My Octopus Teacher,2020,"Documentary,Drama"
6.8,259946,Ghostbusters,2016,"Action,Comedy,Fantasy"
7.3,58359,The Guernsey Literary and Potato Peel Pie Society,2018,"Drama,Romance,War"
7.2,95103,Harry Brown,2009,"Action,Crime,Drama"
6.7,1594,S&M Judge,2009,"Biography,Drama"
7.2,2895,Me Too,2009,Drama
7.1,2158,Classmates Minus,2020,"Comedy,Drama"
6.9,3167,Two Types of People,2020,Drama
7.3,76793,The Life of Chuck,2024,"Drama,Fantasy,Sci-Fi"
6.8,3596,John Luther,2022,"Crime,Mystery,Thriller"
7.1,20321,Raajneeti,2010,"Drama,Thriller"
6.8,13514,The Vanishing of Sidney Hall,2017,"Drama,Mystery,Romance"
7.0,47559,Behind the Candelabra,2013,"Biography,Drama,Music"
8.1,532221,Warrior,2011,"Action,Drama,Sport"
6.7,1730,Zombivli,2022,"Comedy,Drama,Horror"
6.7,20870,Easy Money,2010,"Action,Crime,Drama"
7.7,19784,Oye Lucky! Lucky Oye!,2008,"Comedy,Crime,Drama"
7.6,1696,Casting By,2012,"Biography,Documentary"
6.7,6560,The Trotsky,2009,"Comedy,Drama"
7.7,1971,Larry,2022,Drama
7.1,1703,Nenjuku Needhi,2022,"Crime,Drama,Mystery"
6.9,4737,Johan Falk: GSI - Gruppen för särskilda insatser,2009,"Action,Crime,Thriller"
7.6,4277,Atkan Chatkan,2020,"Drama,Musical"
7.7,3415,Lucy and Desi,2022,"Biography,Comedy,Documentary"
7.0,6731,A Son of the Sun,2008,"Comedy,Fantasy"
7.2,4636,The Goat and Her Three Kids,2022,"Drama,Horror,Thriller"
6.6,10743,Eva,2011,"Drama,Fantasy,Romance"
6.6,612412,Pirates of the Caribbean: On Stranger Tides,2011,"Action,Adventure,Fantasy"
6.9,3044,Tiki Taka,2020,"Comedy,Sport"
7.2,38276,American Murder: The Family Next Door,2020,"Crime,Documentary"
6.6,1775,Oldboys,2009,"Comedy,Drama"
7.0,1657,The Equation of Love and Death,2008,"Crime,Drama,Romance"
7.0,4831,The Age of Stupid,2009,"Documentary,History,News"
7.1,977607,Iron Man 3,2013,"Action,Adventure,Sci-Fi"
7.9,2871,The Rainbow Troops,2008,"Adventure,Drama,Family"
7.0,2323,Manticore,2022,Drama
6.8,2910,The Fable: The Killer Who Doesn't Kill,2021,"Action,Comedy,Mystery"
7.8,477331,The Irishman,2019,"Biography,Crime,Drama"
7.3,362054,Kung Fu Panda 2,2011,"Action,Adventure,Animation"
7.4,15453,Khuda Haafiz: Chapter 2 - Agni Pariksha,2022,"Action,Crime,Drama"
6.7,2356,The String,2009,"Drama,Romance"
7.6,27415,A Thursday,2022,"Drama,Thriller"
7.4,1523,Buried: The 1982 Alpine Meadows Avalanche,2021,Documentary
7.0,1605,As Simple as That,2008,Drama
6.7,38284,Defendor,2009,"Comedy,Crime,Drama"
6.6,15195,Paper Lives,2021,Drama
7.1,20968,Broker,2022,"Comedy,Crime,Drama"
7.5,1782,Miles Davis: Birth of the Cool,2019,"Biography,Documentary,Music"
7.2,33896,Enthiran,2010,"Action,Sci-Fi,Thriller"
6.6,1686,King,2008,"Action,Comedy,Crime"
8.2,244428,The Secret in Their Eyes,2009,"Drama,Mystery,Romance"
7.3,7924,Blackpink: Light Up the Sky,2020,"Documentary,Music"
8.0,3683,The Soviet Story,2008,"Documentary,History,War"
7.6,3514,Totally Under Control,2020,Documentary
7.1,16802,The Good Boss,2021,"Comedy,Drama"
7.6,355746,50/50,2011,"Comedy,Drama,Romance"
6.7,123627,Seeking a Friend for the End of the World,2012,"Adventure,Comedy,Drama"
7.3,1689,The Hijacking of Flight 375,2023,"Action,Drama,History"
6.7,2321,The Execution,2021,"Crime,Mystery,Thriller"
7.1,2826,American Grindhouse,2010,Documentary
7.4,1763,Let's Make Money,2008,Documentary
7.1,1643,Saroja,2008,"Adventure,Comedy,Crime"
6.6,7213,Mulan: Rise of a Warrior,2009,"Adventure,Biography,Drama"
7.5,3404,Soulmate,2023,"Drama,Romance"
6.6,9437,Concrete Utopia,2023,"Action,Adventure,Drama"
7.1,15543,I'm Your Man,2021,"Comedy,Drama,Romance"
6.8,1908,Putham Pudhu Kaalai,2020,Drama
6.7,4272,Our Grand Despair,2011,Drama
6.7,2453,Afstiros katallilo,2008,Comedy
7.4,5132,The Phenomenon,2020,Documentary
8.1,8226,Colour Photo,2020,Drama
7.5,41096,One Life,2023,"Biography,Drama,History"
7.6,1935,Play Back,2021,"Crime,Fantasy,Romance"
7.1,2095,My Missing Valentine,2020,"Comedy,Drama,Fantasy"
6.9,31916,The Trip,2021,"Action,Comedy,Horror"
6.6,1538,The Human Resources Manager,2010,"Comedy,Drama"
7.4,3313,On the Way to School,2008,"Documentary,Drama"
7.4,331553,Frankenstein,2025,"Drama,Fantasy,Horror"
6.7,1741,Pathonpatham Noottandu,2022,"Action,Drama,History"
6.6,1688,Maestro,2021,"Crime,Drama,Music"
6.8,18635,Hit: The First Case,2022,"Crime,Drama,Mystery"
7.2,63764,Animal Kingdom,2010,"Crime,Drama,Thriller"
8.4,52772,The Cove,2009,"Biography,Crime,Documentary"
6.9,45664,Mission Majnu,2023,"Action,Drama,History"
7.1,27541,Vikram Vedha,2022,"Action,Crime,Drama"
6.7,2510,Hold Me Tight,2021,Drama
6.6,26047,My Policeman,2022,"Drama,Romance"
7.5,7834,Welcome,2009,Drama
6.6,166309,Borat Subsequent Moviefilm,2020,Comedy
7.2,6081,Nail Polish,2021,Drama
7.2,7624,Secrets of the Saqqara Tomb,2020,"Documentary,History"
6.6,5549,Cherry,2010,"Comedy,Drama"
7.5,122572,A Single Man,2009,"Drama,Romance,Thriller"
7.0,3657,Love Me Instead,2021,Drama
7.5,3784,Kaanekkaane,2021,"Drama,Thriller"
6.6,47834,The Loved Ones,2009,"Crime,Horror"
7.7,21631,The Turin Horse,2011,Drama
6.7,5501,Plan B,2021,Comedy
7.3,1706,CS Lewis: The Most Reluctant Convert,2021,"Biography,Drama,History"
7.6,608696,Rise of the Planet of the Apes,2011,"Action,Drama,Sci-Fi"
6.6,84130,Mufasa: The Lion King,2024,"Adventure,Animation,Drama"
6.9,5289,Home,2008,Drama
6.8,16721,Little Big Soldier,2010,"Action,Adventure,Comedy"
7.7,2518,The Most Dangerous Man in America: Daniel Ellsberg and the Pentagon Papers,2009,Documentary
6.7,2926,Mustafa,2008,"Biography,Documentary,Drama"
7.5,3676,The Interrupters,2011,"Crime,Documentary"
7.9,2088,In Search of Darkness Part II: The Journey Into '80s Horror Continues,2020,"Documentary,History,Horror"
7.5,19209,The Concert,2009,"Comedy,Drama,Music"
7.5,1910,We Can Do That,2008,Comedy
6.9,5683,Nothing Personal,2009,Drama
7.3,21123,Petite Maman,2021,"Drama,Fantasy"
8.1,2263,The Three Deaths of Marisela Escobedo,2020,"Crime,Documentary"
7.7,12976,Joji,2021,"Crime,Drama"
6.8,20083,Swan Song,2021,"Drama,Romance,Sci-Fi"
7.2,56182,In the Heights,2021,"Drama,Musical,Romance"
6.6,52357,The Beaver,2011,Drama
6.7,229751,Gangster Squad,2013,"Action,Crime,Drama"
7.2,100278,August: Osage County,2013,"Comedy,Drama"
6.9,1518,Sunshine Superman,2014,"Biography,Documentary,Sport"
6.6,2456,Headhunter,2009,Thriller
7.5,12570,Submarino,2010,Drama
6.8,26131,Alone,2008,"Drama,Romance"
7.1,30112,God's Crooked Lines,2022,"Drama,Mystery,Thriller"
7.7,20012,About Dry Grasses,2023,Drama
7.6,638833,Despicable Me,2010,"Adventure,Animation,Comedy"
7.1,2496,Fractured,2020,Drama
7.8,176510,Past Lives,2023,"Drama,Romance"
6.9,4647,The Mill and the Cross,2011,"Drama,History"
7.6,37703,Wake Up Sid,2009,"Comedy,Drama,Romance"
6.8,1697,The Woman with a Broken Nose,2010,"Comedy,Drama,Romance"
7.5,4302,Middle Class Melodies,2020,"Comedy,Drama,Romance"
8.2,6326,The Mole: Undercover in North Korea,2020,"Documentary,Thriller"
7.2,4278,DJ Tillu,2022,"Action,Comedy,Romance"
8.0,1707,Missing: Search vs Revenge,2021,"Mystery,Thriller"
7.5,2192,Raja Raja Chora,2021,Comedy
6.6,5033,The People vs. George Lucas,2010,"Comedy,Documentary"
7.1,2111,Angela's Christmas Wish,2020,"Adventure,Animation,Comedy"
7.5,2580,The Art of the Steal,2009,Documentary
7.4,7477,Full Time,2021,"Drama,Thriller"
6.8,4890,New Gods: Nezha Reborn,2021,"Action,Animation,Fantasy"
7.5,26613,Red Cliff II,2009,"Action,Adventure,Drama"
7.9,34608,Dev.D,2009,"Comedy,Drama,Romance"
6.7,10422,Brian and Charles,2022,"Comedy,Drama,Sci-Fi"
7.7,2355,Pawn,2020,"Comedy,Drama,Family"
7.3,6951,Sun and Concrete,2023,"Adventure,Crime,Drama"
6.8,111252,Reptile,2023,"Crime,Drama,Mystery"
7.2,5513,Whores' Glory,2011,Documentary
7.2,124238,The Butler,2013,"Biography,Drama"
7.7,2537,Boy Interrupted,2009,"Biography,Documentary,Drama"
7.0,3544,Brotherhood,2009,"Drama,Romance"
7.0,2391,The Accusation,2021,"Crime,Drama"
6.8,13169,New York,2009,"Crime,Drama,Thriller"
6.6,2692,Mobile Suit Gundam: Hathaway,2021,"Action,Animation,Drama"
6.9,10668,Gainsbourg: A Heroic Life,2010,"Biography,Drama,Music"
8.1,11291,The Great Indian Kitchen,2021,Comedy
6.8,2502,Beast Stalker,2008,"Action,Thriller"
7.6,7780,Autumn,2008,Drama
6.8,4024,If You Are the One,2008,"Comedy,Drama,Romance"
7.0,8248,The September Issue,2009,Documentary
7.1,1828,Thimmarusu: Assignment Vali,2021,Drama
6.6,2076,Marilyn's Eyes,2021,"Comedy,Drama"
6.7,36316,Slumberland,2022,"Adventure,Comedy,Drama"
7.2,8404,Origin,2023,"Drama,History"
7.3,4545,A Woman's Way,2009,Drama
7.4,20805,King of Devil's Island,2010,Drama
7.3,3504,Captain Volkonogov Escaped,2021,"Drama,Thriller"
6.9,3668,Girl Picture,2022,"Drama,Romance"
7.4,2247,The Blind Man Who Did Not Want to See Titanic,2021,"Comedy,Drama,Romance"
6.8,1877,Art & Copy,2009,Documentary
7.8,2569,Burma VJ: Reporting from a Closed Country,2008,"Documentary,History,News"
7.6,10734,When You're Strange,2009,"Documentary,Music"
6.9,2186,Fat Head,2009,Documentary
6.9,1792,Aarkkariyam,2021,"Crime,Drama"
7.1,160950,Never Let Me Go,2010,"Drama,Romance"
7.1,2709,With Heart & Soul,2009,"Drama,War"
6.7,31025,The Perfect Host,2010,"Comedy,Crime,Thriller"
7.6,17135,Shyam Singha Roy,2021,"Drama,Fantasy,Romance"
6.8,2157,Break Every Chain,2021,"Biography,Drama"
7.2,45103,"Good Luck to You, Leo Grande",2022,"Comedy,Drama"
6.7,6425,Just Another Christmas,2020,"Comedy,Drama,Fantasy"
7.1,3782,Yakuza and the Family,2020,"Crime,Drama"
8.3,2062,Hidden Waters,2020,Drama
6.9,3759,"Hi, Mom",2021,"Comedy,Drama,Fantasy"
7.2,1606,Frybread Face and Me,2023,Drama
7.0,5480,Pinball: The Man Who Saved the Game,2022,"Biography,Comedy,Drama"
7.3,8328,Trailer Park Boys: Countdown to Liquor Day,2009,"Comedy,Crime"
7.0,5559,"Police, Adjective",2009,"Crime,Drama"
7.1,3007,"Nightmares in Red, White and Blue: The Evolution of the American Horror Film",2009,"Documentary,Horror"
7.0,3206,South of the Border,2009,Documentary
7.3,6172,Welcome Home,2020,"Crime,Drama,Horror"
6.8,3271,Checkered Ninja 2,2021,"Action,Adventure,Animation"
6.8,1884,Simone: Woman of the Century,2022,"Biography,Drama,History"
6.7,4728,The Robber,2010,"Biography,Crime,Drama"
6.7,6230,The Five Devils,2022,"Drama,Fantasy,Romance"
8.3,22206,Jana Gana Mana,2022,"Drama,Thriller"
7.1,3348,"Bleach: Fade to Black, I Call Your Name",2008,"Action,Animation,Drama"
7.3,1691,The Princess,2022,"Biography,Documentary,History"
7.1,2390,The Con-Heartist,2020,"Comedy,Romance"
6.8,2721,Goliath,2022,"Drama,Thriller"
7.6,43201,In a Better World,2010,"Drama,Romance"
6.6,5400,Killer Bean Forever,2008,"Action,Adventure,Animation"
7.0,3927,Samson & Delilah,2009,"Drama,Romance"
6.7,94599,Fresh,2022,"Comedy,Horror,Romance"
7.1,4957,DMT: The Spirit Molecule,2010,Documentary
6.7,25566,Quiz Lady,2023,Comedy
7.0,227533,Tinker Tailor Soldier Spy,2011,"Drama,Mystery,Thriller"
7.3,91712,Four Lions,2010,"Comedy,Crime,Drama"
7.0,70292,"Good Luck, Have Fun, Don't Die",2025,"Action,Adventure,Comedy"
7.5,2320,The Generation of Evil,2021,"Crime,Drama"
6.6,6446,Sunny,2021,"Drama,Thriller"
6.7,10759,The Lost King,2022,"Biography,Drama"
6.7,1663,The Girl,2009,"Drama,Family"
7.6,2387,Mommo,2009,"Drama,Family"
7.2,2698,Sword Art Online: Progressive - Aria of a Starless Night,2021,"Action,Adventure,Animation"
7.5,6239,Stand by Me Doraemon 2,2020,"Animation,Comedy,Drama"
7.6,25560,Robot Dreams,2023,"Animation,Comedy,Drama"
7.2,2716,Detective Conan: The Raven Chaser,2009,"Action,Adventure,Animation"
7.8,3696,Jan.E.Man,2021,Comedy
6.6,1850,The Garden of Sinners: Oblivion Recording,2008,"Action,Animation,Drama"
7.2,647537,The Great Gatsby,2013,"Drama,Romance"
7.3,77937,The Girl Who Kicked the Hornet's Nest,2009,"Crime,Drama,Mystery"
7.4,11287,Fortress of War,2010,"Action,Drama,War"
7.1,314045,Dredd,2012,"Action,Crime,Sci-Fi"
8.2,2720,Jayanti,2021,Drama
7.3,5247,The Governor,2009,"Action,Crime,Drama"
6.7,20605,Dhadak 2,2025,"Drama,Mystery,Romance"
6.7,2391,Kodiyil Oruvan,2021,"Action,Drama"
7.1,43683,Red Rocket,2021,"Comedy,Drama,Romance"
7.6,2488,Riceboy Sleeps,2022,"Drama,Family,History"
7.0,1687,The Chef of South Polar,2009,"Comedy,Drama"
7.0,3177,Rough Cut,2008,"Action,Crime,Drama"
7.5,1986,The Garden of Sinners: A Study in Murder - Part 2,2009,"Action,Animation,Crime"
7.3,11475,Ishqiya,2010,"Comedy,Drama,Romance"
8.4,2018364,The Dark Knight Rises,2012,"Crime,Thriller"
8.5,1736,Emicida: AmarElo - It's All for Yesterday,2020,"Documentary,Music"
7.4,4092,Saani Kaayidham,2022,"Action,Crime,Drama"
6.8,2166,The Colour Room,2021,Drama
6.8,1690,Rabiye Kurnaz vs. George W. Bush,2022,"Biography,Comedy,Crime"
7.1,2390,Leave No Traces,2021,"Crime,Drama,History"
6.6,11858,I Saw the Sun,2009,Drama
6.9,9201,One Fine Morning,2022,"Drama,Romance"
7.3,3809,Stealing Raden Saleh,2022,"Action,Crime,Drama"
7.0,2764,Unpaused,2020,"Drama,Romance"
6.9,16485,72 Hoorain,2019,"Crime,Drama,Thriller"
6.7,6249,The Inspection,2022,Drama
7.1,3726,Overheard,2009,"Crime,Thriller"
6.8,2735,The Match,2025,"Biography,Drama,Sport"
6.6,1677,Children of the Otherside,2008,"Action,Crime,Drama"
6.7,44093,Dhamaka,2021,"Action,Crime,Drama"
7.3,1819,Rock Hudson: All That Heaven Allowed,2023,"Biography,Documentary"
7.4,1877,The Man Who Will Come,2009,"Drama,War"
6.6,79848,Beau Is Afraid,2023,"Comedy,Drama,Horror"
7.1,1659,Barra el-Manhag,2021,"Comedy,Drama"
6.7,1823,Little Secret,2016,"Biography,Drama"
8.5,5868,Taylor Swift: Folklore: The Long Pond Studio Sessions,2020,"Documentary,Drama,Music"
7.2,1573,Surviving Life,2010,"Animation,Comedy,Fantasy"
7.5,5245,The Yes Men Fix the World,2009,"Comedy,Documentary"
7.1,2066,Asakusa Kid,2021,"Biography,Drama"
7.6,9877,Ante Sundharaniki,2022,"Comedy,Romance"
6.6,19111,Meenakshi Sundareshwar,2021,"Comedy,Romance"
7.0,4014,Rise,2022,"Comedy,Drama"
6.8,8304,Janhit Mein Jaari,2022,"Comedy,Drama,Romance"
6.7,16634,The Wandering Earth II,2023,"Action,Adventure,Drama"
7.1,8000,My Hero Academia: World Heroes' Mission,2021,"Action,Adventure,Animation"
7.5,6935,Kuruthi,2021,Thriller
7.1,2084,Beautiful Minds,2021,"Comedy,Drama"
7.7,12786,Ayan,2009,"Action,Crime,Drama"
6.7,131714,If I Stay,2014,"Comedy,Drama,Fantasy"
7.0,85510,The Infiltrator,2016,"Biography,Crime,Drama"
7.1,3998,The Rabbi's Cat,2011,"Adventure,Animation,Comedy"
7.6,3239,The Shock Doctrine,2009,"Documentary,History"
7.0,503096,Passengers,2016,"Drama,Romance,Sci-Fi"
6.8,203252,Black Mass,2015,"Biography,Crime,Drama"
6.9,2036,Exporting Raymond,2010,"Comedy,Documentary"
7.5,3321,I Am Divine,2013,Documentary
6.8,3019,Father of My Children,2009,Drama
8.9,2257,Secrets of Sinauli,2021,"Documentary,History"
7.5,1959,Simon,2023,Drama
7.2,1806,Rocky Road to Berlin,2024,Adventure
8.0,2108,"Ask, Mark ve Ölüm",2022,Documentary
7.9,1958,Antaheen,2009,"Drama,Romance"
6.6,3775,The Soul,2021,"Drama,Horror,Mystery"
6.8,1728,Habji Gabji,2022,"Drama,Thriller"
7.2,4636,Scandal Makers,2008,"Comedy,Drama,Music"
7.9,61438,About Elly,2009,"Drama,Mystery"
6.8,2230,Giant,2009,Drama
7.0,3212,Katalin Varga,2009,"Crime,Drama,Thriller"
8.3,5933,Iron Maiden: Flight 666,2009,"Documentary,Music"
7.3,3518,Amerikatsi,2022,Drama
7.4,4100,Arundhati,2009,"Horror,Mystery,Thriller"
6.9,9024,The Silence,2010,"Crime,Drama,Thriller"
7.5,1519,Found,2021,"Documentary,Drama"
7.7,3730,Wildcat,2022,Documentary
7.4,5764,Toolsidas Junior,2022,"Drama,Family,Sport"
7.3,1865,Writing with Fire,2021,Documentary
6.7,13541,What You Wish For,2023,"Horror,Thriller"
6.9,4331,Malayankunju,2022,"Drama,Thriller"
7.3,2628,Letters to Father Jacob,2009,Drama
7.1,4620,Hive,2021,Drama
6.6,3655,Misha and the Wolves,2021,"Documentary,Drama"
7.5,1995,In the Same Breath,2021,Documentary
7.2,3724,Anbarivu,2022,Drama
6.7,4196,"Crack: Cocaine, Corruption & Conspiracy",2021,"Crime,Documentary,History"
7.9,3202,Madrasapattinam,2010,"Drama,History,Musical"
7.7,91984,Beasts of No Nation,2015,"Drama,War"
6.7,8564,Suncoast,2024,Drama
6.7,6906,Lurker,2025,"Crime,Drama,Music"
7.0,20812,Belle,2021,"Adventure,Animation,Drama"
6.7,73723,May December,2023,"Comedy,Drama"
7.0,8072,Magazine Dreams,2023,Drama
6.7,177935,The Gorge,2025,"Action,Adventure,Horror"
6.8,5702,Stricken,2009,"Drama,Romance"
6.7,1564,The Tambour of Retribution,2020,Drama
7.8,65250,Karthikeya 2,2022,"Action,Adventure,Fantasy"
6.9,85575,Women Talking,2022,Drama
7.0,2852,Wrong Rosary,2009,Drama
7.6,3067,Madhuram,2021,"Drama,Romance"
7.5,2155,Piano Girl,2009,"Comedy,Drama,History"
6.7,12094,Merantau Warrior,2009,"Action,Drama,Thriller"
6.7,2097,Same Same But Different,2009,Drama
7.7,7657,Undertow,2009,"Drama,Fantasy,Romance"
7.1,13206,Nitram,2021,"Crime,Drama,Thriller"
6.8,1693,Tony Parker: The Final Shot,2021,"Biography,Documentary,Sport"
6.6,1617,Me and Kaminski,2015,"Comedy,Drama"
6.6,6067,Silence: Can You Hear It,2021,"Crime,Thriller"
7.2,3699,My Only Sunshine,2008,Drama
7.3,3596,99,2009,"Comedy,Crime,Drama"
6.8,2970,Talhotblond,2009,"Crime,Documentary,Thriller"
7.3,387813,Cloud Atlas,2012,"Drama,Mystery,Sci-Fi"
6.7,95841,This Is Where I Leave You,2014,"Comedy,Drama"
7.1,16695,Made in Dagenham,2010,"Comedy,Drama,History"
7.0,5423,Kosmos,2009,"Drama,Fantasy"
6.9,3052,Life Without Principle,2011,"Crime,Drama"
6.9,9196,Air Doll,2009,"Drama,Fantasy,Romance"
6.7,2296,Downfalls High,2021,"Drama,Musical,Romance"
7.3,3589,Technotise: Edit & I,2009,"Animation,Drama,Sci-Fi"
6.6,1615,420 IPC,2021,Crime
6.8,4482,Photocopier,2021,"Crime,Drama,Mystery"
6.6,2354,The Origin of Evil,2022,"Drama,Thriller"
7.5,5891,Breathless,2008,"Crime,Drama"
7.2,16910,Karthik Calling Karthik,2010,"Drama,Mystery,Romance"
6.6,1682,Alois Nebel,2011,"Animation,Drama"
8.8,2853597,Inception,2010,"Adventure,Sci-Fi,Thriller"
7.1,3807,A Stand Worthy of Men,2021,"Comedy,Drama"
6.9,1621,Point Blank,2021,"Crime,Drama"
7.3,1877,Intersection: Glad to Have You Eren,2022,"Biography,Drama"
7.1,7072,Play,2011,Drama
7.4,1507,Defamation,2009,Documentary
7.3,4924,Paachuvum Albhuthavilakkum,2023,"Comedy,Drama"
6.7,28530,The Disappearance of Alice Creed,2009,"Crime,Thriller"
7.1,124427,Dogtooth,2009,"Drama,Thriller"
6.6,4344,The Double Hour,2009,"Crime,Drama,Mystery"
7.7,2480,Naan Kadavul,2009,"Action,Drama"
6.8,12327,Jaadugar,2022,"Comedy,Drama,Fantasy"
6.6,8545,Gandhi Godse Ek Yudh,2023,"Drama,History"
7.3,4683,Ninjababy,2021,"Comedy,Drama"
7.6,2463,Santhosh Subramaniyam,2008,"Comedy,Romance"
7.1,9986,The Round Up,2010,"Drama,History,War"
7.2,1582,La civil,2021,Drama
7.6,308526,The Whale,2022,Drama
7.3,1768,Yuni,2021,Drama
8.2,1645,It Ain't Over,2022,"Biography,Documentary,Sport"
7.0,6283,Pelé,2021,"Biography,Documentary,Sport"
7.5,3082,Rose,2022,"Comedy,Drama"
7.3,3122,Beautiful Beings,2022,Drama
7.8,1511,Janowar,2021,"Crime,Drama,Thriller"
6.9,3712,The Passengers of the Night,2022,Drama
7.1,2737,Fabian: Going to the Dogs,2021,"Drama,Romance"
6.8,1519,Lingui,2021,Drama
7.0,3838,Death of a Superhero,2011,Drama
7.4,11172,13B: Fear Has a New Address,2009,"Horror,Mystery,Thriller"
7.0,284340,The Adjustment Bureau,2011,"Crime,Drama,Mystery"
7.5,1678,Guthlee Ladoo,2023,Drama
7.4,7732,Particle Fever,2013,Documentary
8.0,1921,The Wisdom of Trauma,2021,Documentary
6.7,312210,The Other Guys,2010,"Action,Comedy,Crime"
6.9,7856,A Somewhat Gentle Man,2010,"Comedy,Crime,Drama"
7.5,117522,Ip Man 2,2010,"Action,Biography,Drama"
6.7,1550,Stamped from the Beginning,2023,Documentary
8.5,2654,A Palace for Putin. The Story of the Biggest Bribe,2021,Documentary
8.3,1594,The Case Is Solved. I Know Everyone Who Tried to Kill Me,2020,Documentary
7.4,14042,Happening,2021,Drama
7.3,1730,Mugavari,2000,"Drama,Romance"
7.4,3066,Yaaradi Nee Mohini,2008,"Drama,Romance"
7.1,10398,India Lockdown,2022,Drama
7.4,12655,Anweshippin Kandethum,2024,"Crime,Drama,Mystery"
7.4,2018,Little Richard: I Am Everything,2023,"Biography,Documentary,Music"
7.0,161781,We Bought a Zoo,2011,"Comedy,Drama,Family"
6.9,160203,In the Heart of the Sea,2015,"Action,Adventure,Biography"
7.5,3804,Marwencol,2010,"Biography,Documentary,Fantasy"
6.6,11346,Sanak,2021,"Action,Thriller"
7.9,2610,Chernobyl: The Lost Tapes,2022,"Documentary,History"
7.8,4279,Republic,2021,"Action,Drama,Thriller"
7.1,4505,Meppadiyan,2022,"Drama,Thriller"
7.0,2229,Beyond the Wall,2022,"Crime,Drama,Mystery"
6.9,2043,The Grandson,2021,"Action,Drama,Thriller"
7.2,1090564,The Hunger Games,2012,"Action,Adventure,Sci-Fi"
8.1,1216511,Mad Max: Fury Road,2015,"Action,Adventure,Sci-Fi"
8.2,951465,Prisoners,2013,"Crime,Drama,Mystery"
6.7,79453,Salaar,2023,"Action,Crime,Drama"
7.5,10303,Aftershock,2010,"Drama,History"
7.6,2235,Woodlands Dark and Days Bewitched: A History of Folk Horror,2021,"Documentary,Horror"
7.2,4113,The Contestant,2023,"Biography,Documentary"
7.4,21533,Once Upon a Time in Mumbaai,2010,"Action,Crime,Drama"
6.8,63915,Dumb Money,2023,"Biography,Comedy,Drama"
7.3,18083,Twice Born,2012,"Drama,Romance,War"
7.1,5592,The Wild and Wonderful Whites of West Virginia,2009,Documentary
7.3,705650,It,2017,Horror
7.2,5263,Winnebago Man,2009,"Biography,Comedy,Documentary"
7.2,1524,Majority,2021,Drama
7.2,2102,Well Done Abba!,2009,Comedy
7.0,6810,Salute,2022,"Action,Crime,Drama"
7.8,235414,Straight Outta Compton,2015,"Biography,Drama,History"
7.1,158521,Winter's Bone,2010,"Crime,Drama,Mystery"
7.5,15758,Bheeshma Parvam,2022,"Action,Crime,Drama"
7.4,2203,An Educational Film,2000,Comedy
6.6,35644,Rare Exports,2010,"Adventure,Fantasy,Horror"
6.8,277190,Unknown,2011,"Action,Mystery,Thriller"
6.8,3182,Black Venus,2010,"Drama,History"
7.1,3000,I Give My First Love to You,2009,"Drama,Romance"
7.2,1982,Stop-Zemlia,2021,Drama
7.0,1633,Bury Me Behind the Baseboard,2009,Drama
6.8,8957,Bodyguards and Assassins,2009,"Action,Drama,History"
7.1,3360,Language Lessons,2021,"Comedy,Drama"
6.9,55839,Hesher,2010,"Comedy,Drama"
7.0,10933,Paradise: Love,2012,Drama
7.1,4386,Limbo,2021,"Crime,Drama,Thriller"
6.7,4327,Nostalgia,2022,Drama
7.5,11474,Wheel of Fortune and Fantasy,2021,"Drama,Romance"
6.8,2490,What Do We See When We Look at the Sky?,2021,"Comedy,Drama,Romance"
7.0,2449,A Cop Movie,2021,"Action,Crime,Documentary"
6.9,3847,Kid 90,2021,"Biography,Documentary"
7.6,378483,True Grit,2010,"Drama,Western"
7.5,77635,Drive My Car,2021,Drama
7.1,165346,Remember Me,2010,"Drama,Romance"
6.7,1689,Întregalde,2021,"Comedy,Drama"
6.6,35258,Celeste & Jesse Forever,2012,"Comedy,Drama,Romance"
6.7,2727,Paappan,2022,"Crime,Drama,Mystery"
6.9,3931,Lourdes,2009,Drama
7.2,14137,Loose Cannons,2010,"Comedy,Drama,Romance"
6.8,5911,Biggie: I Got a Story to Tell,2021,"Biography,Documentary,Music"
8.4,3725,The Southern Chronicles,2024,"Comedy,Drama,Romance"
7.6,4871,Wrinkles,2011,"Animation,Drama"
7.1,4122,Maixabel,2021,"Biography,Drama"
7.6,1683,Arsène Wenger: Invincible,2021,"Documentary,Sport"
7.5,3355,180° South,2010,"Documentary,Drama,Sport"
7.7,34634,14 Peaks: Nothing Is Impossible,2021,"Adventure,Biography,Documentary"
6.6,6407,Dream Home,2010,Horror
7.7,511826,Star Trek Into Darkness,2013,"Action,Adventure,Sci-Fi"
7.0,4827,Plan B,2009,"Comedy,Drama,Romance"
6.8,414552,Men in Black 3,2012,"Action,Adventure,Comedy"
8.9,3137,Sarsenapati Hambirrao,2022,"Action,Drama,History"
7.5,2302,Dollu,2022,Drama
6.7,7260,Ajeeb Daastaans,2021,"Drama,Romance"
6.8,6593,Somewhere in Queens,2022,"Comedy,Drama,Sport"
6.9,8111,The Unlikely Pilgrimage of Harold Fry,2023,Drama
7.1,2493,Climax,2021,"Crime,Mystery,Thriller"
6.7,29309,Bhediya,2022,"Comedy,Horror,Thriller"
7.5,58660,The Flowers of War,2011,"Drama,History,Romance"
6.8,5058,Symbol,2009,"Comedy,Fantasy,Mystery"
7.3,62751,Dasvi,2022,"Comedy,Drama"
6.7,2042,Dad,2021,"Comedy,Drama,Romance"
6.9,9425,Operation Varsity Blues,2021,"Crime,Documentary,Drama"
6.6,5010,Drishyam 3,2026,"Crime,Drama,Family"
7.2,87664,The Outfit,2022,"Crime,Drama,Mystery"
6.8,2133,Sold,2014,Drama
7.2,104300,The Best Exotic Marigold Hotel,2011,"Comedy,Drama,Romance"
7.0,10555,The Great Escaper,2023,"Biography,Comedy,Drama"
6.6,101667,12 Strong,2018,"Action,Drama,History"
7.1,1947,Revenge of the Electric Car,2011,Documentary
6.9,2257,Priyan Ottathilanu,2022,"Comedy,Family"
7.0,4786,Kidnapped: The Abduction of Edgardo Mortara,2023,"Drama,History"
6.6,142752,The Pale Blue Eye,2022,"Crime,Horror,Mystery"
7.6,3193,Yesterday's Past,2021,Drama
7.6,63808,Rental Family,2025,"Comedy,Drama"
7.0,14896,Beavis and Butt-Head Do the Universe,2022,"Animation,Comedy,Sci-Fi"
6.7,23512,Darlings,2022,"Comedy,Drama,Thriller"
8.1,35804,Seaspiracy,2021,"Adventure,Documentary"
7.2,1620,Son of Babylon,2009,Drama
7.1,29575,A Good Person,2023,Drama
6.7,2073,Chal Mera Putt 3,2021,Comedy
7.0,54911,Kill the Irishman,2011,"Action,Biography,Crime"
7.1,10522,7 Prisoners,2021,"Crime,Drama"
7.2,2741,Cirkus Columbia,2010,"Comedy,Drama,Romance"
7.3,11563,In Darkness,2011,"Drama,War"
7.9,6485,Unnaipol Oruvan,2009,"Action,Crime,Drama"
7.8,29274,The Invite,2026,"Comedy,Drama,Romance"
8.2,8476,Pearl Jam Twenty,2011,"Documentary,History,Music"
8.1,2301,Drushyam 2,2021,"Crime,Drama,Mystery"
6.7,16647,Bardo: False Chronicle of a Handful of Truths,2022,"Comedy,Drama"
7.7,5555,Good Night Oppy,2022,Documentary
7.3,8636,Vendhu Thanindhathu Kaadu,2022,"Action,Crime,Drama"
7.0,9290,Beneath Hill 60,2010,"Drama,History,War"
7.9,6556,"Nna, Thaan Case Kodu",2022,"Comedy,Crime,Drama"
7.9,3883,Facing Ali,2009,"Biography,Documentary,Sport"
7.4,140924,KPop Demon Hunters,2025,"Action,Adventure,Animation"
7.5,136525,The Fabelmans,2022,"Biography,Drama"
6.6,1756,Goa,2010,Comedy
7.0,15303,Ferry,2021,"Action,Crime,Drama"
7.0,14576,Dog Pound,2010,"Crime,Drama"
7.4,15583,Even the Rain,2010,"Drama,History"
7.8,6509,Tales from the Golden Age,2009,"Comedy,History"
7.2,3112,10 to 11,2009,Drama
7.6,18191,Io Capitano,2023,"Adventure,Drama"
8.0,1759,Gurren Lagann the Movie: The Lights in the Sky are Stars,2009,"Action,Animation,Drama"
7.7,420275,Poor Things,2023,"Comedy,Drama,Romance"
7.3,27469,Barney's Version,2010,"Comedy,Drama"
6.9,4005,Hasan wa Murqus,2008,"Comedy,Drama"
7.3,6778,Eyes Wide Open,2009,"Drama,Romance"
6.8,3417,Tsar,2009,"Drama,History"
8.4,84091,Senna,2010,"Biography,Documentary,Sport"
7.4,32800,I Killed My Mother,2009,"Drama,Romance"
7.1,3404,One Small Story,2021,"Comedy,Drama"
6.7,65284,Speak No Evil,2022,"Drama,Horror,Mystery"
6.7,3055,"MoviePass, MovieCrash",2024,"Comedy,Crime,Documentary"
6.7,2103,Skeletons,2010,"Comedy,Drama,Fantasy"
7.2,2627,The Great Lillian Hall,2024,"Adventure,Biography,History"
7.5,47057,Better Man,2024,"Biography,Fantasy,Music"
7.1,3261,Eastern Plays,2009,Drama
6.9,3488,Daddy Longlegs,2009,"Comedy,Drama"
7.4,2671,The Wind Journeys,2009,"Drama,Music"
7.1,7693,No One Knows About Persian Cats,2009,"Drama,Music"
7.8,2549,P!nk: All I Know So Far,2021,"Biography,Documentary,Music"
6.7,1995,More Than Ever,2022,"Drama,Romance"
7.2,12022,HIT: The 2nd Case,2022,"Crime,Drama,Mystery"
6.6,3952,The Box,2021,"Drama,Music,Musical"
7.3,11309,Mrs. Chatterjee vs. Norway,2023,"Biography,Drama"
6.6,2504,2gether: The Movie,2021,"Comedy,Musical,Romance"
6.7,2279,Rapt,2009,"Drama,Thriller"
6.7,527648,The Wolverine,2013,"Action,Sci-Fi,Thriller"
7.1,74016,Arthur Christmas,2011,"Adventure,Animation,Comedy"
6.7,54683,The Pirates! Band of Misfits,2012,"Action,Adventure,Animation"
6.8,4998,A Jazzman's Blues,2022,"Drama,Mystery,Romance"
7.1,17198,Bank of Dave,2023,"Biography,Comedy,Drama"
8.0,1266199,Deadpool,2016,"Action,Comedy,Sci-Fi"
6.6,2148,Forget Me Not,2010,Romance
7.4,32308,Another Year,2010,"Comedy,Drama"
6.8,5131,Operation Hyacinth,2021,"Crime,Drama,Thriller"
6.7,2698,A Chiara,2021,Drama
7.3,23145,"Batman: The Long Halloween, Part One",2021,"Action,Animation,Crime"
7.7,1769,Goodbye Julia,2023,"Crime,Drama"
7.8,65863,Jujutsu Kaisen 0,2021,"Action,Animation,Fantasy"
7.4,2119,Henri-Georges Clouzot's Inferno,2009,Documentary
7.4,9295,A Town Called Panic,2009,"Adventure,Animation,Comedy"
7.0,14357,Mumbai Diaries,2010,Drama
7.5,80479,Disconnect,2012,"Crime,Drama,Mystery"
7.6,4699,Hubble 3D,2010,Documentary
7.8,4980,Metastases,2009,"Crime,Drama,Sport"
7.4,4540,The Message,2009,"Crime,Drama,Thriller"
7.1,5646,R,2010,"Crime,Drama"
7.5,25279,Rocket Singh: Salesman of the Year,2009,"Comedy,Drama"
7.3,10237,Cabrini,2024,"Biography,Drama,History"
6.7,34222,Hysteria,2011,"Biography,Comedy,Romance"
7.5,72117,13 Assassins,2010,"Action,Adventure,Drama"
7.3,254988,Wake Up Dead Man,2025,"Comedy,Crime,Drama"
6.9,276509,Rio,2011,"Adventure,Animation,Comedy"
6.6,28297,Lady Chatterley's Lover,2022,"Drama,Romance"
7.2,50262,Sleep Tight,2011,"Crime,Drama,Thriller"
7.0,4597,Beyond,2010,Drama
7.3,31838,Cha Cha Real Smooth,2022,"Comedy,Drama"
7.1,6227,Oranges and Sunshine,2010,"Biography,Drama,History"
7.4,20981,Guzaarish,2010,"Drama,Romance"
7.8,2527,Perfect Strangers,2021,"Comedy,Drama"
7.0,67549,Perfect Sense,2011,"Drama,Romance,Sci-Fi"
6.6,3196,Young Goethe in Love,2010,"Biography,Romance"
6.7,27579,Empire of Light,2022,"Drama,Romance"
7.1,28491,Little White Lies,2010,"Comedy,Drama"
7.6,16760,Pina,2011,"Documentary,Music"
7.3,101529,Submarine,2010,"Comedy,Drama,Romance"
7.2,19690,"Batman: The Long Halloween, Part Two",2021,"Action,Animation,Crime"
6.7,38991,This Must Be the Place,2011,"Adventure,Comedy,Drama"
6.6,38711,Last Breath,2025,"Drama,Thriller"
6.7,2026,Till We Meet Again,2021,"Comedy,Drama,Fantasy"
6.6,9124,From Beginning to End,2009,"Drama,Romance"
6.8,58924,Martha Marcy May Marlene,2011,"Drama,Mystery,Thriller"
7.5,10517,State of Siege: Temple Attack,2021,"Action,Drama,Thriller"
7.3,38540,The Way,2010,"Comedy,Drama"
7.2,15862,Broken,2012,"Drama,Romance"
6.8,22307,Quartet,2012,"Comedy,Drama,Music"
6.8,69235,Salmon Fishing in the Yemen,2011,"Comedy,Drama,Romance"
7.2,32028,Testament of Youth,2014,"Biography,Drama,History"
7.3,10232,The Hedgehog,2009,Drama
6.8,1957,All That I Love,2009,"Comedy,Drama,Music"
7.2,8666,Qala,2022,"Drama,Music,Thriller"
7.1,4644,Man in Love,2021,"Drama,Romance"
6.9,1559,Shukra,2021,Drama
6.8,12692,Goodbye,2022,"Comedy,Drama,Family"
7.1,1685,The Fox,2022,"Drama,History,War"
7.4,110612,Tár,2022,"Drama,Music"
7.5,4106,Hot Coffee,2011,Documentary
7.8,4150,Soundtrack to a Coup d'Etat,2024,"Documentary,Music"
7.6,1838,Writer,2021,Drama
7.1,6588,Footnote,2011,"Comedy,Drama"
7.2,210922,Rise of the Guardians,2012,"Action,Adventure,Animation"
7.0,5239,Gone Running,2024,"Comedy,Romance"
7.0,705181,Prometheus,2012,"Adventure,Sci-Fi"
7.7,28477,Magadheera,2009,"Action,Drama,Fantasy"
7.4,13302,Peepli Live,2010,"Comedy,Drama"
7.0,2393,Seethayanam,2022,"Drama,Thriller"
7.3,1701,Miracle: Letters to the President,2021,Drama
7.1,31236,Winnie the Pooh,2011,"Adventure,Animation,Comedy"
7.2,11216,Beyond the Infinite Two Minutes,2020,"Comedy,Sci-Fi"
7.0,122882,Filth,2013,"Action,Comedy,Crime"
7.0,4474,Ascension,2021,Documentary
7.7,11483,Roadrunner: A Film About Anthony Bourdain,2021,Documentary
7.6,15065,Pokkiri,2007,"Action,Crime,Thriller"
6.9,2791,Rann,2010,"Drama,Mystery,Thriller"
6.8,1622,Hahaha,2010,"Comedy,Drama,Romance"
7.4,8837,Sardar,2022,"Action,Drama,Thriller"
6.7,6061,Recalled,2021,"Crime,Drama,Mystery"
7.2,429370,Monsters University,2013,"Adventure,Animation,Comedy"
7.1,7168,The Master and Margarita,2024,"Drama,Fantasy,Horror"
6.9,7184,"Bob Ross: Happy Accidents, Betrayal & Greed",2021,Documentary
8.1,531477,The Help,2011,Drama
6.8,2820,The Invisible Thread,2022,"Comedy,Drama,Family"
6.7,8318,November,2022,"Crime,Drama,Thriller"
7.7,904354,Gravity,2013,"Drama,Sci-Fi,Thriller"
6.8,6909,Lapland Odyssey,2010,"Comedy,Drama,Romance"
6.9,5261,Black Bread,2010,"Crime,Drama"
7.5,3023,More Than Blue,2009,"Drama,Romance"
6.7,1830,Copacabana,2010,Comedy
7.2,7979,My Afternoons with Margueritte,2010,"Comedy,Drama"
7.8,3368,Cinema Bandi,2021,"Comedy,Drama"
6.6,2242,Happy Family,2010,Comedy
6.8,9870,Boy Wonder,2010,"Action,Crime,Drama"
7.3,22930,La Chimera,2023,"Adventure,Comedy,Drama"
6.7,15364,We Have a Pope,2011,"Comedy,Drama"
6.8,94544,Goon,2011,"Comedy,Drama,Sport"
7.3,3019,No Man's Land,2013,"Adventure,Crime,Drama"
7.8,7875,Radical,2023,Drama
6.7,1530,Lord of the Ants,2022,"Biography,Drama"
7.5,629956,The Conjuring,2013,"Horror,Mystery,Thriller"
7.6,1777,Not So Friendly Neighborhood Affair,2021,"Comedy,Drama"
6.6,53386,It's What's Inside,2024,"Comedy,Mystery,Sci-Fi"
7.3,216234,The Next Three Days,2010,"Action,Crime,Drama"
7.2,4251,Driving Madeleine,2022,"Comedy,Drama"
7.4,1958,Bhramaram,2009,"Crime,Drama,Thriller"
7.7,5019,Ibrahim Labyad,2009,"Action,Crime,Drama"
6.9,3518,Aloners,2021,Drama
7.3,8929,Honsla Rakh,2021,"Comedy,Drama,Romance"
6.6,4157,Sweet & Sour,2021,"Comedy,Romance"
6.9,2345,Overlord: The Sacred Kingdom,2024,"Action,Adventure,Animation"
6.8,1768,Eden of the East: The King of Eden,2009,"Action,Animation,Comedy"
6.8,9616,Reign of Assassins,2010,"Action,Adventure"
7.9,1602,Kurt Vonnegut: Unstuck in Time,2021,Documentary
7.1,19186,Dragon Ball Super: Super Hero,2022,"Action,Adventure,Animation"
7.4,1977,Surviving Progress,2011,Documentary
6.8,15715,Outrage,2010,"Action,Crime,Drama"
7.0,177173,Buried,2010,"Drama,Mystery,Thriller"
6.6,50471,The Odd Life of Timothy Green,2012,"Comedy,Drama,Family"
6.6,38947,The Grandmaster,2013,"Action,Biography,Drama"
7.9,2912,The Venture Bros.: Radiant Is the Blood of the Baboon Heart,2023,"Action,Adventure,Animation"
6.8,2842,Rooney,2022,"Biography,Documentary,Sport"
7.0,1684,Quisling: The Final Days,2024,"Biography,Drama,History"
7.7,19854,The Eight Mountains,2022,Drama
6.8,125492,Enola Holmes 2,2022,"Action,Adventure,Crime"
7.8,2025,Shatagni - The Movie,2021,"Action,Crime,Thriller"
6.7,28611,Heartbreaker,2010,"Comedy,Romance"
7.5,210594,Tucker and Dale vs Evil,2010,"Comedy,Horror"
7.2,2651,Cloudburst,2011,"Adventure,Comedy,Drama"
7.5,3639,Milli Vanilli,2023,"Biography,Documentary,Music"
6.9,1892,Pellikuturu Party,2022,Comedy
7.7,2130,Lekh,2022,"Drama,Romance"
7.0,5670,The First Beautiful Thing,2010,"Comedy,Drama"
6.7,1907,Purple Sea,2009,"Drama,History,Romance"
6.9,5210,"Tuesday, After Christmas",2010,"Drama,Romance"
6.7,1557,Dream Boy,2022,"Comedy,Drama,Romance"
7.6,2066,Kondaveedu,2022,"Drama,Thriller"
7.0,4474,The Well-Digger's Daughter,2011,"Comedy,Drama,Romance"
7.6,16399,Val,2021,"Biography,Documentary"
6.7,1618,"Scheherazade, Tell Me a Story",2009,Drama
7.4,34399,Summer Wars,2009,"Action,Adventure,Animation"
7.7,18294,Swatantrya Veer Savarkar,2024,"Biography,Drama"
7.1,4419,Lullaby,2022,Drama
6.9,17090,Turnabout,2016,"Drama,Mystery,Thriller"
6.9,1569,Twenty One Grams,2022,"Mystery,Thriller"
6.6,2059,Unclenching the Fists,2021,Drama
7.1,1662,Rehana,2021,Drama
7.5,8916,Great Freedom,2021,Drama
7.0,1663,In Front of Your Face,2021,Drama
7.2,44114,This Is It,2009,"Documentary,Music"
6.8,557969,Aquaman,2018,"Action,Adventure,Fantasy"
6.9,2429,Murphy,2024,"Drama,Musical,Romance"
6.8,327538,Bridesmaids,2011,Comedy
7.6,49452,The Art of Racing in the Rain,2019,"Comedy,Drama,Romance"
6.6,116120,Attack the Block,2011,"Action,Adventure,Comedy"
6.7,2276,The High Cost of Living,2010,Drama
6.8,1558,Abel,2010,"Comedy,Drama"
7.5,1663,Maranam,2024,Thriller
6.6,3538,The Extortion,2023,"Crime,Thriller"
7.0,8678,Escape from Mogadishu,2021,"Action,Drama,Thriller"
6.6,3025,The Challenge,2023,Drama
7.2,9175,Hit the Road,2021,"Comedy,Drama,Music"
7.0,5249,Naruto Shippûden: The Movie 3: Inheritors of the Will of Fire,2009,"Action,Animation,Fantasy"
6.7,31039,Happythankyoumoreplease,2010,"Comedy,Drama,Romance"
7.2,1796,Men of Deeds,2022,"Comedy,Crime,Drama"
7.4,11120,Vortex,2021,Drama
7.0,589349,Oblivion,2013,"Action,Adventure,Sci-Fi"
6.8,2355,Diary of a Fleeting Affair,2022,"Comedy,Drama,Romance"
7.1,2742,The In-Laws,2021,"Comedy,Drama"
6.9,5286,Pure,2010,Drama
7.5,21447,Redline,2009,"Action,Animation,Sci-Fi"
6.9,12336,Lebanon,2009,"Drama,War"
7.5,1802,Reel Injun,2009,Documentary
6.9,125068,Sisu,2022,"Action,Thriller,War"
7.9,272352,The Holdovers,2023,"Comedy,Drama"
6.8,20678,That Christmas,2024,"Adventure,Animation,Comedy"
7.3,5681,The Dark House,2009,"Crime,Drama,Thriller"
7.1,4600,Mr. Pip,2012,"Drama,War"
7.4,8687,One Piece: Strong World,2009,"Action,Adventure,Animation"
7.5,351657,The Greatest Showman,2017,"Biography,Drama,Musical"
7.4,15057,Burning Days,2022,"Drama,Thriller"
6.7,2724,Miranda's Victim,2023,"Crime,Drama"
6.7,3880,Craigslist Joe,2012,"Adventure,Documentary"
6.8,84808,What If,2013,"Comedy,Romance"
8.0,2560,The White Stripes Under Great White Northern Lights,2009,"Documentary,Music"
7.0,7814,Bro Daddy,2022,"Comedy,Drama,Romance"
6.8,1827,Blackpink: The Movie,2021,"Documentary,Music"
6.6,2414,Uncle Tom II: An American Odyssey,2022,"Documentary,History"
7.3,8672,Arco,2025,"Adventure,Animation,Fantasy"
7.6,166487,Guillermo del Toro's Pinocchio,2022,"Adventure,Animation,Drama"
6.7,1748,Professor Layton and the Eternal Diva,2009,"Adventure,Animation,Crime"
8.4,5165,Demon Slayer: Kimetsu no Yaiba - Sibling's Bond,2019,"Action,Animation,Fantasy"
8.7,18857,Demon Slayer: Kimetsu no Yaiba - Mt. Natagumo Arc,2020,"Action,Animation,Fantasy"
7.1,141403,Booksmart,2019,Comedy
7.7,419786,The Lego Movie,2014,"Action,Adventure,Animation"
7.8,129164,Hamnet,2025,"Biography,Drama,History"
6.8,84273,The Iceman,2012,"Biography,Crime,Drama"
6.8,5508,I Like Movies,2022,"Comedy,Drama"
6.6,31881,Satyaprem Ki Katha,2023,"Comedy,Drama,Musical"
6.8,8375,Bimbisara,2022,"Action,Drama,Fantasy"
7.1,2213,Narasimhapuram,2021,"Action,Crime,Drama"
8.5,8938,Methagu,2021,"Biography,History"
7.0,2370,In Darkness,2009,"Drama,Thriller"
6.6,1849,Lifted,2010,"Drama,Music,War"
6.8,88568,Caught Stealing,2025,"Comedy,Crime,Thriller"
8.1,170875,I'm Still Here,2024,"Biography,Drama,History"
7.9,2866,Chennai 600028,2007,"Comedy,Musical,Romance"
6.9,2214,Shark: The Beginning,2021,"Action,Drama"
7.0,150592,Late Night with the Devil,2023,Horror
8.4,6111,Aaranya Kaandam,2010,"Action,Comedy,Crime"
7.1,5403,Of an Age,2022,"Drama,Romance"
6.7,4066,Paiyaa,2010,"Action,Adventure,Drama"
7.1,2230,Siva Manasula Sakthi,2009,"Comedy,Drama,Romance"
6.7,18791,Restless,2011,"Drama,Romance"
6.8,5139,12th Man,2022,"Crime,Drama,Mystery"
8.1,3761,Taanakkaran,2022,"Drama,Sport"
7.5,2910,Ocean Heaven,2010,Drama
7.8,3523,Oke Oka Jeevitham,2022,"Drama,Sci-Fi,Thriller"
7.3,2361,Carma,2022,"Crime,Romance,Thriller"
7.1,78168,The Tinder Swindler,2022,"Crime,Documentary"
7.5,1911,Adbhutham,2021,"Romance,Sci-Fi"
6.9,490352,Horrible Bosses,2011,"Comedy,Crime"
7.9,21182,Castaway on the Moon,2009,"Comedy,Drama,Romance"
6.8,4515,Green Snake,2021,"Action,Adventure,Animation"
7.1,8608,Woodstock 99: Peace Love and Rage,2021,"Documentary,Music"
7.5,26242,The Beasts,2022,"Drama,Thriller"
7.5,4528,9/11: Inside the President's War Room,2021,"Documentary,History"
8.5,3872,Kattradhu Thamizh,2007,"Drama,Mystery"
6.8,2098,Poster,2021,"Drama,Family"
6.8,3902,Exodus,2023,Drama
7.2,2772,Alamar,2009,"Documentary,Drama"
7.3,6516,Shiny_Flakes: The Teenage Drug Lord,2021,"Biography,Crime,Documentary"
7.7,6921,Collapse,2009,Documentary
7.0,2083,The Parking Lot Movie,2010,Documentary
8.0,735572,The King's Speech,2010,"Biography,Drama,History"
8.5,1547,Revolution of Our Times,2021,"Documentary,History"
6.8,2390,Bhairathi Ranagal,2024,Drama
7.2,3110,Naan Mahaan Alla,2010,"Action,Crime,Drama"
7.3,1992,Journey to the West,2021,"Adventure,Comedy,Drama"
7.1,12047,IB 71,2023,"Action,Thriller"
6.7,9956,Problemista,2023,Comedy
7.2,25570,Le Havre,2011,"Comedy,Drama"
6.8,21073,Mad God,2021,"Animation,Fantasy,Horror"
6.6,2461,Janie Jones,2010,"Biography,Drama,Music"
8.0,1519,Oasis Knebworth 1996,2021,"Documentary,Music"
7.2,2885,The Wildest Dream,2010,"Biography,Documentary"
7.3,2020,Happier Than Ever: A Love Letter to Los Angeles,2021,"Documentary,Music"
6.7,2432,Our Life,2010,Drama
8.6,235667,Jai Bhim,2021,"Crime,Drama"
6.8,1826,Natchathiram Nagargirathu,2022,"Drama,Romance"
6.6,1672,Deja Vu,2022,"Mystery,Thriller"
7.6,7911,Bison: Kaalamaadan,2025,"Action,Biography,Drama"
7.2,7807,Third Star,2010,Drama
7.7,29558,The Quiet Girl,2022,Drama
6.6,4895,Behind Blue Skies,2010,"Crime,Drama"
7.0,2861,Another World,2021,Drama
8.4,3410,Life of Crime 1984-2020,2021,"Biography,Crime,Documentary"
6.9,1833,Django & Django,2021,Documentary
7.0,2485,The Falls,2021,Drama
7.6,3832,Last Train Home,2009,"Documentary,Drama"
6.7,87638,Super,2010,"Action,Comedy,Crime"
6.7,39392,Julia's Eyes,2010,"Horror,Mystery,Thriller"
7.4,24336,"Monica, O My Darling",2022,"Comedy,Crime,Drama"
6.9,4956,Prison 77,2022,"Drama,History,Thriller"
8.1,8601,Ayirathil Oruvan,2010,"Action,Adventure,Musical"
7.0,2193,Private Desert,2021,"Drama,Romance"
7.3,1681,Back Door,2021,Drama
7.2,7307,Love in Another Language,2009,Drama
7.1,3039,Third Person Singular Number,2009,Drama
7.3,36814,Freddy,2022,"Drama,Mystery,Romance"
7.4,1996,200: Halla Ho,2021,"Crime,History,Thriller"
7.0,2381,The Reverse,2009,"Comedy,Drama,Romance"
7.4,504439,Sherlock Holmes: A Game of Shadows,2011,"Action,Adventure,Mystery"
7.2,3284,Veeran,2023,"Action,Drama,Fantasy"
7.3,1663,The Hand,2020,"Drama,Romance"
7.7,1827,Hi Five: Fun and Gun,2022,"Action,Comedy,Crime"
7.6,2465,Juice WRLD: Into the Abyss,2021,"Documentary,Music"
6.7,5565,3,2010,"Comedy,Drama,Romance"
7.3,3008,The Enemy,2011,"Drama,Horror,Mystery"
6.8,701482,Barbie,2023,"Adventure,Comedy,Fantasy"
7.6,451652,A Star Is Born,2018,"Drama,Music,Romance"
8.3,7306,Thulladha Manamum Thullum,1999,"Drama,Musical,Romance"
9.4,10010,Unpaarvayil,2025,Thriller
8.1,6350,The Conversion,2022,Drama
6.6,1783,I'm Going to Have a Good Time,2022,"Comedy,Musical,Romance"
7.5,3271,Behind Someone,2022,"Crime,Thriller"
7.3,5203,Stephen Curry: Underrated,2023,"Biography,Documentary,Sport"
7.3,1777,Bommala Koluvu,2022,"Crime,Drama,Mystery"
6.8,2826,A Quiet Life,2010,"Crime,Drama"
6.9,2065,Clue: A Love Thriller,2021,"Crime,Thriller"
6.8,43470,Anonymous,2011,"Drama,Thriller"
6.7,15879,Fire Island,2022,"Comedy,Romance"
6.6,3070,Phobia 2,2009,"Comedy,Fantasy,Horror"
7.9,4172,Networker Baire,2021,"Adventure,Drama,Romance"
6.9,2682,Five Cities,2009,Drama
6.6,16089,Kolpaçino,2009,Comedy
8.4,784048,Dune: Part Two,2024,"Action,Adventure,Drama"
7.2,1811,Sins of My Father,2009,"Crime,Documentary"
8.0,13210,The First Slam Dunk,2022,"Animation,Comedy,Drama"
8.7,2205,Dahanam,2023,Drama
7.9,9385,Young Hearts,2024,"Drama,Family,Romance"
8.4,5162,Harishchandrachi Factory,2009,"Biography,Comedy,Drama"
6.7,67898,Emily the Criminal,2022,"Crime,Drama,Thriller"
6.6,56049,Pain Hustlers,2023,"Crime,Drama"
6.7,11795,Mili,2022,"Drama,Thriller"
7.5,8703,Arya 2,2009,"Action,Comedy,Romance"
6.6,1940,Jathiya Rahadari,2021,Drama
8.2,4488,Ratnan Prapancha,2021,"Comedy,Drama,Family"
7.7,1858,Abhiyum Naanum,2008,"Comedy,Drama"
6.8,1561,Playing with Adults,1991,"Comedy,Drama,Mystery"
7.1,209487,Melancholia,2011,"Drama,Sci-Fi"
7.4,1982,Birds of Darkness,1995,"Drama,Thriller"
7.7,81275,The Man from Nowhere,2010,"Action,Crime,Drama"
7.5,71891,No Other Choice,2025,"Comedy,Crime,Drama"
7.6,4823,Food Matters,2008,Documentary
7.0,2707,Slow,2023,"Drama,Romance"
6.6,2391,Basilicata Coast to Coast,2010,"Comedy,Musical"
6.6,11467,Welcome to the South,2010,Comedy
7.1,4122,The Man Next Door,2009,Thriller
6.9,2140,The River Runner,2021,Documentary
6.7,2229,Good Bye My Fiend,1986,"Action,Comedy,Crime"
6.8,46351,Trust,2010,"Crime,Drama,Mystery"
7.6,36750,"Argentina, 1985",2022,"Biography,Crime,Drama"
7.0,7881,Uunchai,2022,"Adventure,Comedy,Drama"
6.6,2850,Cobalt Blue,2022,"Drama,Romance"
6.8,10788,The Disappearance of Eleanor Rigby: Him,2013,"Drama,Romance"
7.2,97757,Beginners,2010,"Comedy,Drama,Romance"
8.1,117722,Kantara,2022,"Action,Adventure,Drama"
6.9,4056,Revoir Paris,2022,Drama
7.1,13134,Paa,2009,"Comedy,Drama"
6.6,7386,Beautiful Boy,2010,Drama
7.5,3521,Tab Hunter Confidential,2015,"Biography,Documentary"
7.3,14574,Let the Bullets Fly,2010,"Action,Comedy,Drama"
6.6,2043,I Can,2023,"Drama,Family,Sport"
6.7,1568,Happily Married,2024,Thriller
6.7,4642,Orange,2010,"Comedy,Drama,Romance"
6.8,20843,Shaolin,2011,"Action,Drama"
6.6,3868,The Big Picture,2010,"Drama,Thriller"
7.6,34275,Marcel the Shell with Shoes On,2021,"Animation,Comedy,Drama"
6.8,36890,Champions,2023,"Comedy,Drama,Sport"
7.4,16151,20th Century Girl,2022,"Drama,Romance"
6.7,1781,Vedha,2022,"Action,Drama"
7.5,5617,Writer Padmabhushan,2023,"Comedy,Drama"
7.2,1668,Valour,2009,"Action,Adventure,Drama"
6.6,493985,Elysium,2013,"Action,Drama,Sci-Fi"
7.8,521670,Captain Phillips,2013,"Action,Biography,Crime"
6.7,9235,The Day the Earth Blew Up: A Looney Tunes Movie,2024,"Adventure,Animation,Comedy"
6.9,4635,Secret Reunion,2010,"Action,Drama,Thriller"
6.9,112345,Jawan,2023,"Action,Crime,Drama"
6.7,2286,The Stool Pigeon,2010,"Action,Crime,Thriller"
6.6,7904,Jalsa,2022,"Drama,Thriller"
6.8,145812,What Happened to Monday,2017,"Action,Crime,Fantasy"
7.4,1992,Ashoka Vanamlo Arjuna Kalyanam,2022,"Drama,Romance"
6.7,6427,Saint Omer,2022,Drama
7.0,1556,Minmini,2024,Drama
6.7,8742,Bagheera,2024,"Action,Crime,Thriller"
6.8,2623,My Rainy Days,2009,"Drama,Romance"
7.1,3227,Zoey's Extraordinary Christmas,2021,"Comedy,Drama,Fantasy"
6.9,30699,Merry Christmas,2024,"Drama,Mystery,Thriller"
6.6,1530,Truth About Men,2010,"Comedy,Drama,Romance"
7.0,3135,Eismayer,2022,"Biography,Drama,History"
7.7,3260,Yemaipothaney,2022,Drama
8.2,1083772,Oppenheimer,2023,"Biography,Drama,History"
6.9,1870,Lynch/Oz,2022,Documentary
7.0,2826,The Kings of the World,2022,"Adventure,Drama"
7.3,102135,The Guard,2011,"Comedy,Crime,Thriller"
6.8,3663,Other People's Children,2022,"Comedy,Drama,Romance"
7.1,1789,Casino Jack and the United States of Money,2010,Documentary
6.9,12537,The Bengal Files,2025,"Drama,History,Thriller"
8.6,2231,1997,2021,Adventure
8.0,2976,Saudi Vellakka,2022,Drama
7.5,426859,127 Hours,2010,"Biography,Drama"
6.8,2389,Late Autumn,2010,"Drama,Romance"
7.0,1841,KSI: In Real Life,2023,Documentary
6.6,8525,O2,2024,"Romance,Thriller"
7.3,12072,Vaathi,2023,"Action,Drama"
7.0,2127,Villain,2010,"Crime,Drama,Romance"
6.8,9505,Carancho,2010,"Crime,Drama,Romance"
6.8,19638,Jules,2023,"Comedy,Drama,Sci-Fi"
6.7,1981,Kishmish,2022,"Comedy,Drama,Romance"
7.7,30632,Hanu Man,2024,"Action,Adventure,Fantasy"
7.3,31832,Kho Gaye Hum Kahan,2023,"Comedy,Drama,Romance"
6.6,12485,Dasara,2023,"Action,Adventure,Drama"
6.9,1670,Blue Star,2024,"Comedy,Drama,Sport"
6.6,1798,On the Wandering Paths,2023,Drama
6.8,1589,Love Gets a Room,2021,"Drama,Musical,Romance"
6.8,25967,Athena,2022,"Action,Drama,Thriller"
6.6,1640,Honey Trap,2021,"Drama,Romance"
8.4,5171,Rush: Beyond the Lighted Stage,2010,"Biography,Documentary,Music"
6.9,9731,Cairo Conspiracy,2022,"Drama,Thriller"
6.8,15197,Point Blank,2010,"Action,Crime,Drama"
7.4,2037,Dukaan,2024,Drama
6.6,2124,Maldoror,2024,"Crime,Drama,Thriller"
6.9,2970,Filip,2022,"Drama,History,War"
7.5,5852,Mastaney,2023,"Action,Drama,History"
7.4,1810,Kali Jotta,2023,Romance
7.6,2185,Sembi,2022,Drama
6.7,2510,Dr. 56,2022,"Crime,Mystery,Sci-Fi"
6.8,2437,Everybody Hates Johan,2022,Comedy
7.2,2284,The Red Chapel,2009,"Comedy,Documentary"
6.9,3455,That Time I Got Reincarnated as a Slime the Movie: Scarlet Bond,2022,"Action,Adventure,Animation"
6.8,1779,Brother,2022,"Drama,Music"
7.8,3395,Waitress: The Musical,2023,"Comedy,Drama,Musical"
6.7,2439,Night Drive,2022,"Drama,Thriller"
7.4,5788,Nanpakal Nerathu Mayakkam,2022,"Comedy,Drama"
7.0,1648,Storm,2023,"Drama,War"
7.1,2751,Jo and Jo,2022,"Comedy,Drama"
7.0,2292,Bornova Bornova,2009,Drama
6.9,104826,Another Earth,2011,"Drama,Romance,Sci-Fi"
8.2,52811,Drishyam 2,2022,"Crime,Drama,Mystery"
7.3,2968,Richie Gadi Pelli,2023,"Comedy,Drama,Musical"
7.3,17431,Café de Flore,2011,"Drama,Romance"
6.7,2009,White Irish Drinkers,2010,Drama
6.8,5857,The 100,2025,Action
8.5,1541,Wedding Gift,2022,"Drama,Thriller"
6.6,11270,Chhatriwali,2023,"Comedy,Drama"
7.3,3505,Ela Veezha Poonchira,2022,"Crime,Mystery,Thriller"
7.5,4254,Four Hours at the Capitol,2021,"Crime,Documentary"
8.0,2346,Vinodhaya Sitham,2021,"Comedy,Drama"
6.7,4344,Breath,2017,"Adventure,Drama,Romance"
6.7,4110,Rheingold,2022,"Biography,Crime,Drama"
7.1,3180,Johnny,2022,"Biography,Drama"
7.2,17137,A Better Life,2011,"Drama,Romance"
7.2,4285,Under the Hawthorne Tree,2010,"Drama,Romance"
7.9,7672,Mukundan Unni Associates,2022,"Comedy,Crime,Drama"
8.1,2098,Ugravatara,2024,"Action,Crime"
8.0,92862,Elite Squad 2: The Enemy Within,2010,"Crime,Drama,Thriller"
6.8,58792,Caddo Lake,2024,"Drama,Mystery,Sci-Fi"
7.1,1848,Aaja Mexico Challiye,2022,"Drama,Thriller"
6.6,5849,Tales of Babylon,2023,"Action,Comedy,Crime"
6.6,1854,Fubar: Balls to the Wall,2010,Comedy
7.1,4653,The Monk and the Gun,2023,"Comedy,Drama"
7.4,5994,Bhoothakaalam,2022,"Drama,Horror,Mystery"
7.6,6603,Nostalgia for the Light,2010,Documentary
6.8,7370,S5,2022,"Horror,Thriller"
6.7,3119,Salaam Venky,2022,Drama
7.3,2349,Nitham Oru Vaanam,2022,Drama
7.6,10782,GasLand,2010,Documentary
7.5,14875,Vavien,2009,"Comedy,Drama,Thriller"
7.3,1741,GLOW: The Story of the Gorgeous Ladies of Wrestling,2012,Documentary
7.4,24645,Restrepo,2010,"Biography,Documentary,History"
7.0,33800,An Action Hero,2022,"Action,Comedy,Crime"
7.5,31790,Boy,2010,"Comedy,Drama"
6.6,228474,Zombieland: Double Tap,2019,"Action,Comedy,Horror"
7.1,202763,The Master,2012,Drama
6.9,9139,Neds,2010,Drama
7.1,1943,American Girl,2021,"Drama,Family"
7.4,3634,Hear Me,2009,"Drama,Romance"
8.2,96975,Zindagi Na Milegi Dobara,2011,"Adventure,Comedy,Drama"
7.0,180911,One Day,2011,"Drama,Romance"
6.8,27008,Dolphin Tale,2011,"Drama,Family"
7.2,3065,Piazza Fontana: The Italian Conspiracy,2012,"Crime,Drama,Mystery"
7.4,27747,Chup,2022,"Drama,Horror,Mystery"
7.2,74659,Leo,2023,"Action,Crime,Drama"
6.6,5062,Still Time,2022,"Comedy,Drama,Fantasy"
6.9,12591,Romantics Anonymous,2010,"Comedy,Romance"
7.7,1608,Nenu Leni Naa Premakatha,2021,Drama
6.6,5654,For Greater Glory: The True Story of Cristiada,2012,"Drama,History,War"
7.4,11252,Waiting for Superman,2010,Documentary
6.9,2391,Mayasabha,2025,"Fantasy,Thriller"
7.7,13009,Forks Over Knives,2011,Documentary
7.4,41611,Yahsi Bati - The Ottoman Cowboys,2009,"Adventure,Comedy,History"
6.9,115098,Get the Gringo,2012,"Action,Drama,Thriller"
6.8,7028,David,2025,"Adventure,Animation,Drama"
7.4,3907,Joan Rivers: A Piece of Work,2010,"Biography,Comedy,Documentary"
7.7,5101,The Tillman Story,2010,"Biography,Documentary,Mystery"
7.7,2627,Jean-Michel Basquiat: The Radiant Child,2010,"Biography,Documentary"
6.6,162672,Man on a Ledge,2012,"Action,Crime,Thriller"
7.8,531560,The Girl with the Dragon Tattoo,2011,"Crime,Drama,Mystery"
7.2,174293,War Horse,2011,"Adventure,Drama,History"
7.6,118568,The Secret World of Arrietty,2010,"Adventure,Animation,Drama"
7.4,1972,A Film Unfinished,2010,"Documentary,Drama,History"
7.2,2044,Zanox,2022,"Comedy,Crime,Romance"
6.9,3094,Pyali,2022,"Comedy,Drama,Family"
7.4,626373,"Crazy, Stupid, Love.",2011,"Comedy,Drama,Romance"
6.8,47060,The Skeleton Twins,2014,"Comedy,Drama,Romance"
6.8,3608,Angel of Evil,2010,"Biography,Crime,Drama"
6.7,2838,Parked,2010,Drama
7.3,3867,Tatsama Tadbhava,2023,"Crime,Thriller"
7.1,7825,Honey,2010,Drama
6.6,9209,Kanjoos Makhichoos,2023,"Comedy,Drama,Family"
7.5,4102,The Quintessential Quintuplets Movie,2022,"Animation,Comedy,Drama"
7.6,2106,This Much I Know to Be True,2022,"Documentary,Music"
6.9,2357,Countdown to Zero,2010,Documentary
8.0,9006,The Disappearance of Haruhi Suzumiya,2010,"Animation,Drama,Mystery"
7.5,47850,OMG 2,2023,"Comedy,Drama"
7.6,2183,Paleri Manikyam: Oru Pathirakolapathakathinte Katha,2009,"Crime,Drama,History"
7.9,3686,Blue Giant,2023,"Animation,Drama,Music"
7.0,2523,Weekend Rebels,2023,"Comedy,Drama,Sport"
6.6,2351,Tenor,2022,"Comedy,Drama,Music"
6.7,2191,Magnetic Fields,2021,"Comedy,Drama"
7.0,16994,Jaane Jaan,2023,"Crime,Drama,Mystery"
7.6,3930,Fireworks,2023,"Drama,Romance"
7.7,1856,A Man Named Scott,2021,"Documentary,Music"
6.9,44511,The Last Kingdom: Seven Kings Must Die,2023,"Action,Drama,History"
7.7,4867,Hilda and the Mountain King,2021,"Adventure,Animation,Comedy"
7.9,2175,Thamasoma Jyothirgamaya,2021,"Drama,Romance"
6.8,4817,You Can Live Forever,2022,"Drama,Romance"
6.7,1618,Nice View,2022,"Comedy,Drama"
7.0,168096,Elemental,2023,"Adventure,Animation,Comedy"
7.0,267649,Barbarian,2022,"Horror,Mystery,Thriller"
7.7,9033,Chasing Ice,2012,"Biography,Documentary"
7.9,6641,Kick,2009,"Action,Comedy,Crime"
6.9,8659,The History of Sound,2025,"Drama,History,Music"
7.5,2735,Lighting up the Stars,2022,"Comedy,Drama"
6.6,4316,That Girl in Yellow Boots,2010,"Crime,Drama,Mystery"
6.6,12755,I Used to Be Famous,2022,"Comedy,Drama,Music"
7.3,2152,Guilty,2011,"Biography,Crime,Drama"
6.8,25717,Puncture,2011,"Biography,Drama,Mystery"
6.8,3621,Adhurs,2010,"Action,Comedy,Thriller"
7.6,11140,Khaleja,2010,"Action,Comedy,Fantasy"
7.5,3749,Maryada Ramanna,2010,"Action,Comedy,Drama"
7.7,1886,The Trip,2021,Drama
6.7,1569,Sword Art Online the Movie: Progressive - Scherzo of Deep Night,2022,"Action,Adventure,Animation"
8.3,3922,Gamyam,2008,Drama
7.8,2789,Steam of Life,2010,Documentary
7.0,15836,The Roundup,2022,"Action,Crime,Thriller"
6.7,1876,Gandharwa,2022,"Action,Drama,Thriller"
7.1,43887,Catfish,2010,"Documentary,Drama,Mystery"
7.5,1575,Chalo Premiddam,2021,Romance
7.1,2205,Mission 2020,2021,Action
7.9,2004,Madhurapudi Gramam Ane Nenu,2023,Crime
7.4,3964,Reindeerspotting - Escape from Santaland,2010,Documentary
6.8,1640,Bodyguard,2010,Comedy
7.2,8005,Veda - Atatürk,2010,"Biography,Drama,History"
6.7,71480,Machine Gun Preacher,2011,"Action,Biography,Crime"
6.7,1917,Gekijouban Fate/Stay Night: Unlimited Blade Works,2010,"Action,Animation,Drama"
6.9,2546,If I Were You,2012,"Comedy,Drama"
6.9,427011,Maleficent,2014,"Adventure,Drama,Family"
6.6,4592,Mixtape,2021,"Comedy,Drama,Family"
7.4,2004,Mr. X,2021,Crime
7.9,70525,Exit Through the Gift Shop,2010,"Comedy,Crime,Documentary"
7.3,6158,71: Into the Fire,2010,"Action,Drama,War"
7.8,167851,I Saw the Devil,2010,"Action,Thriller"
6.8,256501,Warm Bodies,2013,"Action,Comedy,Horror"
7.2,16833,Of Gods and Men,2010,"Drama,History"
7.2,2734,Brother,2010,"Drama,Family,Sport"
6.9,7177,How I Ended This Summer,2010,Drama
6.7,19082,Uncle Boonmee Who Can Recall His Past Lives,2010,"Drama,Fantasy"
6.9,4996,Miss Shetty Mr Polishetty,2023,"Comedy,Drama,Romance"
8.8,2047,Rudrakshapuram 3KM,2024,Thriller
7.2,16513,Rye Lane,2023,"Comedy,Drama,Romance"
6.7,1597,The Replacement,2009,"Action,Drama,Thriller"
7.0,6801,"If I Want to Whistle, I Whistle",2010,Drama
7.6,45545,Confessions,2010,"Drama,Thriller"
8.5,2538,Natarang,2010,Drama
6.8,370366,Insidious,2010,"Horror,Mystery,Thriller"
7.0,4940,120 Bahadur,2025,"Action,Drama,History"
7.5,5836,Zero 2,2010,"Comedy,Thriller"
7.9,10163,Ask Your Heart,2010,"Drama,Romance"
6.6,5415,Cousinhood,2011,"Comedy,Drama,Romance"
7.6,2628,The Black Power Mixtape 1967-1975,2011,"Documentary,History"
7.5,12878,Ghoomer,2023,"Drama,Sport"
7.0,23201,Oh Dear,2010,Comedy
7.5,7424,What Men Talk About,2010,"Adventure,Comedy"
7.3,436697,Fast Five,2011,"Action,Crime,Thriller"
7.0,54679,Pawn Sacrifice,2014,"Biography,Drama,History"
7.0,56097,Soul Surfer,2011,"Biography,Drama,Family"
6.7,1681,I Am Slave,2010,"Biography,Drama,Thriller"
7.8,545177,The Big Short,2015,"Biography,Comedy,Drama"
8.7,5625,Aparajito,2022,"Biography,Drama,Family"
6.7,2788,Salinger,2013,Documentary
8.0,2036,Dhamki,2021,"Action,Drama"
6.8,3075,Under Therapy,2023,"Comedy,Drama"
8.0,17375,Kishkindha Kaandam,2024,"Drama,Mystery,Thriller"
6.8,333001,Contagion,2011,"Drama,Thriller"
6.7,250567,Safe House,2012,"Action,Thriller"
7.0,170942,The Drop,2014,"Crime,Drama,Mystery"
7.0,31222,Heartbeats,2010,"Comedy,Drama,Romance"
8.7,4461,Aa Naluguru,2004,Drama
6.7,275635,The Grey,2011,"Action,Adventure,Drama"
6.7,26705,Albert Nobbs,2011,"Drama,Romance"
7.1,3058,Love in a Puff,2010,"Comedy,Drama,Romance"
7.4,2630,Echoes of the Rainbow,2010,"Comedy,Drama,Romance"
7.7,3721,Ye Maaya Chesave,2010,Romance
7.9,111060,Amour,2012,Drama
7.8,2064,Theeram,2021,"Action,Drama,Romance"
6.8,2310,"Weddings, Christenings and Funerals",2022,Comedy
6.7,2973,Beyond the Universe,2022,"Comedy,Drama,Romance"
8.4,3629,Prasthanam,2010,"Action,Drama"
6.9,1999,Be Somebody,2021,"Comedy,Drama,Mystery"
6.9,3292,Monga,2010,"Action,Crime,Drama"
6.7,234958,American Reunion,2012,Comedy
6.9,84831,Frank,2014,"Comedy,Drama,Music"
7.0,2921,Comic-Con Episode IV: A Fan's Hope,2011,Documentary
7.6,473240,Midnight in Paris,2011,"Comedy,Fantasy,Romance"
7.0,11310,That's What I Am,2011,"Comedy,Drama,Romance"
7.3,3286,Boss Engira Baskaran,2010,Comedy
6.8,3294,Knuckle,2011,"Biography,Documentary,Drama"
7.6,13540,My Way,2011,"Action,Drama,War"
6.8,215152,The Vow,2012,"Drama,Romance"
7.1,56392,Win Win,2011,"Comedy,Drama,Sport"
6.8,6952,Loft,2010,"Crime,Drama,Thriller"
8.2,3759,The Other Dream Team,2012,"Documentary,Sport"
7.0,1988,Ikshu,2022,"Action,Drama"
7.2,3086,Run Boy Run,2013,"Action,Biography,Drama"
7.1,6583,"LSD: Love, Sex Aur Dhokha",2010,"Comedy,Crime,Drama"
6.9,2810,Süskind,2012,"Biography,Drama,History"
8.1,7728,Vinnaithaandi Varuvaayaa,2010,"Drama,Musical,Romance"
8.1,3682,Irugapatru,2023,Drama
7.2,19894,Band Baaja Baaraat,2010,"Comedy,Drama,Romance"
7.4,2728,Autograph,2010,Drama
6.9,6179,Vincent Wants to Sea,2010,"Comedy,Drama"
7.0,8973,Baby,2023,"Drama,Romance"
8.0,5438,Tony Hawk: Until the Wheels Fall Off,2022,"Biography,Documentary,Sport"
7.6,4200,"Beats, Rhymes & Life: The Travels of A Tribe Called Quest",2011,"Documentary,Music"
8.0,6153,Leader,2010,Drama
7.5,9130,The Music Never Stopped,2011,"Drama,Music"
7.2,3452,Happy,2012,"Documentary,Drama,Family"
7.1,54799,Kon-Tiki,2012,"Adventure,Biography,Drama"
6.7,2357,The Lost Boys,2023,Drama
7.5,112089,Headhunters,2011,"Action,Crime,Thriller"
7.7,1813,Hobal,2024,Drama
7.1,163857,Margin Call,2011,"Drama,Thriller"
7.0,133334,The Foreigner,2017,"Action,Crime,Thriller"
6.7,1993,You Should Meet My Son!,2010,"Comedy,Romance"
6.9,3628,The Goldman Case,2023,"Crime,Drama,History"
7.0,1983,Little Rose,2010,"Drama,History,Romance"
6.7,26993,One Piece Film: Red,2022,"Action,Adventure,Animation"
6.7,5986,Goodbye First Love,2011,"Drama,Romance"
8.1,8451,Racing Extinction,2015,"Adventure,Documentary,News"
6.6,87379,Jackie,2016,"Biography,Drama"
7.6,2738,The Japanese Wife,2010,"Drama,Romance"
8.2,40375,Paan Singh Tomar,2012,"Action,Biography,Crime"
6.8,33761,Bleed for This,2016,"Biography,Drama,Sport"
8.2,4185,Ayodhi,2023,"Action,Drama,Thriller"
8.4,2437,Mr Lonely,2021,Romance
8.0,1722,Jayam Kondaan,2008,"Action,Romance"
7.9,5854,Bill Cunningham: New York,2010,"Biography,Documentary,History"
7.1,2198,Bangkok Traffic (Love) Story,2009,"Comedy,Romance"
8.8,10022,Monpura,2009,"Crime,Drama,Musical"
7.1,1969,Grey: The Spy Who Loved Me,2023,Thriller
6.8,3086,War Pony,2022,Drama
7.6,16855,Fire of Love,2022,"Biography,Documentary"
7.2,4654,Martha,2024,Documentary
7.3,2276,The Arbor,2010,"Biography,Documentary,Drama"
7.9,1729,Fighting the Fire,2024,"Action,Drama"
7.0,118377,ParaNorman,2012,"Adventure,Animation,Comedy"
7.3,1867,Machete Maidens Unleashed!,2010,"Documentary,History"
7.1,11056,North Sea Texas,2011,"Drama,Romance"
7.3,2168,Blood of My Blood,2011,"Drama,Thriller"
6.6,14895,Passages,2023,"Drama,Romance"
6.9,53035,Hector and the Search for Happiness,2014,"Adventure,Comedy,Drama"
7.9,2908,Missing Home,2022,"Comedy,Drama"
7.8,176554,Society of the Snow,2023,"Adventure,Biography,Drama"
6.6,5090,Touchback,2011,"Drama,Family,Fantasy"
7.2,11173,Tere Bin Laden,2010,"Comedy,Drama"
6.8,3451,Foster,2011,"Comedy,Drama,Family"
7.3,19773,Miss Lovely,2012,"Crime,Drama,Romance"
7.1,36350,Chasing Mavericks,2012,"Biography,Drama,Sport"
7.1,7491,Almanya: Welcome to Germany,2011,"Comedy,Drama"
7.5,644205,Avatar: The Way of Water,2022,"Action,Adventure,Fantasy"
6.9,22903,Courageous,2011,Drama
6.9,63464,When Evil Lurks,2023,Horror
7.6,384946,F1: The Movie,2025,"Drama,Sport"
6.8,2190,Klondike,2022,"Drama,War"
7.9,812083,Edge of Tomorrow,2014,"Action,Adventure,Sci-Fi"
6.9,3216,From Me to You,2010,"Drama,Romance"
7.1,16272,Cold Fish,2010,"Crime,Drama,Horror"
8.1,13787,Montevideo: Taste of a Dream,2010,"Adventure,Comedy,Drama"
6.7,1730,Jitters,2010,"Drama,Romance"
7.5,2263,I Am What I Am,2021,"Animation,Comedy,Drama"
7.7,2726,Gintama: The Movie,2010,"Action,Animation,Comedy"
6.9,2511,Detective Conan: The Lost Ship in the Sky,2010,"Action,Adventure,Animation"
6.7,260745,Project X,2012,"Comedy,Thriller"
6.8,3597,Will,2011,"Adventure,Drama,Family"
6.8,2494,The Imaginary,2023,"Adventure,Animation,Drama"
7.1,1594,Descendant,2022,"Documentary,History"
6.7,487208,In Time,2011,"Action,Sci-Fi,Thriller"
6.9,716022,Ted,2012,Comedy
7.6,1650,The Janes,2022,Documentary
7.4,2662,Mars One,2022,Drama
7.0,5482,All That Breathes,2022,Documentary
7.2,2304,A House Made of Splinters,2022,Documentary
8.5,2522,Tantura,2022,"Documentary,History"
7.5,1536,The Territory,2022,Documentary
6.7,1907,Meet Me in the Bathroom,2022,"Documentary,Music"
7.1,170031,"Love, Rosie",2014,"Comedy,Romance"
7.1,5908,The Patience Stone,2012,"Drama,War"
7.2,358988,The Man from U.N.C.L.E.,2015,"Action,Adventure,Comedy"
7.3,2647,Client 9,2010,Documentary
7.2,8365,The Armstrong Lie,2013,"Biography,Documentary,Sport"
6.7,22514,Tallulah,2016,"Comedy,Drama,Romance"
8.1,50257,Udaan,2010,Drama
6.7,1930,A Screaming Man,2010,Drama
7.4,10480,Armadillo,2010,"Documentary,War"
7.1,5370,Kahlil Gibran's The Prophet,2014,"Animation,Drama"
6.7,3303,Terraferma,2011,Drama
7.0,33328,The Legend Is Born: Ip Man,2010,"Action,Biography,Drama"
7.4,197670,Air,2023,"Drama,Sport"
7.1,6787,Mixed by Erry,2023,"Comedy,History,Music"
7.0,182876,Challengers,2024,"Comedy,Drama,Romance"
7.6,65064,Suzume,2022,"Adventure,Animation,Drama"
7.3,8638,A Nice Indian Boy,2024,"Comedy,Drama,Romance"
6.6,8225,Sometimes I Think About Dying,2023,"Comedy,Drama,Romance"
7.4,2634,The Sound of 007,2022,"Documentary,Music"
7.1,2578,The Last 10 Years,2022,"Drama,Romance"
8.2,82757,Inside Job,2010,"Crime,Documentary"
7.1,1560,"Life, Above All",2010,Drama
6.8,2764,My Joy,2010,Drama
6.7,1754,Stay the Night,2022,"Drama,Romance"
7.5,1715,The Autobiography of Nicolae Ceausescu,2010,"Biography,Documentary,History"
7.2,19715,Bedevilled,2010,"Drama,Horror,Thriller"
8.2,8262,The Art of Flight,2011,"Adventure,Documentary,Sport"
7.8,405804,How to Train Your Dragon 2,2014,"Action,Adventure,Animation"
7.1,8504,The Names of Love,2010,"Comedy,Drama,Romance"
7.2,4509,The Four Times,2010,Drama
7.0,49560,Million Dollar Arm,2014,"Biography,Drama,Family"
7.0,13089,Fisherman's Friends,2019,"Comedy,Drama,Music"
6.9,1695,For Lovers Only,2011,"Comedy,Drama,Romance"
6.7,31480,Three Steps Above Heaven,2010,"Action,Drama,Romance"
8.4,5631,Demon Slayer: Kimetsu no Yaiba - Asakusa Arc,2021,"Action,Animation,Fantasy"
8.4,36693,Demon Slayer: Kimetsu no Yaiba - Tsuzumi Mansion Arc,2021,"Action,Animation,Fantasy"
7.4,4949,Darling,2010,"Comedy,Drama,Romance"
7.5,265938,The Impossible,2012,"Drama,History,Thriller"
8.1,9564,Vedam,2010,"Action,Drama"
6.7,44010,Diary of a Wimpy Kid: Rodrick Rules,2011,"Comedy,Family"
7.6,23309,Laurence Anyways,2012,"Drama,Romance"
7.0,382520,Super 8,2011,"Action,Sci-Fi,Thriller"
7.4,8591,I Wish,2011,Drama
7.3,6828,Escaping Tel Aviv,2009,"Action,Adventure,Drama"
7.6,1720,Shapito-shou: Lyubov i druzhba,2011,"Comedy,Musical"
7.1,31928,Goodbye Christopher Robin,2017,"Biography,Drama,Family"
6.8,22007,Night Train to Lisbon,2013,"Mystery,Romance,Thriller"
6.9,91685,My Week with Marilyn,2011,"Biography,Drama"
7.2,231123,The Age of Adaline,2015,"Drama,Fantasy,Romance"
7.8,256101,The Artist,2011,"Comedy,Drama,Romance"
7.0,8767,Singam,2010,"Action,Crime,Drama"
7.4,2015,Louis Cyr,2013,"Biography,Drama,History"
6.6,13819,Freeheld,2015,"Biography,Drama,Romance"
7.9,603170,The Perks of Being a Wallflower,2012,Drama
6.6,6590,The Odyssey,2016,"Adventure,Biography,Drama"
6.8,3304,Our Children,2012,"Crime,Drama"
6.7,8705,House of Tolerance,2011,Drama
7.4,2194,B for Busy,2021,"Comedy,Drama,Romance"
6.7,12239,The Animal Kingdom,2023,"Adventure,Drama,Fantasy"
7.1,5344,Brindaavanam,2010,"Action,Comedy,Drama"
6.9,206402,Cinderella,2015,"Adventure,Drama,Family"
6.8,22389,Their Finest,2016,"Comedy,Drama,Romance"
7.3,16405,Polisse,2011,"Crime,Drama"
7.4,11055,No Mercy,2010,"Action,Crime,Thriller"
8.0,957756,The Revenant,2015,"Action,Drama,Western"
7.0,10433,Chicken with Plums,2011,"Comedy,Drama"
6.9,562573,Pacific Rim,2013,"Action,Adventure,Sci-Fi"
6.7,4021,The Encounter,2010,Drama
7.0,5146,Raavanan,2010,"Action,Adventure,Drama"
7.6,5195,Rakta Charitra,2010,"Action,Biography,Crime"
7.4,2085,Messages from the Sea,2010,"Drama,Romance"
7.4,18944,Cave of Forgotten Dreams,2010,"Documentary,History"
7.3,8712,The Painted Bird,2019,"Drama,Horror,Thriller"
6.7,1526,Sasha,2010,"Comedy,Crime,Drama"
7.4,6269,This Is Not a Film,2011,Documentary
7.4,39744,Hunting Season,2010,"Crime,Drama,Mystery"
7.5,18760,Sarah's Key,2010,"Drama,War"
7.2,776201,Now You See Me,2013,"Crime,Mystery,Thriller"
7.2,1774,Hello! How Are You?,2010,"Comedy,Romance"
7.6,2033,Eeram,2009,"Crime,Horror,Mystery"
8.2,1622,Footsteps in the Sand,2010,"Comedy,Drama"
7.7,3010,Four Horsemen,2012,"Documentary,News"
6.7,1713,The Life of Fish,2010,"Drama,Romance"
7.2,2040,Bunny Drop,2011,"Comedy,Drama"
6.7,4148,A Brighter Tomorrow,2023,"Comedy,Drama"
7.1,15990,The Sapphires,2012,"Biography,Comedy,Drama"
6.9,12587,A Cat in Paris,2010,"Adventure,Animation,Comedy"
6.7,3175,All Together,2011,"Comedy,Drama"
8.8,10693,The Silence of Swastika,2021,"Documentary,History"
7.1,12596,Hannah Arendt,2012,"Biography,Drama"
7.2,2701,Drunk Stoned Brilliant Dead,2015,"Documentary,History"
7.3,116862,Take Shelter,2011,"Drama,Thriller"
7.9,2280,Zähär Tulugu,2021,"Comedy,Drama"
8.5,1037628,The Intouchables,2011,"Comedy,Drama"
7.3,8023,Colorful,2010,"Animation,Drama,Fantasy"
7.4,548539,Ready Player One,2018,"Action,Adventure,Sci-Fi"
7.5,2048,Love You Too,2023,"Drama,Romance"
7.3,3629,Tilt,2010,"Drama,Romance"
6.9,3374,Boris - Il film,2011,Comedy
7.1,12427,Klown,2010,Comedy
7.0,1922,Best Actor,2010,"Comedy,Drama"
7.0,3152,Breathing,2011,Drama
6.7,121219,Stoker,2013,"Drama,Mystery,Thriller"
7.3,10707,Bully,2011,"Documentary,Drama"
6.7,3789,Night Call,2024,"Action,Thriller"
7.1,1592,There Are Things You Don't Know,2010,Drama
7.4,6712,De Palma,2015,"Biography,Documentary"
7.7,113327,Detachment,2011,Drama
7.7,9609,Happy People: A Year in the Taiga,2010,Documentary
6.6,5297,Sleepless Night,2011,"Action,Crime,Thriller"
6.8,271686,The Fall Guy,2024,"Action,Comedy,Drama"
7.3,1952,Microphone,2010,"Comedy,Drama,Music"
7.2,4369,The Source,2011,"Comedy,Drama"
7.0,10921,Simple Simon,2010,"Comedy,Drama,Romance"
6.8,2789,Lessons of a Dream,2011,"Drama,Sport"
7.6,15792,Life in a Day,2011,"Documentary,Drama"
7.2,2798,The Sleeping Voice,2011,"Drama,History,War"
8.9,2032,The Beatles: Get Back - The Rooftop Concert,2022,"Documentary,Music"
6.6,16745,Kill Boksoon,2023,"Action,Thriller"
8.6,2018,Bhala Chora Bhala,2022,"Adventure,Drama,Thriller"
7.3,464008,Despicable Me 2,2013,"Adventure,Animation,Comedy"
7.2,7792,David Lynch: The Art Life,2016,"Biography,Documentary"
6.7,5376,Satan's Slaves 2: Communion,2022,"Drama,Horror,Mystery"
7.7,14049,Hell,2010,"Comedy,Crime,Drama"
7.1,138936,Carnage,2011,"Comedy,Drama"
8.2,4516,The Last Lions,2011,"Documentary,Family"
6.6,2556,Silent Souls,2010,"Drama,Romance"
6.7,2652,Moss,2010,"Crime,Drama,Mystery"
6.8,18123,Tanu Weds Manu,2011,"Comedy,Drama,Romance"
7.0,13479,The Night of the 12th,2022,"Crime,Drama,Mystery"
8.2,6724,Pranchiyettan and the Saint,2010,"Comedy,Drama"
7.2,1578,Volcano,2011,Drama
7.0,3115,Fireheart: The Legend of Tadas Blinda,2011,"Adventure,Drama,History"
7.8,1523,Sidney,2022,"Biography,Documentary"
7.9,6826,TT3D: Closer to the Edge,2011,"Documentary,Sport"
7.2,2017,Champs,2014,"Biography,Documentary,Sport"
6.6,2151,La Syndicaliste,2022,"Drama,Thriller"
6.6,1517,Free Men,2011,"Drama,History,Romance"
7.4,4841,You Fly,2009,"Comedy,Fantasy,Romance"
6.6,7907,The Young Karl Marx,2017,"Biography,Drama,History"
6.8,23229,DogMan,2023,"Action,Crime,Drama"
7.6,235909,Anatomy of a Fall,2023,"Crime,Drama,Mystery"
6.8,2214,Winter Boy,2022,Drama
6.6,13235,Day of the Falcon,2011,"Action,Drama,History"
7.3,2378,Urbanized,2011,Documentary
7.9,29823,The Way He Looks,2014,"Drama,Romance"
6.7,122065,Safe Haven,2013,"Drama,Romance,Thriller"
6.8,164617,The Equalizer 3,2023,"Action,Crime,Thriller"
6.8,5310,Naruto Shippûden: The Lost Tower,2010,"Action,Adventure,Animation"
7.4,6383,Trigun: Badlands Rumble,2010,"Action,Animation,Drama"
6.7,42910,The Hunter,2011,"Adventure,Drama,Thriller"
7.8,69517,Navalny,2022,"Biography,Documentary"
6.8,67517,Bernie,2011,"Biography,Comedy,Crime"
7.0,7632,Tabloid,2010,"Crime,Documentary"
7.2,4044,Love.net,2011,"Drama,Romance"
7.7,17790,Mankatha,2011,"Action,Crime,Thriller"
7.3,20869,Chinese Take-Away,2011,"Comedy,Drama"
7.0,2622,To Live!,2010,"Action,Crime,Drama"
7.0,279319,Chronicle,2012,"Drama,Sci-Fi,Thriller"
6.8,3214,A Funny Man,2011,"Biography,Drama"
7.1,423989,Snowpiercer,2013,"Action,Drama,Sci-Fi"
7.5,364070,Les Misérables,2012,"Drama,Musical,Romance"
7.0,2155,Neetho,2022,"Drama,Romance"
6.8,49765,Weird: The Al Yankovic Story,2022,"Action,Biography,Comedy"
6.9,4142,Dead Talents Society,2024,"Comedy,Horror,Thriller"
7.0,10658,13 Minutes,2015,"Biography,Drama,War"
7.0,4567,Aakrosh,2010,"Action,Crime,Drama"
7.6,3094,Return to Dust,2022,Drama
6.6,1801,Omar Killed Me,2011,"Biography,Crime,Drama"
7.4,2224,Vaanam,2011,"Action,Crime,Drama"
6.8,3071,Strapped,2010,"Drama,Romance"
6.8,8913,Smoke & Mirrors,2016,"Biography,Thriller"
7.4,6575,Majority,2010,Drama
7.1,4115,Purge,2012,"Crime,Drama"
7.0,169260,The Spectacular Now,2013,"Drama,Romance"
7.6,34823,Weekend,2011,"Drama,Romance"
6.8,1748,The Novelist's Film,2022,Drama
7.5,6291,Do Dooni Chaar,2010,"Comedy,Crime,Drama"
7.2,116357,Only Lovers Left Alive,2013,"Comedy,Drama,Fantasy"
7.2,7063,Gimme Danger,2016,"Documentary,Music"
7.2,4409,Time of Eve,2010,"Animation,Drama,Romance"
6.8,2015,Tous les soleils,2011,Comedy
8.2,2158,How to Die in Oregon,2011,"Documentary,Drama,Family"
7.1,1924,The Colors of the Mountain,2010,Drama
7.5,42338,Wallace & Gromit: Vengeance Most Fowl,2024,"Adventure,Animation,Comedy"
6.7,91501,The Inbetweeners,2011,Comedy
7.0,45160,People Like Us,2012,"Comedy,Drama"
7.0,16541,Dragon,2011,"Action,Crime,Drama"
6.7,2772,Snow on tha Bluff,2011,"Crime,Drama"
7.7,1582,Market Street,2010,Drama
6.9,1538,Heleno,2011,"Biography,Drama,Sport"
6.6,8127,October Baby,2011,"Drama,Family,Mystery"
7.7,2472,Fastest,2011,"Documentary,Sport"
6.7,21750,A Christmas Story Christmas,2022,"Comedy,Family"
7.3,5328,Inadequate People,2010,"Comedy,Drama,Romance"
7.4,1727,The Piano in a Factory,2010,"Comedy,Drama"
7.0,528776,We're the Millers,2013,"Comedy,Crime"
7.5,2208,Last Days Here,2011,"Documentary,Music"
7.2,218379,Shame,2011,Drama
6.7,7839,Beyond Outrage,2012,"Action,Crime,Drama"
6.7,14858,7 Aum Arivu,2011,"Action,Sci-Fi,Thriller"
7.7,4546,Ethel & Ernest,2016,"Animation,Drama,History"
7.5,3366,Hello Stranger,2010,"Comedy,Romance"
6.7,89100,Killer Joe,2011,"Crime,Drama,Thriller"
6.6,6175,The Prey,2011,"Action,Crime,Drama"
7.0,2808,Clandestine Childhood,2011,Drama
7.4,164710,The Way Way Back,2013,"Comedy,Drama"
8.2,2972,Sher Shivraj,2022,"Action,Drama,History"
6.7,16853,Jeanne du Barry,2023,"Biography,Drama,History"
7.7,1986,Fire in Babylon,2010,"Documentary,Sport"
7.9,652238,Bohemian Rhapsody,2018,"Biography,Drama,Music"
7.0,272638,Civil War,2024,"Action,Thriller,War"
7.3,10232,Hara-Kiri: Death of a Samurai,2011,Drama
7.2,2428,Remembrance,2011,"Drama,Romance,Thriller"
7.1,4959,Teddy Bear,2012,"Drama,Romance"
7.0,49417,The Zookeeper's Wife,2017,"Biography,Drama,History"
6.9,1586,"Small, Slow But Steady",2022,"Drama,Sport"
6.6,266068,Ender's Game,2013,"Action,Adventure,Sci-Fi"
7.0,1538,Bridgend,2013,"Documentary,Drama,Mystery"
7.5,6458,Bekas,2012,"Adventure,Drama"
7.2,13270,No One Killed Jessica,2011,"Biography,Crime,Drama"
6.6,10023,Eden,2012,"Crime,Drama,Thriller"
7.6,2494,Public Speaking,2010,Documentary
6.6,2151,The Color Wheel,2011,"Comedy,Romance"
7.0,269797,Saltburn,2023,"Drama,Thriller"
7.0,3688,When Pigs Have Wings,2011,Comedy
7.6,34543,"Oslo, August 31st",2011,Drama
6.6,3134,Nobody Else But You,2011,"Comedy,Crime,Mystery"
6.8,1818,Dui Prithibi,2010,"Drama,Romance"
6.8,3223,Lost on Journey,2010,Comedy
6.7,2164,Strangeness,2022,"Comedy,Drama"
7.3,1538,PressPausePlay,2011,"Documentary,Music"
7.2,7754,"The Tunnel to Summer, the Exit of Goodbyes",2022,"Animation,Drama,Fantasy"
7.3,3343,Khichdi: The Movie,2010,"Comedy,Family"
7.0,24272,The Trip,2010,"Comedy,Drama"
6.9,83731,Troll Hunter,2010,"Drama,Fantasy,Thriller"
7.5,3952,I Am,2010,Documentary
6.9,9321,Les Lyonnais,2011,"Action,Crime,Drama"
6.8,38583,Jersey Boys,2014,"Biography,Drama,Music"
6.7,29214,Your Sister's Sister,2011,"Comedy,Drama,Romance"
6.6,15401,The Greatest Movie Ever Sold,2011,"Comedy,Documentary"
6.8,6469,Guilty of Romance,2011,"Drama,Horror,Romance"
6.7,8023,The Wall,2012,"Drama,Mystery,Sci-Fi"
6.9,12760,The Tribe,2014,"Crime,Drama"
7.2,2477,Urumi: The Warriors Who Wanted to Kill Vasco Da Gama,2011,"Action,Drama"
8.2,898790,Top Gun: Maverick,2022,"Action,Drama"
6.6,3176,The Stoker,2010,"Crime,Drama"
7.7,384420,Moonrise Kingdom,2012,"Adventure,Comedy,Drama"
6.6,46024,Horizon: An American Saga - Chapter 1,2024,"Drama,Western"
6.6,3675,Lost in the Stars,2022,"Crime,Drama,Mystery"
7.9,2112,Facing Nolan,2022,"Biography,Documentary,Sport"
7.2,456562,The Substance,2024,"Drama,Horror,Sci-Fi"
6.7,59293,Bottoms,2023,Comedy
7.3,87523,A Dog's Purpose,2017,"Adventure,Comedy,Drama"
7.6,3557,Buck,2011,Documentary
7.3,5738,Two Rabbits,2012,"Action,Crime,Drama"
7.3,8009,Come As You Are,2011,"Comedy,Drama"
6.9,2550,Las Acacias,2011,Drama
8.8,6845,Les Misérables in Concert: The 25th Anniversary,2010,"Drama,Musical"
6.8,1641,The Butcher of Prague,2011,"Drama,History,War"
7.1,2396,Rabat,2011,"Drama,Thriller"
7.6,72102,The Little Prince,2015,"Adventure,Animation,Comedy"
7.4,4857,Yeh Saali Zindagi,2011,"Crime,Drama,Thriller"
7.3,2521,The Exam,2011,"Drama,History,Thriller"
7.4,15000,Dookudu,2011,"Action,Comedy,Drama"
6.6,1823,Get Lamp,2010,Documentary
6.6,1975,The Giants,2011,"Adventure,Drama"
7.2,17555,Starbuck,2011,"Comedy,Drama,Romance"
7.2,203392,Avatar: Fire and Ash,2025,"Action,Adventure,Drama"
7.5,2094,Jackie,2010,"Action,Comedy"
6.8,2724,Mitt,2014,"Biography,Documentary,Family"
6.6,1898,The Jackal,2010,"Crime,Drama"
7.0,5131,Unconditional,2012,"Biography,Crime,Drama"
6.6,64762,Like Crazy,2011,"Drama,Romance"
8.5,14284,Daman,2022,"Adventure,Drama"
6.8,1583,Line of Fire,2023,"Biography,Drama,War"
7.1,11649,Ill Manors,2012,"Crime,Drama,Music"
7.9,2819,One Life,2011,"Documentary,Family"
7.3,5299,Kooman,2022,"Drama,Mystery,Thriller"
6.8,75907,The First Time,2012,"Comedy,Drama,Romance"
7.3,4561,War Sailor,2022,"Drama,War"
7.4,5069,Cairo 678,2010,Drama
6.6,58048,Arbitrage,2012,"Drama,Thriller"
6.6,6124,The Deep,2012,"Action,Adventure,Drama"
6.6,335813,The Expendables 2,2012,"Action,Adventure,Thriller"
7.9,2092,The Great White Silence,1924,Documentary
6.9,3311,The Pez Outlaw,2022,"Comedy,Documentary,Family"
6.6,3480,This Life,2012,"Drama,War"
6.8,62754,Odd Thomas,2013,"Comedy,Fantasy,Horror"
7.5,7728,The Blue Caftan,2022,"Drama,Romance"
6.7,11261,The Giant Mechanical Man,2012,"Comedy,Drama,Romance"
7.3,49868,The Hidden Face,2011,"Drama,Mystery,Thriller"
6.8,65290,Stonehearst Asylum,2014,"Drama,Horror,Mystery"
7.0,35117,Danny Collins,2015,"Comedy,Drama,Music"
6.7,2364,Prensesin Uykusu,2010,"Comedy,Drama"
7.7,503735,Wreck-It Ralph,2012,"Adventure,Animation,Comedy"
7.4,14165,Where Do We Go Now?,2011,"Comedy,Drama"
7.8,39961,Jiro Dreams of Sushi,2011,Documentary
7.5,6462,Phas Gaye Re Obama,2010,"Comedy,Crime,Drama"
8.3,1583,Gaalipata,2008,"Comedy,Musical,Romance"
8.0,8392,Ship of Theseus,2012,Drama
7.8,1669,The Punk Syndrome,2012,"Comedy,Documentary,Drama"
7.0,1753,Bettie Page Reveals All,2012,"Biography,Documentary"
6.8,5994,Fullmetal Alchemist: The Sacred Star of Milos,2011,"Action,Adventure,Animation"
7.1,2549,Kauwboy,2012,Drama
7.3,14007,United,2011,"Drama,History,Sport"
7.4,7628,Bobby Fischer Against the World,2011,"Biography,Documentary,History"
6.7,1861,Revenge: A Love Story,2010,"Crime,Horror,Mystery"
8.2,3808,The Culture High,2014,"Documentary,News"
7.1,2414,Manny,2014,"Biography,Documentary,Sport"
7.6,1797,Stopped on Track,2011,Drama
8.1,18493,Zeitgeist: Moving Forward,2011,Documentary
6.6,112771,Anna Karenina,2012,"Drama,Romance"
6.6,18769,Hands of Stone,2016,"Biography,Drama,Sport"
6.7,3139,The Minister,2011,Drama
6.8,99336,No Escape,2015,"Action,Adventure,Drama"
7.1,3397,Two Lives,2012,"Drama,Thriller"
7.5,3941,Miss Representation,2011,Documentary
7.3,13819,The Parade,2011,"Comedy,Drama,History"
7.3,1955,Chittagong,2012,"Action,Drama,War"
7.4,2389,God Bless Ozzy Osbourne,2011,"Biography,Documentary,Music"
7.3,4074,Bleach the Movie: Hell Verse,2010,"Action,Adventure,Animation"
7.4,3304,The Punk Singer,2013,"Biography,Documentary,Music"
6.6,12073,CBGB,2013,"Crime,Drama,Music"
6.8,2120,The Forgiveness of Blood,2011,Drama
7.6,7320,Being Elmo: A Puppeteer's Journey,2011,"Biography,Documentary"
7.1,3395,If a Tree Falls: A Story of the Earth Liberation Front,2011,"Biography,Crime,Documentary"
6.9,3499,Page One,2011,Documentary
7.3,2380,Resurrect Dead: The Mystery of the Toynbee Tiles,2011,Documentary
7.9,2439,We Were Here,2011,"Biography,Documentary,History"
7.3,48940,Talaash: The Answer Lies Within,2012,"Crime,Drama,Mystery"
8.1,4638,The Weight of Chains,2010,"Documentary,History,News"
8.2,2578,José and Pilar,2010,"Biography,Documentary"
6.8,569436,The Maze Runner,2014,"Action,Mystery,Sci-Fi"
7.2,2153,The Other F Word,2011,"Comedy,Documentary,Drama"
7.4,343388,Zero Dark Thirty,2012,"Drama,History,Thriller"
6.6,120343,Inherent Vice,2014,"Comedy,Crime,Drama"
6.8,8381,Cirque du Soleil: Worlds Away,2012,Fantasy
8.5,4704,National Theatre Live: Frankenstein,2011,"Drama,Horror,Sci-Fi"
7.2,15260,Wild Bill,2011,"Comedy,Crime,Drama"
7.5,2382,Tokyo Family,2013,Drama
6.7,17856,I Want You,2012,"Drama,Romance"
7.4,60148,From Up on Poppy Hill,2011,"Animation,Comedy,Drama"
7.4,20235,Rudderless,2014,"Comedy,Drama,Music"
7.3,281309,Southpaw,2015,"Action,Drama,Sport"
8.0,731638,Her,2013,"Drama,Romance,Sci-Fi"
7.2,520975,American Hustle,2013,"Crime,Drama"
6.7,74737,Gold,2016,"Biography,Crime,Drama"
7.0,4491,Accused,2014,"Biography,Crime,Drama"
7.4,4552,Cool Kids Don't Cry,2012,"Drama,Family,Sport"
6.6,16536,Eyyvah Eyvah 2,2011,Comedy
8.1,8267,See You in Montevideo,2014,"Adventure,Biography,Comedy"
7.0,11702,The Lady,2011,"Biography,Drama,History"
6.6,1715,Those Who Kill: Shadow of the Past,2011,"Crime,Drama,Thriller"
7.1,4072,Gold and Copper,2010,"Drama,Romance"
7.9,5245,I Am Kalam,2010,"Comedy,Drama"
7.1,11005,The Women on the 6th Floor,2010,Comedy
7.0,1641,Lost Christmas,2011,"Drama,Family"
8.0,2916,Super,2010,Drama
6.7,1824,Conjugal Visit,2022,"Drama,Romance"
7.2,20697,Love Likes Coincidences,2011,"Drama,Romance"
7.4,27155,Losers' Club,2011,"Drama,Romance"
6.6,12658,Suicide Room,2011,"Crime,Drama,Thriller"
6.6,3572,Jackpot,2011,"Action,Comedy,Crime"
6.6,4163,Gold Run,2022,"Drama,Thriller,War"
8.3,1650,The War You Don't See,2010,"Documentary,War"
7.2,199940,Unbroken,2014,"Biography,Drama,Sport"
7.3,25076,Little Boy,2015,"Drama,History,War"
7.8,12009,Who Killed Captain Alex?,2010,"Action,Comedy,Crime"
8.2,2070,Bad Hero,2010,"Comedy,Crime,Drama"
7.4,8759,Project Nim,2011,Documentary
7.1,3101,Vegucated,2011,"Comedy,Documentary"
7.9,1552,Moner Manush,2010,Biography
6.6,6485,Nitro Circus: The Movie,2012,"Action,Comedy,Documentary"
7.3,6393,Do Not Expect Too Much from the End of the World,2023,"Comedy,Drama"
8.5,2011,Cherasaala,2022,
7.8,24552,Ernest & Celestine,2012,"Adventure,Animation,Comedy"
7.0,6344,Phineas and Ferb the Movie: Candace Against the Universe,2020,"Adventure,Animation,Comedy"
7.3,311775,The Place Beyond the Pines,2012,"Crime,Drama,Thriller"
7.1,3803,Is the Man Who Is Tall Happy?,2013,"Animation,Biography,Documentary"
8.1,5827,Love Mocktail 2,2022,"Drama,Romance"
8.1,3068,Redrum,2022,"Mystery,Thriller"
6.8,3600,Dreams of a Life,2011,"Biography,Documentary,Drama"
7.0,7763,War Witch,2012,"Drama,War"
8.1,7999,Aadukalam,2011,"Action,Drama,Romance"
7.0,8618,Kaavalan,2011,"Action,Comedy,Drama"
8.1,70358,Kahaani,2012,"Mystery,Thriller"
7.7,129193,Nebraska,2013,Drama
7.3,25221,Bullhead,2011,"Crime,Drama"
6.6,1822,Easy!,2011,"Comedy,Drama"
8.1,5757,Traffic,2011,"Action,Adventure,Mystery"
7.3,1769,United Six,2011,"Action,Drama,Thriller"
6.6,189634,RED 2,2013,"Action,Comedy,Crime"
7.4,30027,To Strike,2013,"Action,Crime,Drama"
6.8,1560,My Best Enemy,2011,"Comedy,Drama,War"
8.0,2363,Mumbai Pune Mumbai,2010,"Adventure,Comedy,Drama"
7.6,2460,Sibir. Monamur,2011,Drama
6.9,2455,1921: Puzha Muthal Puzha Vare,2022,History
6.9,2097,Love Life,2022,Drama
6.8,285345,Chappie,2015,"Action,Crime,Drama"
6.9,8345,We Steal Secrets,2013,Documentary
8.0,2409,The Light Bulb Conspiracy,2010,Documentary
7.3,920803,Black Panther,2018,"Action,Adventure,Sci-Fi"
6.6,13168,Polite Society,2023,"Action,Comedy"
6.9,83707,Sonic the Hedgehog 3,2024,"Action,Adventure,Comedy"
7.8,19820,Avatar Aang: The Last Airbender,2026,"Action,Adventure,Animation"
8.1,5073,Asmaa,2011,Drama
7.3,1904,Olivia Rodrigo: driving home 2 u (a SOUR film),2022,"Biography,Documentary,Music"
7.8,54377,Once Upon a Time in Anatolia,2011,"Crime,Drama,Thriller"
7.4,29609,The Kid with a Bike,2011,Drama
7.0,3539,Girls Will Be Girls,2024,"Drama,Romance"
7.3,1639,Balraju,2022,"Action,Drama,Mystery"
6.9,1833,Tales of the Night,2011,"Animation,Family,Fantasy"
7.0,2560,Shagird,2011,"Action,Crime,Drama"
6.6,14425,Delicacy,2011,"Comedy,Drama,Romance"
7.5,1593,Indigo Kristal,2023,Drama
7.6,3301,Ala Modalaindi,2011,"Comedy,Drama,Romance"
6.9,2549,The Smile Man,2024,"Crime,Thriller"
7.0,3644,Romeos,2011,"Drama,Romance"
8.3,2095,Shala,2011,Romance
7.1,3694,Tori and Lokita,2022,"Crime,Drama"
8.3,279609,A Separation,2011,Drama
6.6,46609,The Informer,2019,"Action,Crime,Drama"
6.8,1672,Avé,2011,Drama
7.0,3953,The Christmas Tango,2011,"Drama,Romance"
6.8,1635,Fast & Feel Love,2022,"Action,Comedy,Drama"
7.2,9244,Shaitan,2011,"Action,Crime,Drama"
7.5,1660,Ecstasy of Order: The Tetris Masters,2011,Documentary
7.6,2618,Daari,2022,"Crime,Thriller"
7.2,14411,Pamela: A Love Story,2023,"Biography,Documentary"
6.6,39930,If I Had Legs I'd Kick You,2025,"Drama,Thriller"
6.7,14118,Last Love,2013,"Comedy,Drama,Romance"
7.2,7538,Nuovo Olimpo,2023,"Drama,Romance"
7.2,109654,Ruby Sparks,2012,"Comedy,Drama,Fantasy"
7.1,18714,Children Who Chase Lost Voices,2011,"Adventure,Animation,Drama"
7.7,5376,Circles,2013,Drama
7.8,55987,Rockstar,2011,"Drama,Music,Romance"
7.0,22412,The Magic of Belle Isle,2012,"Comedy,Drama"
6.6,521444,Divergent,2014,"Action,Adventure,Drama"
6.6,2475,Detective Conan: Quarter of Silence,2011,"Action,Adventure,Animation"
7.0,84985,The Words,2012,"Drama,Mystery,Romance"
7.1,292945,Alien: Romulus,2024,"Horror,Sci-Fi,Thriller"
6.7,10770,Kathal: A Jackfruit Mystery,2023,"Comedy,Crime,Drama"
7.5,9458,Children's Party,2011,"Comedy,Drama,Family"
6.8,2788,Kotoko,2011,"Drama,Horror"
6.6,2894,The Unjust,2010,"Action,Crime,Drama"
7.0,13875,Like Someone in Love,2012,Drama
7.9,2460,Yutham Sei,2011,"Action,Crime,Drama"
7.7,983157,Captain America: The Winter Soldier,2014,"Action,Adventure,Sci-Fi"
7.5,4612,Ai Weiwei: Never Sorry,2012,Documentary
7.6,9646,Metro Manila,2013,"Crime,Drama"
7.1,4581,A Cube of Sugar,2011,"Comedy,Drama,Family"
6.8,6077,Reality,2012,"Comedy,Drama"
7.3,2904,Imagine,2012,Drama
6.6,81471,Hunter Killer,2018,"Action,Thriller"
7.4,23435,Tomboy,2011,Drama
6.7,8127,The German Doctor,2013,"Drama,Thriller"
7.5,5174,Hello Ghost,2010,"Comedy,Drama,Family"
6.9,29000,Agneepath,2012,"Action,Crime,Drama"
8.1,3318,Doraemon: Nobita and the New Steel Troops: ~Winged Angels~,2011,"Action,Adventure,Animation"
7.9,7048,Ko,2011,"Action,Musical,Thriller"
7.2,4340,The Snows of Kilimanjaro,2011,"Comedy,Drama,Romance"
7.1,5282,Mr Perfect,2011,"Comedy,Drama,Romance"
6.7,2076,Overheard 2,2011,"Action,Crime,Thriller"
8.2,6732,Foo Fighters: Back and Forth,2011,"Documentary,Music"
7.2,8866,A Letter to Momo,2011,"Adventure,Animation,Comedy"
8.5,1904694,Django Unchained,2012,"Drama,Western"
6.6,120205,You're Next,2011,"Drama,Horror,Mystery"
7.5,12194,Snow White,2012,"Drama,Fantasy"
7.3,32416,Holy Spider,2022,"Crime,Drama,Thriller"
7.2,6891,R.M.N.,2022,Drama
7.0,3630,Junkyard Dog,2023,"Comedy,Drama"
7.6,294690,End of Watch,2012,"Action,Crime,Drama"
7.3,6194,Return to Space,2022,Documentary
7.5,2216,Endurance,2024,Documentary
6.7,4949,The Delinquents,2023,"Comedy,Crime,Drama"
6.9,48284,My Old Ass,2024,"Comedy,Drama,Fantasy"
6.6,1825,Phantom Boy,2015,"Action,Adventure,Animation"
7.0,30635,The Boys in the Boat,2023,"Biography,Drama,History"
8.0,764064,Blade Runner 2049,2017,"Action,Drama,Mystery"
8.3,11803,Kaun Pravin Tambe?,2022,"Biography,Drama,Sport"
7.3,3138,The Blue Angels,2024,Documentary
8.3,7467,Deiva Thirumagal,2011,"Drama,Family,Musical"
7.6,6784,A Little Thing Called Love,2010,"Comedy,Romance"
6.8,12877,Kiss Me,2011,"Drama,Romance"
6.7,4476,Black's Game,2012,"Crime,Thriller"
6.9,114621,The Highwaymen,2019,"Biography,Crime,Drama"
7.7,7552,Undefeated,2011,"Documentary,Sport"
7.1,201362,Deepwater Horizon,2016,"Action,Drama,History"
7.1,2016,In the Shadow,2012,"Crime,Drama,Thriller"
7.1,3241,Children...,2011,"Crime,Mystery,Thriller"
6.9,135619,Safety Not Guaranteed,2012,"Adventure,Comedy,Drama"
7.5,3595,Lie with Me,2022,"Drama,Romance"
7.4,4879,Corn Island,2014,"Drama,War"
7.0,7078,Conan O'Brien Can't Stop,2011,"Comedy,Documentary,Music"
7.5,5527,Kumare,2011,Documentary
8.0,68768,Song of the Sea,2014,"Adventure,Animation,Drama"
7.0,14394,Çalgi Çengi,2011,Comedy
7.2,45111,The Sessions,2012,"Biography,Comedy,Drama"
7.9,17605,BTS Permission to Dance on Stage - Seoul: Live Viewing,2022,"Documentary,Music"
7.0,3575,100% Love,2011,"Comedy,Drama,Romance"
7.7,1830,Contratiempo,2011,Action
6.6,3396,Brazilian Western,2013,"Crime,Drama,Romance"
7.4,2894,SuckSeed,2011,"Comedy,Music,Romance"
6.8,54231,The East,2013,"Adventure,Crime,Drama"
6.7,2516,Ibn el-Qunsul,2010,"Comedy,Crime,Drama"
6.6,602739,The Amazing Spider-Man 2,2014,"Action,Adventure,Sci-Fi"
7.4,220431,The Judge,2014,"Crime,Drama,Mystery"
6.7,42238,Liberal Arts,2012,"Comedy,Drama,Romance"
6.9,1566,Like Water,2011,"Biography,Documentary,Sport"
7.7,4930,Here Without Me,2011,Drama
6.7,6911,Faraway,2023,"Comedy,Drama,Romance"
7.1,23550,Into the White,2012,"Action,Drama,History"
7.8,942364,The Batman,2022,"Action,Crime,Drama"
7.9,793458,X-Men: Days of Future Past,2014,"Action,Adventure,Sci-Fi"
7.3,152669,The Edge of Seventeen,2016,"Comedy,Drama,Romance"
6.6,44521,Operation Mincemeat,2021,"Drama,War"
6.9,21811,Kodachrome,2017,Drama
8.3,1535,Milana,2007,Romance
7.1,24156,Sick of Myself,2022,"Comedy,Drama,Horror"
7.3,3801,404: Error Not Found,2011,"Drama,Mystery,Thriller"
6.9,20633,A Pigeon Sat on a Branch Reflecting on Existence,2014,"Comedy,Drama,Fantasy"
7.5,2883,America's Most Hated Family in Crisis,2011,Documentary
6.9,3943,Chalo Dilli,2011,"Comedy,Drama"
7.6,2987,Klitschko,2011,"Biography,Documentary,Sport"
6.8,2534,Corpo Celeste,2011,Drama
6.6,1640,The Legend of Kaspar Hauser,2012,"Drama,Mystery"
7.1,8206,Buddha in a Traffic Jam,2016,"Crime,Thriller"
6.7,6065,Combat Girls,2011,Drama
8.2,9462,Bol,2011,Drama
7.3,4815,The Painting,2011,"Adventure,Animation,Drama"
6.9,1833,Nicostratos the Pelican,2011,"Comedy,Drama"
7.0,162894,Pearl,2022,"Drama,Horror,Thriller"
6.6,8737,A.C.A.B. - All Cops Are Bastards,2012,"Action,Crime,Drama"
6.7,25516,The Last Letter from Your Lover,2021,"Drama,Romance"
7.6,6009,Gulmohar,2023,"Drama,Family"
7.0,49697,Brimstone,2016,"Drama,Thriller,Western"
8.2,2413,Model Minority,2012,Drama
8.1,539048,Spotlight,2015,"Biography,Crime,Drama"
6.6,59903,Fly Me to the Moon,2024,"Comedy,Drama,Romance"
7.6,232479,The Raid: Redemption,2011,"Action,Crime,Thriller"
7.1,5435,Himizu,2011,"Crime,Drama,Mystery"
7.0,442963,Fast & Furious 6,2013,"Action,Adventure,Crime"
6.8,3500,Standing Up,2013,Drama
8.1,2811,Guerrilla,2011,"Drama,History,War"
6.9,5494,Michael,2011,"Drama,Thriller"
6.7,2227,Yes or No,2010,"Comedy,Romance"
7.3,399823,Flight,2012,"Drama,Thriller"
7.8,8114,Stanley Ka Dabba,2011,"Comedy,Drama,Family"
7.9,1785,Catching Hell,2011,"Documentary,Sport"
7.7,2841,K-On! The Movie,2011,"Adventure,Animation,Comedy"
6.6,18950,The Chef,2012,"Comedy,Drama"
6.7,135428,The Call,2013,"Crime,Drama,Mystery"
6.7,117550,Penguins of Madagascar,2014,"Action,Adventure,Animation"
6.9,1564,Borgo,2023,"Crime,Drama"
7.1,74719,God Bless America,2011,"Comedy,Crime,Drama"
7.2,4348,Shor in the City,2010,"Crime,Drama"
8.3,4065,Amar Bondhu Rashed,2011,War
7.0,7587,Big Fish & Begonia,2016,"Adventure,Animation,Drama"
7.2,5992,Good Vibrations,2012,"Biography,Comedy,Drama"
7.6,3552,"No Retreat, No Surrender",2010,"Action,Comedy"
7.2,6116,The Clown,2011,"Comedy,Drama"
7.1,23777,Trash,2014,"Adventure,Crime,Drama"
8.1,2725,Anjathe,2008,"Action,Drama,Musical"
7.0,3023,The Day He Arrives,2011,"Comedy,Drama"
6.8,320725,Sinister,2012,"Horror,Mystery,Thriller"
7.0,28358,The Angels' Share,2012,"Comedy,Crime,Drama"
7.7,138149,The Best Offer,2013,"Crime,Drama,Mystery"
6.9,121306,Trance,2013,"Crime,Drama,Mystery"
6.8,8657,The Nightingale of Bursa,2023,"Comedy,Drama,Music"
7.3,16162,Elena,2011,"Crime,Drama,Thriller"
7.6,23722,Pyaar Ka Punchnama,2011,"Comedy,Drama,Romance"
6.9,1559,ToyKhtoProyshovKrizVohon,2011,"Adventure,Biography,Drama"
7.1,5236,Letters to Santa,2011,"Comedy,Romance"
7.7,4431,Jim Henson: Idea Man,2024,"Biography,Documentary"
7.6,3773,Beware of Mr. Baker,2012,"Biography,Documentary,Music"
7.0,5491,Declaration of War,2011,Drama
7.1,289730,Seven Psychopaths,2012,"Comedy,Crime,Drama"
7.4,29499,What Maisie Knew,2012,Drama
7.8,4700,What the Day Owes the Night,2012,"Drama,Romance"
7.6,35211,Delhi Belly,2011,"Action,Comedy,Crime"
7.3,4234,Diaz - Don't Clean Up This Blood,2012,Drama
7.0,3402,Yossi,2012,"Drama,Romance"
7.1,3045,Zenne Dancer,2011,"Biography,Drama,Romance"
8.9,2802,Dipu Number 2,1996,"Adventure,Drama,Family"
8.0,29446,Jodorowsky's Dune,2013,Documentary
7.3,200910,Mud,2012,"Adventure,Drama"
6.7,210251,Miss Peregrine's Home for Peculiar Children,2016,"Adventure,Drama,Family"
7.2,2506,Hello June,2022,"Family,Musical,Romance"
6.9,15935,Chinese Puzzle,2013,"Comedy,Drama,Romance"
7.6,80177,The Body,2012,"Crime,Drama,Mystery"
7.0,35775,Now Is Good,2012,"Drama,Romance"
7.7,7127,Sunny,2011,"Comedy,Drama"
6.9,139658,Nymphomaniac: Vol. I,2013,Drama
7.6,3034,The Fire Within: A Requiem for Katia and Maurice Krafft,2022,"Documentary,History"
8.7,3334,Ataturk I 1881-1919,2023,"Biography,Drama,History"
8.8,3311,Ataturk II: 1881-1919,2024,"Biography,Drama,History"
8.0,1544,Bari,2022,"Action,Drama"
6.9,2161,The Portuguese Falcon,2015,"Action,Comedy,History"
7.7,1588,Company,2011,"Comedy,Drama,Musical"
7.6,21746,Indie Game: The Movie,2012,"Documentary,Drama"
6.8,3409,The Citizen,2012,Drama
6.7,1727,Morgan,2012,"Drama,Romance,Sport"
7.5,2363,You've Been Trumped,2011,Documentary
6.8,3247,The Captains,2011,"Biography,Documentary,Sci-Fi"
6.8,22679,Singham,2011,"Action,Crime,Drama"
7.5,63099,Nimona,2023,"Action,Adventure,Animation"
8.1,582225,Ford v Ferrari,2019,"Action,Biography,Drama"
6.6,35346,The Immigrant,2013,"Drama,Romance"
7.5,780185,The Hunger Games: Catching Fire,2013,"Action,Adventure,Romance"
6.6,551515,The Hunger Games: Mockingjay - Part 1,2014,"Action,Adventure,Sci-Fi"
6.6,419300,The Hunger Games: Mockingjay - Part 2,2015,"Action,Adventure,Sci-Fi"
7.4,1512,Shubh Yatra,2023,"Drama,Family"
7.2,3058,Balas & Bolinhos: O Último Capítulo,2012,"Action,Adventure,Comedy"
6.7,19956,Borgman,2013,"Drama,Mystery,Thriller"
8.2,115257,Gangs of Wasseypur,2012,"Action,Comedy,Crime"
7.3,18352,A Coffee in Berlin,2012,"Comedy,Drama"
6.9,264127,The Hitman's Bodyguard,2017,"Action,Comedy,Crime"
7.0,12296,Inside,2012,Drama
7.1,9844,Godland,2022,Drama
6.6,65192,Love Lies Bleeding,2024,"Crime,Drama,Mystery"
6.6,6051,Halftime,2022,"Biography,Documentary,Music"
7.3,36131,In the House,2012,"Drama,Mystery,Thriller"
6.7,17243,EO,2022,Drama
7.9,19352,Leila's Brothers,2022,Drama
7.4,53226,The Imposter,2012,"Biography,Crime,Documentary"
6.9,56956,Labor Day,2013,"Crime,Drama,Romance"
6.8,2269,White Frog,2012,"Drama,Mystery,Romance"
6.9,17873,Infinitely Polar Bear,2014,"Comedy,Drama,Romance"
6.6,15912,Our Father,2022,"Crime,Documentary"
7.5,6130,Chengiz,2023,"Action,Crime,Thriller"
7.8,2035,Na venta paduthunna chinnadevadamma,2022,"Action,Drama,Romance"
6.7,6100,The Killer,2022,"Action,Comedy,Crime"
7.0,1597,Fraktus - Das letzte Kapitel der Musikgeschichte,2012,"Comedy,Music"
6.9,10793,Return to Seoul,2022,Drama
6.7,1514,The Worst Ones,2022,"Comedy,Drama"
6.6,3151,Plan 75,2022,"Drama,Sci-Fi"
7.6,8590,Joyland,2022,"Comedy,Crime,Drama"
6.7,85152,A Most Wanted Man,2014,"Crime,Drama,Thriller"
6.7,249014,King Arthur: Legend of the Sword,2017,"Action,Adventure,Drama"
7.3,18115,Into the Abyss,2011,"Crime,Documentary,Drama"
6.7,81623,The Best of Me,2014,"Drama,Romance"
6.6,17704,Bawaal,2023,"Action,Comedy,Drama"
6.7,2238,Chile '76,2022,Drama
7.4,21442,The Taste of Things,2023,"Drama,History,Romance"
7.3,2475,Love According to Dalva,2022,Drama
6.6,2492,Cyber Hell: Exposing an Internet Horror,2022,"Crime,Documentary"
7.6,131853,Aftersun,2022,Drama
6.9,2438,Detective Conan: The Bride of Halloween,2022,"Action,Animation,Crime"
7.8,5308,"Luxembourg, Luxembourg",2022,"Comedy,Drama"
7.7,6062,U Are the Universe,2024,"Comedy,Drama,Romance"
7.8,2259,Bairan Palli,2023,"Horror,Thriller"
7.4,31626,Rurouni Kenshin Part I: Origins,2012,"Action,Adventure,Drama"
8.1,564507,Rush,2013,"Biography,Drama,Sport"
7.6,326850,Toy Story 4,2019,"Adventure,Animation,Comedy"
6.7,141709,The Good Dinosaur,2015,"Action,Adventure,Animation"
7.4,177662,Begin Again,2013,"Comedy,Drama,Music"
7.4,3166,Sameer & Shaheer & Baheer,2010,"Comedy,Drama,Fantasy"
8.1,15313,The Remarkable Life of Ibelin,2024,"Animation,Biography,Documentary"
7.0,21640,The Young and Prodigious T.S. Spivet,2013,"Adventure,Comedy,Drama"
6.7,786822,Thor: The Dark World,2013,"Action,Adventure,Fantasy"
6.8,2303,Black Night,2022,"Crime,Drama,Thriller"
7.1,353186,Pitch Perfect,2012,"Comedy,Music,Romance"
7.2,2346,Next Sohee,2022,"Drama,Thriller"
6.9,1519,Le Sequel,2016,"Comedy,Horror,Sci-Fi"
7.4,1682,18 Days,2011,"Comedy,Drama"
6.6,4857,The Innocent,2022,"Comedy,Crime,Romance"
6.7,2734,Hell Dogs,2022,"Action,Crime,Drama"
6.6,72532,Wicked: For Good,2025,"Drama,Family,Fantasy"
6.6,1907,Riley,2023,Drama
6.7,8617,No Men Allowed,2011,"Comedy,Drama,Romance"
8.1,18183,Still: A Michael J. Fox Movie,2023,"Biography,Documentary"
6.6,1614,Looking for Her,2022,"Comedy,Drama,Romance"
6.6,60192,Land of Bad,2024,"Action,Thriller"
6.7,10689,Memory,2023,Drama
7.0,5232,La Cocina,2024,"Comedy,Drama,Romance"
7.0,2091,My Happy Marriage,2023,"Drama,Fantasy,History"
6.8,3301,Irena's Vow,2023,"Biography,Drama,War"
6.9,1788,Blink,2024,"Sci-Fi,Thriller"
7.1,70636,The Upside,2017,"Comedy,Drama"
7.9,2311,Dharmaveer,2022,"Biography,Crime,Drama"
7.1,14977,The Old Oak,2023,Drama
6.9,7794,Rorschach,2022,"Action,Mystery,Thriller"
7.4,2271,Salt n' Pepper,2011,"Comedy,Drama,Romance"
7.2,2585,The Braid,2023,Drama
7.9,1663,Made in England: The Films of Powell and Pressburger,2024,Documentary
6.6,2026,The Artist and the Model,2012,Drama
7.0,67437,Robot & Frank,2012,"Comedy,Crime,Drama"
7.3,1975,Pandora's Promise,2013,Documentary
7.1,16564,Lore,2012,"Drama,Romance,War"
7.7,1639,Naadodigal,2009,"Action,Drama,Musical"
7.9,1633,Home from Home: Chronicle of a Vision,2013,"Drama,History"
7.1,6825,Naruto Shippuden the Movie: Blood Prison,2011,"Action,Animation,Mystery"
7.3,6760,Kevin Hart: Laugh at My Pain,2011,"Comedy,Documentary"
6.6,2179,Kireedam,2007,"Action,Drama"
6.7,4478,Anegan,2015,"Action,Romance,Thriller"
6.7,1716,The Adopted,2011,Drama
7.9,2269,Mission Blue,2014,"Documentary,Drama"
7.1,305732,War Dogs,2016,"Biography,Comedy,Crime"
6.9,41994,The 33,2015,"Biography,Drama,History"
7.3,7596,The Front Line,2011,"Action,Drama,History"
7.5,7664,Warriors of the Rainbow: Seediq Bale I,2011,"Action,Drama,History"
7.5,6703,A Simple Life,2011,Drama
7.6,3528,First Position,2011,Documentary
7.5,10998,Behzat Ç.: I Buried You in My Heart,2011,"Action,Crime,Drama"
6.8,1629,Sachertorte,2022,"Comedy,Drama,Romance"
7.3,8995,Femme,2023,"Drama,Thriller"
7.0,31109,Knox Goes Away,2023,"Crime,Drama,Thriller"
7.5,21941,Monsieur Lazhar,2011,"Comedy,Drama"
7.8,114652,The Wind Rises,2013,"Animation,Biography,Drama"
7.6,13894,Side by Side,2012,Documentary
7.1,2526,Violeta Went to Heaven,2011,"Biography,Drama,Music"
8.0,1376929,Guardians of the Galaxy,2014,"Action,Adventure,Comedy"
6.9,88161,All Is Lost,2013,"Action,Adventure,Drama"
6.7,4483,Closer to the Moon,2014,"Comedy,Crime,Drama"
6.7,15238,Journey to the West: Conquering the Demons,2013,"Action,Adventure,Comedy"
6.6,2006,Jappeloup,2013,"Biography,Drama,Sport"
7.0,1795,Eternal Spring,2022,"Animation,Documentary"
7.2,5512,No Bears,2022,"Drama,Romance"
7.4,285690,Conclave,2024,"Drama,Thriller"
6.8,133371,Hit Man,2023,"Comedy,Crime,Romance"
6.9,1725,Pusoy,2022,"Crime,Drama,Thriller"
6.6,2027,1996 Dharmapuri,2022,"Action,Drama,Romance"
7.8,2124,Dhagad Saamba,2022,"Action,Comedy,Drama"
7.0,45952,Wicked Little Letters,2023,"Biography,Comedy,Crime"
6.8,1639,Dormitory,2023,Drama
6.7,6405,Maamannan,2023,"Action,Drama,Thriller"
6.9,288726,Non-Stop,2014,"Action,Mystery,Thriller"
7.7,45440,The Broken Circle Breakdown,2012,"Drama,Music,Romance"
8.1,792287,12 Years a Slave,2013,"Biography,Drama,History"
7.5,11735,Romancham,2023,"Comedy,Horror"
7.2,1599,Naadi Dosh,2022,"Drama,Family,Romance"
6.9,2022,A Man,2022,"Drama,Mystery,Romance"
6.7,1951,Uproar,2023,Drama
6.8,3438,Blind,2011,"Action,Crime,Drama"
7.1,13362,War of the Arrows,2011,"Action,Adventure,History"
8.1,47567,What Is a Woman?,2022,Documentary
7.0,5327,The Greatest Lie Ever Sold: George Floyd and the Rise of BLM,2022,Documentary
6.7,75076,The Finest Hours,2016,"Action,Drama,History"
6.7,2831,Lonesome Soldier,2023,"Biography,Drama,Thriller"
7.1,3935,Life,2023,Drama
7.0,8005,The Man from the Future,2011,"Adventure,Comedy,Fantasy"
6.6,1880,A Better Life,2011,Drama
7.4,2084,Albert Brooks: Defending My Life,2023,"Biography,Documentary"
8.0,11646,Paradise Lost 3: Purgatory,2011,"Crime,Documentary"
6.9,12690,Twilight of the Warriors: Walled In,2024,"Action,Crime,Thriller"
6.6,2379,Elton John: Never Too Late,2024,"Biography,Documentary,Music"
6.8,15340,The Reluctant Fundamentalist,2012,"Drama,Thriller"
6.8,2872,Downloaded,2013,Documentary
6.6,1611,Future Lasts Forever,2011,Drama
6.7,2674,Kanchana: Muni 2,2011,"Action,Comedy,Horror"
7.0,10938,Starlet,2012,Drama
7.2,2041,Shun Li and the Poet,2011,Drama
7.5,12484,You Are the Apple of My Eye,2011,"Comedy,Drama,Romance"
7.9,4766,Guardians of the Formula,2023,"Biography,Drama,History"
7.0,3164,Suraapanam,2022,Drama
7.1,2148,Cologne 75,2025,"Biography,Drama,Music"
7.5,3439,Gladbeck: The Hostage Crisis,2022,"Crime,Documentary"
7.0,1667,"From Hilde, with Love",2024,"Biography,Drama,History"
7.4,172807,Inside Llewyn Davis,2013,"Drama,Music"
7.6,5401,The Golden Dream,2013,Drama
7.6,4250,Rose,2011,"Drama,War"
7.1,1789,The Last Gladiators,2011,"Documentary,Sport"
8.5,2942,The High,1985,"Comedy,Drama"
7.4,5530,Binny and Family,2024,Drama
7.1,6614,Last Night of Amore,2023,"Drama,Thriller"
7.9,3906,Daruchini Dwip,2007,"Comedy,Drama,Romance"
7.2,4394,The Ambassador,2011,Documentary
6.6,177884,Beetlejuice Beetlejuice,2024,"Comedy,Fantasy,Horror"
7.9,1819,Glen Campbell: I'll Be Me,2014,"Biography,Documentary,Family"
7.4,2168,Memory Lane,2024,"Comedy,Drama"
7.0,5027,Men in Hope,2011,"Comedy,Drama,Romance"
7.5,1785,Diana Vreeland: The Eye Has to Travel,2011,"Biography,Documentary"
7.4,73205,Rust and Bone,2012,"Drama,Romance"
7.0,206521,Side Effects,2013,"Crime,Drama,Mystery"
7.3,2227,Professor Kosta Vujic's Hat,2012,"Biography,Comedy,Drama"
7.7,41610,The Promised Land,2023,"Action,Drama,History"
7.3,96559,Eye in the Sky,2015,"Drama,Thriller,War"
6.9,4270,Mujhse Fraaandship Karoge,2011,"Comedy,Drama,Romance"
7.4,1564,The Foster Boy,2011,Drama
7.1,44663,The Railway Man,2013,"Biography,Drama,Romance"
7.4,27258,No,2012,"Drama,History"
7.8,25724,To the Forest of Firefly Lights,2011,"Animation,Drama,Fantasy"
6.7,2681,Muhammad Ali's Greatest Fight,2013,"Biography,Drama"
7.0,7611,Sister,2012,"Crime,Drama"
7.1,3710,Something from Nothing: The Art of Rap,2012,"Documentary,Music"
7.3,1972,Kya Dilli Kya Lahore,2014,"Drama,History,War"
6.7,18509,Smashed,2012,Drama
6.7,2961,Thrive: What on Earth Will It Take?,2011,Documentary
7.5,4170,A Band Called Death,2012,"Biography,Documentary,Music"
7.8,2470,Engeyum Eppodhum,2011,"Comedy,Drama,Romance"
7.3,211240,Rocketman,2019,"Biography,Drama,Music"
7.4,6830,Any Day Now,2012,Drama
6.8,4234,Semmelweis,2023,"Biography,Drama,History"
7.4,8450,The Third Half,2012,"Drama,History,Romance"
8.0,28102,Silenced,2011,"Crime,Drama,Thriller"
6.8,13236,Populaire,2012,"Comedy,Romance,Sport"
7.2,12579,Business Man,2012,"Action,Crime,Drama"
6.9,1554,The Flat,2011,Documentary
7.7,4731,Mayakkam Enna,2011,"Drama,Musical,Romance"
7.2,11340,Shanghai,2012,"Crime,Drama,Mystery"
7.4,3481,Kerosene,2022,"Action,Crime,Drama"
6.8,2203,The Client,2011,"Crime,Drama,Mystery"
7.3,3912,The Other Son,2012,Drama
7.8,6739,Marina Abramovic: The Artist Is Present,2012,"Biography,Documentary,History"
7.1,4572,Saheb Biwi Aur Gangster,2011,"Action,Crime,Drama"
7.4,5000,Still Mine,2012,Drama
7.4,2571,Lad: A Yorkshire Story,2013,Drama
8.1,6810,22 Shey Shraban,2011,"Action,Crime,Drama"
7.6,2704,Tumse Na Ho Payega,2023,"Comedy,Drama"
6.9,3385,My Way,2012,"Biography,Drama,Music"
7.0,51560,Holy Motors,2012,"Drama,Fantasy"
7.0,41427,Ip Man 4: The Finale,2019,"Action,Biography,Drama"
7.8,2029,Spark 1.0,2022,"Action,Drama"
7.0,1836,Blackbird,2012,Drama
7.2,2080,"Love, Marilyn",2012,"Biography,Documentary"
6.7,12432,Sleepwalk with Me,2012,"Comedy,Drama,Romance"
8.8,10927,The Phantom of the Opera at the Royal Albert Hall,2011,"Drama,Musical,Romance"
6.9,2021,Zarafa,2012,"Adventure,Animation,Family"
8.8,2219,Madhi,2022,Musical
7.4,2111,Maro Prapancham,2023,"Drama,Sci-Fi,Thriller"
7.3,2548,Of Snails and Men,2012,Comedy
7.3,3143,Key of Life,2012,"Comedy,Crime,Drama"
7.6,2118,Indian Rupee,2011,Drama
7.2,188014,Steve Jobs,2015,"Biography,Drama"
7.7,12765,Always,2011,"Action,Drama,Romance"
8.1,94547,Barfi!,2012,"Comedy,Drama,Romance"
7.0,8005,Nameless Gangster: Rules of the Time,2012,"Action,Crime,Drama"
6.6,17935,The Best Man Holiday,2013,"Comedy,Drama,Romance"
6.8,72561,Trouble with the Curve,2012,"Drama,Romance,Sport"
7.4,3902,Ardh,2022,"Drama,Romance"
7.3,6650,Terms and Conditions May Apply,2013,"Documentary,News"
8.0,882956,The Imitation Game,2014,"Biography,Drama,Thriller"
7.2,5875,The Scapegoat,2012,Drama
8.5,85047,Sita Ramam,2022,"Action,Drama,Musical"
6.7,2541,Fourth of July,2022,"Comedy,Drama"
7.2,5786,Ved,2022,"Drama,Romance"
7.6,2111,Konda,2022,"Action,Biography,Drama"
7.4,2868,Alms for a Blind Horse,2011,Drama
8.2,1910,Deool,2011,Drama
7.0,2729,Fairy Tail: The Phoenix Priestess,2012,"Action,Adventure,Animation"
6.6,13471,The Artifice Girl,2022,"Mystery,Sci-Fi,Thriller"
6.7,3544,One and Only,2023,"Comedy,Drama,Family"
6.7,2003,The King of Pigs,2011,"Animation,Drama,Thriller"
7.1,4198,Iverson,2014,"Biography,Documentary,Sport"
7.3,2424,My Straight Son,2012,"Drama,Romance"
6.6,1635,I Am Not a Hipster,2012,"Drama,Music"
6.6,41129,Promised Land,2012,Drama
7.0,17457,Much Ado About Nothing,2012,"Comedy,Drama,Romance"
8.1,928154,Inside Out,2015,"Adventure,Animation,Comedy"
7.1,295846,Thunderbolts*,2025,"Action,Adventure,Crime"
7.4,46885,"McFarland, USA",2015,"Biography,Drama,Sport"
7.8,3973,Pilla Zamindar,2011,"Comedy,Drama"
7.2,45745,The Physician,2013,"Adventure,Drama,History"
6.9,33064,In Your Eyes,2014,"Fantasy,Romance"
7.2,37132,Fallen Leaves,2023,"Comedy,Drama,Romance"
7.6,514056,Dawn of the Planet of the Apes,2014,"Action,Adventure,Drama"
6.9,2398,My Daughter's Killer,2022,"Crime,Documentary"
8.0,1974,Steve Jobs: The Lost Interview,2012,Documentary
7.5,1501,Travelin' Band: Creedence Clearwater Revival at the Royal Albert Hall,2022,"Documentary,Music"
6.9,3246,Lover,2022,"Drama,Romance"
7.3,26241,Girl in the Picture,2022,"Crime,Documentary,Mystery"
7.5,121069,The Iron Claw,2023,"Biography,Drama,Sport"
8.3,415623,The Hunt,2012,Drama
7.1,4328,Beyond the Hill,2012,Drama
7.3,5088,Pookkaalam,2023,"Comedy,Drama,Family"
6.6,2010,Balamevvadu,2022,"Crime,Drama,Romance"
6.8,2361,Jackie,2012,"Comedy,Drama"
9.1,3606,National Theatre Live: Prima Facie,2022,Drama
6.9,39403,A Different Man,2024,"Drama,Thriller"
8.0,2007,Meelo Okadu,2022,"Drama,Family"
6.8,56097,The Lost Bus,2025,"Biography,Drama,History"
8.1,3218,Phule,2025,Biography
6.6,2626,Hansan: Rising Dragon,2022,"Action,Drama,History"
7.0,4859,"20,000 Species of Bees",2023,Drama
8.0,4287,Mea Maxima Culpa: Silence in the House of God,2012,Documentary
7.4,1955,Even If This Love Disappears from the World Tonight,2022,"Drama,Romance"
7.0,1659,For No Good Reason,2012,"Biography,Documentary,History"
6.8,4552,Monica Z,2013,"Biography,Drama,Music"
7.5,6333,The Inevitable Defeat of Mister & Pete,2013,Drama
7.0,44402,The 100 Year-Old Man Who Climbed Out the Window and Disappeared,2013,"Adventure,Comedy"
7.4,2932,I Know That Voice,2013,Documentary
7.5,1710,Death of a Man in the Balkans,2012,"Comedy,Drama"
6.9,4013,Back to 1942,2012,"Drama,History,War"
6.8,2990,The Woman Who Wasn't There,2012,Documentary
6.7,4210,The Starling Girl,2023,"Drama,Romance"
6.8,2501,Labyrinth,2011,"Action,Drama,Thriller"
7.6,80491,All of Us Strangers,2023,"Drama,Romance"
6.8,2042,The Hammer,2023,"Biography,Crime,Drama"
7.8,1512,Let the Fire Burn,2013,"Documentary,History"
8.1,692397,Hacksaw Ridge,2016,"Biography,Drama,History"
7.6,7504,The Invisible War,2012,"Crime,Documentary"
7.2,73322,Force Majeure,2014,"Comedy,Drama"
7.8,3838,Remembering Gene Wilder,2023,"Biography,Documentary"
7.0,3437,Secret Mall Apartment,2024,Documentary
7.8,1563,Dead Line,2023,Thriller
6.8,1754,Doraemon the Movie: Nobita's Sky Utopia,2023,"Adventure,Animation,Comedy"
7.2,3781,Sermon to the Fish,2022,"Drama,War"
7.2,1928,Safe Place,2022,Drama
7.4,7344,3,2012,"Drama,Mystery,Romance"
6.9,19864,Theater Camp,2023,Comedy
6.7,3124,Palthu Janwar,2022,"Comedy,Drama"
7.7,1894,The Revelation of the Pyramids,2010,Documentary
7.4,1656,Bad Faith,2024,Documentary
7.6,4556,How to Survive a Plague,2012,"Documentary,History,News"
7.3,2968,Shut Up and Play the Hits,2012,"Documentary,Music"
7.9,7162,5 Broken Cameras,2011,"Documentary,War"
6.7,1678,Father's Chair,2012,"Adventure,Drama,Thriller"
7.2,86975,Beasts of the Southern Wild,2012,"Adventure,Drama,Fantasy"
6.6,2988,Cobweb,2023,"Comedy,Drama,History"
6.7,2490,Manslaughter,2012,"Crime,Drama,Thriller"
7.0,1727,The Last Elvis,2012,"Drama,Music"
7.4,6407,"Electric Boogaloo: The Wild, Untold Story of Cannon Films",2014,"Biography,Documentary,History"
8.2,76682,Searching for Sugar Man,2012,"Biography,Documentary,Music"
7.9,5504,The House I Live In,2012,"Crime,Documentary"
7.1,14192,The Queen of Versailles,2012,Documentary
8.1,8505,Gargi,2022,"Drama,Thriller"
7.2,20480,Mission Raniganj,2023,"Action,Biography,Drama"
7.2,2907,The Stone Roses: Made of Stone,2013,"Documentary,Music"
8.1,13197,I Was a Stranger,2024,Drama
6.8,1991,Remember,2022,"Action,Crime,Drama"
7.3,2457,Poran,2022,"Crime,Drama,History"
7.0,1647,Bank Robbers: The Last Great Heist,2022,"Crime,Documentary"
6.8,2224,Recce 360,2022,"Crime,Thriller"
7.2,4997,Close Your Eyes,2023,Drama
8.9,3105,Gandhada Gudi,2022,"Adventure,Documentary,Family"
8.3,3224,Achena Uttam,2022,"Biography,Drama"
8.0,2911,Bones Brigade: An Autobiography,2012,"Documentary,Sport"
7.8,11589,West of Memphis,2012,"Crime,Documentary"
7.3,2060,Jagannatakam,2022,Drama
6.6,1726,Graceland,2012,"Crime,Thriller"
6.6,1751,Zaytoun,2012,"Adventure,Drama,Thriller"
7.4,2529,The Raven,2026,"Horror,Mystery,Romance"
6.8,3965,Spellbound,2011,"Comedy,Fantasy,Horror"
7.1,1600,Rangoli,2023,"Drama,Family"
6.8,9850,Born to Be Blue,2015,"Biography,Drama,Music"
7.1,1681,Not Just a Girl,2022,"Biography,Documentary,Music"
7.4,1579,Royal Bengal Rahasya,2011,"Adventure,Thriller"
6.7,3041,Vinaro Bhagyamu Vishnu Katha,2023,"Comedy,Drama,Romance"
6.9,7937,Inside the Mind of a Cat,2022,Documentary
6.6,2238,A Real Job,2023,"Comedy,Drama"
6.7,2561,Month of Madhu,2023,"Drama,Romance"
6.6,8791,The Roundup: No Way Out,2023,"Action,Crime,Thriller"
6.6,1621,Kalaga Thalaivan,2022,"Action,Crime,Drama"
7.5,9391,All the Beauty and the Bloodshed,2022,"Biography,Documentary,History"
7.1,2002,Bobi Wine: The People's President,2022,Documentary
7.1,4471,World War III,2022,"Adventure,Crime,Drama"
7.2,1732,Trenque Lauquen,2022,"Drama,Mystery,Thriller"
7.5,6636,Siya,2022,"Crime,Drama"
6.7,6520,Electrick Children,2012,Drama
6.8,129381,Long Shot,2019,"Comedy,Romance"
6.6,2648,Gimme the Loot,2012,"Comedy,Crime,Drama"
8.1,55524,Wolf Children,2012,"Animation,Drama,Family"
7.5,176355,Saving Mr. Banks,2013,"Biography,Comedy,Drama"
7.0,2226,Bald Mountain,2013,"Action,Crime,Drama"
7.6,30807,Tanu Weds Manu Returns,2015,"Comedy,Drama,Romance"
7.3,400960,The Accountant,2016,"Action,Crime,Drama"
7.1,2035,Xingu,2011,"Action,Adventure,Biography"
7.2,2784,The Kirishima Thing,2012,Drama
7.0,3907,Taximetristi,2023,"Comedy,Drama"
7.2,1764,Is That Black Enough for You?!?,2022,"Documentary,History"
7.1,2353,Dochevaarevarura,2023,"Comedy,Crime,Thriller"
7.4,9881,The Volcano: Rescue from Whakaari,2022,Documentary
6.8,12633,How to Blow Up a Pipeline,2022,"Action,Crime,Drama"
7.5,4178,Batman: The Long Halloween,2021,"Action,Animation,Crime"
7.3,1838,Unicorns,2023,"Drama,Romance"
7.1,2942,Moment of Contact,2022,Documentary
6.6,79110,The Bikeriders,2023,"Crime,Drama"
7.2,2263,Diamond Necklace,2012,"Drama,Romance"
8.2,2473,Vazhakku Enn 18/9,2012,"Crime,Drama,Thriller"
7.9,2644,56 Up,2012,"Biography,Documentary"
6.7,5084,Mortal Kombat Legends: Snow Blind,2022,"Action,Adventure,Animation"
6.6,1931,Hesitation Wound,2023,Drama
8.0,12412,My Grandfather's People,2011,"Comedy,Drama,Family"
7.6,2581,A Story of Yonosuke,2012,Drama
7.6,7921,The Pervert's Guide to Ideology,2012,Documentary
8.2,2710,Subramaniapuram,2008,"Action,Drama,Thriller"
7.3,7986,Tabu,2012,"Drama,Romance"
7.1,4166,Variações: Guardian Angel,2019,"Biography,Drama,Music"
7.3,4555,X-Large,2011,"Comedy,Drama,Family"
6.8,2127,Mann Kasturi Re,2022,"Mystery,Romance"
7.7,2056,Die Hard Fan,2022,"Comedy,Drama"
6.7,2933,Premadesam,2023,"Comedy,Drama"
7.2,1610,The Last Step,2012,Drama
8.3,61660,Lost Ladies,2023,"Comedy,Drama"
7.1,27365,Sector 36,2024,"Crime,Drama,Thriller"
7.7,2072,Am Aha,2022,"Comedy,Drama,Thriller"
7.0,11561,Drug War,2012,"Action,Crime,Drama"
7.1,33308,Tracks,2013,"Adventure,Biography,Drama"
7.6,2780,Nise: The Heart of Madness,2015,"Biography,Drama,History"
7.7,3158,To Kill a Tiger,2022,Documentary
6.7,58491,Bad Words,2013,"Comedy,Drama"
7.2,114220,St. Vincent,2014,"Comedy,Drama"
6.6,1874,The Foreigner,2012,"Comedy,Romance"
7.4,6041,Wheels,2014,Drama
7.2,1947,Life in a Fishbowl,2014,Drama
7.1,18790,Metallica Through the Never,2013,Music
6.8,42356,The Life List,2025,"Comedy,Drama,Romance"
7.1,2002,Where the Tracks End,2023,"Comedy,Drama,Family"
7.8,1949,New,2022,"Comedy,Romance"
7.3,3556,Prem Geet 3,2022,"Action,Romance"
6.9,1629,To Be Takei,2014,"Biography,Documentary"
7.5,2363,Spirit,2012,"Comedy,Drama"
6.7,63051,Jab Tak Hai Jaan,2012,"Drama,Romance"
7.3,7047,Caesar Must Die,2012,Drama
6.8,3146,The Search,2014,"Drama,War"
7.2,10548,We Are Legion: The Story of the Hacktivists,2012,Documentary
7.3,3292,The Rocket,2013,Drama
7.3,58708,Yeh Jawaani Hai Deewani,2013,"Comedy,Drama,Musical"
7.2,17302,Barbara,2012,Drama
7.1,87869,The Kings of Summer,2013,"Adventure,Comedy,Drama"
7.3,20323,What's in a Name?,2012,"Comedy,Drama"
8.0,1863,Loot,2012,"Crime,Drama,Thriller"
7.3,574117,American Sniper,2014,"Action,Biography,Drama"
7.7,18671,There's Still Tomorrow,2023,"Comedy,Drama,History"
7.0,2116,6/45,2022,Comedy
6.8,2241,Two Souls,2023,"Fantasy,Romance"
7.8,18428,Nanban,2012,"Comedy,Drama"
6.6,99607,Saw X,2023,"Crime,Drama,Horror"
6.6,4392,Fancy Dance,2023,Drama
7.2,3926,Sr.,2022,"Biography,Documentary"
8.2,21658,Shahid,2012,"Biography,Drama"
7.6,1943,Thuglaq,2022,Romance
6.6,1676,Tell No One,2012,"Comedy,Romance"
8.5,2890,While We Watched,2022,"Biography,Documentary,News"
7.7,19330,Stutz,2022,Documentary
7.3,6840,Selena Gomez: My Mind & Me,2022,"Biography,Documentary,Music"
7.8,45354,English Vinglish,2012,"Comedy,Drama,Family"
7.4,6742,Legend No. 17,2013,"Biography,Drama,Sport"
6.9,5309,Silent Ones,2013,"Drama,Mystery,Thriller"
7.0,165099,A Real Pain,2024,"Comedy,Drama"
7.1,3788,Truth & Treason,2025,"Drama,History,Thriller"
7.0,4957,Call Me Chihiro,2023,Drama
6.6,2052,Akasha Veedullo,2022,"Drama,Romance"
6.8,43693,Love at First Sight,2023,"Drama,Romance"
7.3,2799,Dovbush,2023,"Action,Adventure,Drama"
7.1,6754,The Figo Affair: The Transfer that Changed Football,2022,"Biography,Documentary,Sport"
7.2,2652,Skandal! Bringing Down Wirecard,2022,"Crime,Documentary"
7.4,12472,The Redeem Team,2022,"Documentary,History,Sport"
6.7,2032,Una noche,2012,"Drama,Romance"
7.1,7606,Jogi,2022,"Drama,Thriller"
7.5,7539,Love on a Leash,2011,"Comedy,Drama,Fantasy"
7.3,2458,Obi-Wan Kenobi: A Jedi's Return,2022,Documentary
6.6,5662,Cold War,2012,"Action,Crime,Mystery"
6.6,2731,Confidential Assignment 2: International,2022,"Action,Comedy,Thriller"
7.3,71938,BlackBerry,2023,"Biography,Comedy,Drama"
7.2,1690,The Sparring Partner,2022,"Crime,Drama"
7.0,2981,Five Dances,2013,"Drama,Music,Romance"
6.6,4256,Luv Shuv Tey Chicken Khurana,2012,Comedy
7.3,9198,Child's Pose,2013,Drama
8.1,41582,Thuppakki,2012,"Action,Crime,Musical"
6.7,14899,The Coffee Table,2022,"Comedy,Drama,Horror"
7.1,9810,Neighboring Sounds,2012,"Drama,Thriller"
7.2,1947,Living,2012,Drama
7.1,3082,Watchtower,2012,Drama
7.1,2818,ATM: Er Rak Error,2012,"Comedy,Romance"
6.8,1774,Not Reachable,2022,Crime
7.4,6882,The Dark Horse,2014,"Biography,Drama"
6.9,2063,Short Stories,2012,"Comedy,Drama,Mystery"
7.1,4754,Girl You Know It's True,2023,"Biography,Drama,Music"
7.0,4795,A Trip to Infinity,2022,Documentary
7.2,1681,BS High,2023,"Documentary,Sport"
7.7,2067,Identity,2022,Thriller
7.3,4631,I Am Shahid Afridi,2013,"Drama,Sport"
7.3,26759,A Million Miles Away,2023,"Biography,Drama"
6.8,96135,Dream Scenario,2023,"Comedy,Drama,Fantasy"
7.8,439683,About Time,2013,"Comedy,Drama,Fantasy"
7.9,1993,Puella Magi Madoka Magica the Movie Part 2: Eternal,2012,"Animation,Fantasy,Mystery"
6.8,2672,Mig äger ingen,2013,Drama
7.5,3137,Jatt & Juliet,2012,"Comedy,Romance"
6.7,4577,Allen Sunshine,2024,Drama
6.6,4714,Fatima,2020,"Drama,War"
7.5,8413,Seethamma Vaakitlo Sirimalle Chettu,2013,"Comedy,Drama"
6.7,1641,Monsoon Shootout,2013,"Action,Crime,Drama"
7.8,2113,Rahasya,2022,Thriller
6.6,120349,Run All Night,2015,"Action,Crime,Thriller"
6.6,1583,Mister Organ,2022,Documentary
7.9,43620,Vishwaroopam,2013,"Action,Thriller"
6.6,11244,Zwigato,2022,Drama
7.1,2068,Paga Paga Paga,2022,"Comedy,Crime,Thriller"
6.6,3452,Adagio,2023,"Action,Crime,Thriller"
7.0,1709,A Little Prayer,2023,Drama
7.0,18333,Snack Shack,2024,"Comedy,Drama"
7.1,1574,Rat Fever,2011,Drama
8.5,6591,BTS: Permission to Dance on Stage - LA,2022,"Documentary,Music"
6.7,1765,A Boy Called Sailboat,2018,"Comedy,Drama,Family"
7.5,258036,Inside Out 2,2024,"Adventure,Animation,Comedy"
7.5,1969,Everybody in Our Family,2012,"Drama,Thriller"
7.7,7750,Jaya Jaya Jaya Jaya Hey,2022,"Comedy,Drama,Family"
7.1,38824,Aashiqui 2,2013,"Drama,Music,Musical"
7.4,6166,Malikappuram,2022,"Action,Adventure,Drama"
7.4,1739,Enough for Now,2024,Drama
6.6,5828,Wildlike,2014,"Adventure,Drama,Thriller"
7.0,5257,SOMM,2012,Documentary
7.3,2059,Sakalagunabhi Rama,2022,"Drama,Family,Romance"
7.2,96008,Stuck in Love.,2012,"Comedy,Drama,Romance"
7.0,8213,Generation Iron,2013,"Documentary,Drama,Sport"
7.6,2008,Puella Magi Madoka Magica the Movie Part 1: Beginnings,2012,"Animation,Drama,Fantasy"
6.6,3281,Bicycling with Molière,2013,"Comedy,Drama"
6.6,6148,Milk & Serial,2024,"Horror,Thriller"
8.1,205806,Spider-Man: Brand New Day,2026,"Action,Adventure,Sci-Fi"
7.3,4468,Aftermath,2012,"Drama,Thriller"
6.7,3616,You Are God,2012,"Biography,Drama,Music"
7.9,187614,Before Midnight,2013,"Drama,Romance"
7.4,6054,1000 Congratulations,2009,"Comedy,Drama,Fantasy"
8.0,9220,Bittersweet,2010,"Comedy,Drama"
7.5,16185,Berserk: The Golden Age Arc I - The Egg of the King,2012,"Action,Adventure,Animation"
7.5,10085,Liza the Fox-Fairy,2015,"Comedy,Fantasy,Romance"
7.8,40189,Kai Po Che,2013,"Drama,Sport"
8.0,7199,Inequality for All,2013,Documentary
6.6,8129,Paulette,2012,"Comedy,Crime"
7.1,18047,A Hijacking,2012,"Drama,Thriller"
7.1,14398,Captain Miller,2024,"Action,Adventure,Drama"
7.0,3852,Reaching for the Moon,2013,"Biography,Drama,History"
6.6,15448,Louder Than Bombs,2015,Drama
8.2,19008,Ustad Hotel,2012,"Comedy,Drama,Musical"
6.7,4109,Fill the Void,2012,"Drama,Romance"
7.9,2691,Bad 25,2012,"Documentary,Music"
7.1,23415,Red Rooms,2023,"Crime,Horror,Mystery"
6.9,161450,Love and Monsters,2020,"Action,Adventure,Comedy"
7.3,11525,We Are the Nobles,2013,Comedy
7.1,6679,Gorgeous,2022,Drama
6.7,1671,The Mysterious Gaze of the Flamingo,2025,"Drama,History,Western"
6.8,73686,Draft Day,2014,"Drama,Sport"
7.0,3178,The Deal,2012,"Action,Crime,Drama"
7.4,18367,Robber,2013,"Drama,Romance"
7.6,3243,Stormskerry Maja,2024,Drama
6.6,4443,Family Way,2012,"Comedy,Drama,Romance"
7.2,2065,El Farah,2009,Drama
6.6,204399,Insidious: Chapter 2,2013,"Horror,Mystery,Thriller"
7.0,1609,The Orheim Company,2012,Drama
7.2,56614,Chor Nikal Ke Bhaga,2023,"Crime,Drama,Thriller"
7.2,16182,Table No. 21,2013,"Drama,Thriller"
7.1,1945,The Astronaut Lovers,2024,"Comedy,Drama,Romance"
7.1,4915,This Is Christmas,2022,"Comedy,Drama,Romance"
7.2,1913,Nazar Andaaz,2022,"Comedy,Drama"
7.1,2137,Rio 2096: A Story of Love and Fury,2013,"Action,Adventure,Animation"
7.4,68421,Calvary,2014,"Crime,Drama,Mystery"
7.2,2034,Rudraveena,2022,"Drama,Romance"
6.7,9354,Mystery Road,2013,"Crime,Drama,Mystery"
7.0,71350,Strange Darling,2023,"Horror,Thriller"
7.1,1652,Kadhalil Sodhappuvadhu Yeppadi,2012,"Comedy,Romance"
6.8,2048,Love in the Buff,2012,"Comedy,Drama,Romance"
7.1,2613,Tears of Cem Karaca,2024,"Biography,Drama,Music"
7.8,1670,Planet Ocean,2012,Documentary
7.9,3063,Final Cut: Ladies and Gentlemen,2012,"Comedy,Drama,Romance"
6.6,3375,Love Never Dies,2012,"Drama,Music,Musical"
7.2,19979,Ponniyin Selvan: Part Two,2023,"Action,Adventure,Drama"
7.9,2634,Halima's Path,2012,"Drama,War"
6.9,1586,Heaven Adores You,2014,"Biography,Documentary,Drama"
7.5,5394,Can't Complain,2007,"Comedy,Drama,Mystery"
6.8,20748,Miss You Already,2015,"Comedy,Drama,Romance"
6.7,2306,Modest Reception,2012,"Comedy,Drama"
7.8,559707,Big Hero 6,2014,"Action,Adventure,Animation"
7.1,3767,The History of Future Folk,2012,"Comedy,Music,Sci-Fi"
6.8,1588,The Source Family,2012,"Documentary,Music"
8.3,3979,Carry on Jatta,2012,Comedy
7.4,11151,An Honest Liar,2014,"Biography,Comedy,Documentary"
6.9,2429,Rent-a-Cat,2012,"Comedy,Drama"
6.6,17759,When the Game Stands Tall,2014,"Biography,Drama,Family"
7.7,2560,Kano,2014,"Biography,Drama,History"
6.8,4437,Berlin,2023,"Drama,Thriller"
7.5,4904,Thattathin Marayathu,2012,"Drama,Romance"
7.9,2014,Thriller 40,2023,"Documentary,Music"
6.8,3933,The Nature of Love,2023,"Comedy,Drama,Romance"
6.7,3162,Departure,2015,"Drama,Romance"
8.0,18663,Love Today,2022,"Comedy,Drama,Romance"
7.3,2389,Har Har Mahadev,2022,"Action,Drama,History"
6.9,1615,Naples to New York,2024,Drama
6.7,20989,Zulu,2013,"Action,Crime,Drama"
6.9,2568,Sonja and the Bull,2012,"Comedy,Romance"
6.7,4428,Alkhallat+,2022,"Comedy,Drama,Mystery"
6.6,4082,Brave Citizen,2023,"Action,Comedy,Drama"
7.2,4423,Amrum,2025,"Drama,History,War"
7.5,5121,12.12: The Day,2023,"Action,Drama,History"
7.4,824471,Spider-Man: Homecoming,2017,"Action,Adventure,Sci-Fi"
7.1,1639,Kokomo City,2023,Documentary
6.7,1704,A Useful Ghost,2025,"Comedy,Drama,Fantasy"
7.4,11790,Maaveeran,2023,"Action,Comedy,Drama"
7.9,1627,We Are the Bus People,1979,"Drama,History,Thriller"
7.4,2403,The Staircase II: The Last Chance,2013,"Crime,Documentary,Drama"
7.5,13977,Beyond the Hills,2012,Drama
7.7,30807,Eega,2012,"Action,Comedy,Drama"
6.6,2815,Mommies,2012,"Comedy,Drama"
7.5,22539,Wadjda,2012,"Comedy,Drama"
7.4,5285,4 Moons,2014,"Drama,Romance"
6.8,27082,Leap!,2016,"Adventure,Animation,Comedy"
7.1,10983,The Gilded Cage,2013,"Comedy,Drama"
7.1,1917,Kalakalappu,2012,"Comedy,Musical"
7.2,85348,The Book of Life,2014,"Adventure,Animation,Comedy"
7.2,4379,Long Way North,2015,"Adventure,Animation,Drama"
7.5,4411,More Than Honey,2012,Documentary
7.1,32363,Dragon Ball Z: Battle of Gods,2013,"Action,Adventure,Animation"
7.0,1879,Love & Revolution,2023,"Comedy,Drama"
7.9,140206,The Raid 2,2014,"Action,Crime,Thriller"
8.2,1689,Blood Brother,2013,Documentary
7.4,2557,Ishq,2012,"Comedy,Romance"
7.1,1962,Second Show,2012,"Action,Crime"
6.9,2646,Dive,2022,"Drama,Sport"
7.6,4023,Hemlock Society,2012,"Comedy,Drama,Romance"
7.1,222143,Kung Fu Panda 3,2016,"Action,Adventure,Animation"
8.1,1182015,Gone Girl,2014,"Drama,Mystery,Thriller"
6.6,20473,These Final Hours,2013,"Drama,Sci-Fi,Thriller"
6.9,2388,Museum Hours,2012,Drama
6.9,1856,My Sunshine,2024,"Drama,Sport"
6.6,22665,Hunger,2023,"Drama,Thriller"
6.8,2774,God Forbid,2022,Documentary
6.6,51079,People We Meet on Vacation,2026,"Comedy,Romance"
7.0,7866,Marry My Dead Body,2022,"Action,Comedy,Crime"
6.6,6544,Slum Dog Husband,2023,"Comedy,Drama"
7.2,2846,Vegetarian Cannibal,2012,"Crime,Drama"
7.5,2778,The Man Who Saved the World,2013,"Biography,Documentary,Drama"
7.2,338431,Finding Dory,2016,"Adventure,Animation,Comedy"
8.1,982971,The Grand Budapest Hotel,2014,"Comedy,Drama"
6.9,3108,American Dreams in China,2013,"Comedy,Drama"
7.6,174324,Blue Is the Warmest Colour,2013,"Drama,Romance"
7.9,1565,Project Iceman,2022,Documentary
7.6,3940,Johan Falk: Kodnamn: Lisa,2012,"Action,Crime,Thriller"
6.8,1670,The Liar and His Lover,2013,Romance
6.6,5739,A Magnificent Haunting,2012,"Comedy,Drama,Fantasy"
7.4,4872,Kaathal - The Core,2023,Drama
6.9,509252,Jumanji: Welcome to the Jungle,2017,"Action,Adventure,Comedy"
8.1,71755,OMG: Oh My God!,2012,"Comedy,Drama,Fantasy"
6.9,1887,The Disappearance of Josef Mengele,2025,"Biography,Drama,History"
7.0,1840,Lonely Castle in the Mirror,2022,"Adventure,Animation,Drama"
7.4,10134,Black Clover: Sword of the Wizard King,2023,"Action,Adventure,Animation"
6.6,2340,Man from Reno,2014,"Crime,Drama,Mystery"
6.7,1962,Along the Roadside,2013,"Comedy,Music,Romance"
7.1,1577,Big Star: Nothing Can Hurt Me,2012,"Documentary,Music"
6.7,2399,Alaska,2015,"Drama,Romance"
6.7,2205,Once Upon a Time in Shanghai,2014,"Action,Crime"
6.7,2006,Every Blessed Day,2012,"Comedy,Drama,Romance"
7.6,9681,Road to Ninja - Naruto the Movie,2012,"Action,Adventure,Animation"
7.8,8113,Masquerade,2012,"Drama,History"
6.8,3548,Chakravyuh,2012,"Action,Drama,Thriller"
7.6,2622,The Billionaire,2011,"Biography,Drama"
7.0,444268,22 Jump Street,2014,"Action,Comedy,Crime"
6.6,7286,Lesson of the Evil,2012,"Horror,Thriller"
7.4,719249,Frozen,2013,"Adventure,Animation,Comedy"
6.6,33959,In a World...,2013,Comedy
7.0,5016,Upon Entry,2022,Drama
7.9,2015,Pink Floyd: The Story of Wish You Were Here,2012,"Documentary,Music"
6.7,1929,The Staple of News,2013,Drama
6.6,3728,Tillu Square,2024,"Action,Comedy,Crime"
6.8,1527,La cinquième saison,2012,"Drama,Mystery"
7.1,16847,Pieta,2012,"Crime,Drama,Thriller"
7.4,10035,The Dance of Reality,2013,"Biography,Drama,Fantasy"
7.0,1522,In the Shadows,2017,"Drama,Thriller"
8.0,1760,Ballabhpurer Roopkotha,2022,"Comedy,Horror"
7.4,25845,I,2015,"Action,Drama,Romance"
7.3,13280,The Selfish Giant,2013,Drama
7.1,7963,Gabbar Singh,2012,"Action,Comedy"
7.1,30163,Mandela: Long Walk to Freedom,2013,"Biography,Drama,History"
7.2,3077,The Green Prince,2014,"Biography,Documentary"
7.1,147100,Wild,2014,"Adventure,Biography,Drama"
6.6,6542,Mark Antony,2023,"Action,Comedy,Crime"
6.9,24542,Nickel Boys,2024,Drama
7.6,2997,Focus,2022,"Action,Crime,Mystery"
7.8,13812,Sound City,2013,"Documentary,Music"
6.8,3190,The Falls,2012,"Drama,Romance"
6.6,2873,Helpless,2012,"Crime,Drama,Mystery"
6.8,18489,Big Bad Wolves,2013,"Drama,Horror,Thriller"
7.6,6119,The Gatekeepers,2012,"Documentary,History,War"
7.4,623070,The Hobbit: The Battle of the Five Armies,2014,"Adventure,Fantasy"
7.2,9833,A Werewolf Boy,2012,"Drama,Fantasy,Romance"
6.6,8324,"Me, Myself and Mum",2013,Comedy
7.3,3009,The Great Passage,2013,Drama
6.8,243283,Enemy,2013,"Drama,Mystery,Thriller"
7.7,48164,Vicky Donor,2012,"Comedy,Drama,Romance"
7.5,9995,Out in the Dark,2012,"Crime,Drama,Romance"
7.0,21237,The Grand Seduction,2013,Comedy
7.0,2232,Girlfriend Boyfriend,2012,"Drama,Romance"
7.1,2633,Back on Track,2013,"Comedy,Drama,Sport"
7.8,33323,My Life as a Zucchini,2016,"Animation,Comedy,Drama"
8.0,2848,Mee Shivajiraje Bhosale Boltoy,2009,Drama
6.8,271995,The Babadook,2014,"Drama,Horror,Mystery"
7.4,3303,Hungry for Change,2012,Documentary
7.3,3164,Anohana the Movie: The Flower We Saw That Day (Ano hi mita hana no namae wo bokutachi wa mada shiran,2013,"Adventure,Animation,Drama"
7.0,3391,The Notebook,2013,"Drama,War"
6.6,1518,Partly Sunny,2012,"Comedy,Drama,Romance"
6.7,3464,In the Fog,2012,"Drama,History,War"
8.5,7678,Poove Unakkaga,1996,"Comedy,Drama,Musical"
6.9,41613,A Girl Walks Home Alone at Night,2014,"Drama,Horror,Romance"
7.3,1844,Liv & Ingmar,2012,Documentary
6.6,1552,Asura,2012,"Action,Animation,Drama"
7.5,6495,A Long Story,2012,Drama
7.6,229197,Godzilla Minus One,2023,"Action,Adventure,Drama"
8.8,4247,Upendra,1999,"Drama,Thriller"
6.8,12451,The Thieves,2012,"Action,Comedy,Crime"
7.3,7592,Julayi,2012,"Action,Comedy,Crime"
7.8,31242,"Like Father, Like Son",2013,Drama
7.6,2122,Naan,2012,"Crime,Drama,Thriller"
6.9,2526,Deepsea Challenge,2014,Documentary
7.1,6676,7 Boxes,2012,"Adventure,Crime,Drama"
6.7,2125,Cas & Dylan,2013,"Comedy,Drama"
7.5,92780,Fruitvale Station,2013,"Biography,Crime,Drama"
7.3,220671,Blue Jasmine,2013,"Comedy,Drama,Romance"
6.8,9250,The Dirties,2013,"Crime,Drama"
6.8,2760,Inch'Allah,2012,Drama
7.3,2045,Clue,2022,"Drama,Mystery,Thriller"
7.2,4763,Architecture 101,2012,"Drama,Romance"
8.1,225193,PK,2014,"Comedy,Drama,Musical"
6.8,2153,Finsterworld,2013,Drama
7.1,5087,East Side Sushi,2014,"Comedy,Drama,Family"
7.7,2049,#Kaadal Kahaani,2022,"Comedy,Drama,Family"
7.1,1843,Knuckleball!,2012,"Documentary,Sport"
7.0,4487,Heart of a Lion,2013,"Drama,Romance"
8.0,2011,The Final Contestant,2023,Drama
6.9,2489,Grandmaster,2012,"Action,Crime,Drama"
7.4,7739,Touch,2024,"Drama,Romance"
7.0,3045,Unforgiven,2013,"Action,Crime,Drama"
7.3,1589,Sangharshana,2024,"Crime,Romance,Thriller"
6.8,8619,The Best Christmas Pageant Ever,2024,"Adventure,Comedy,Drama"
7.4,3411,Joe,2023,"Drama,Romance"
6.9,14206,Sarfira,2024,Drama
7.4,103097,Frances Ha,2012,"Comedy,Drama,Romance"
6.6,4354,Daaaaaali!,2023,"Comedy,Drama"
7.8,69410,The Lunchbox,2013,"Drama,Romance"
8.1,4716,Bhooter Bhabishyat,2012,"Comedy,Fantasy,Horror"
6.6,15950,Flu,2013,"Action,Crime,Drama"
7.0,8458,"1,000 Times Good Night",2013,"Drama,War"
6.8,12540,True Spirit,2023,"Adventure,Biography,Drama"
8.2,2356,McCullin,2012,Documentary
7.1,25426,The Vaccine War,2023,"Drama,Thriller"
7.2,4808,Cutie and the Boxer,2013,"Biography,Documentary"
7.7,3100,Polladhavan,2007,"Action,Crime,Drama"
7.5,156382,American Fiction,2023,"Comedy,Drama"
8.2,79673,Bhaag Milkha Bhaag,2013,"Biography,Drama,Sport"
6.7,2620,Windstorm,2013,"Adventure,Drama,Family"
6.6,1953,Run Baby Run,2012,"Action,Comedy,Thriller"
6.6,8072,The Berlin File,2013,"Action,Thriller"
6.7,2145,Underground: The Julian Assange Story,2012,"Biography,Drama"
6.8,2065,Honey,2013,Drama
6.7,1578,I Am Kathalan,2024,"Comedy,Thriller"
8.0,5254,Bridegroom,2013,Documentary
7.5,1824,I Am Big Bird: The Caroll Spinney Story,2014,"Biography,Documentary,Drama"
8.3,13929,Lucia,2013,"Drama,Sci-Fi,Thriller"
7.7,106947,The Great Beauty,2013,Drama
7.7,13505,Berserk: The Golden Age Arc II - The Battle for Doldrey,2012,"Action,Adventure,Animation"
7.9,13496,Berserk: The Golden Age Arc III - The Advent,2013,"Action,Adventure,Animation"
7.0,4482,Daylight,2013,"Drama,Mystery,Thriller"
7.1,87367,Blue Ruin,2013,"Crime,Drama,Thriller"
7.3,2184,Linsanity,2013,"Biography,Documentary,Sport"
7.6,38439,Raanjhanaa,2013,"Drama,Romance"
7.1,313147,The Intern,2015,"Comedy,Drama"
7.6,3896,Antarctica: A Year on Ice,2013,"Adventure,Biography,Documentary"
6.7,2159,Play,2022,"Crime,Thriller"
6.7,4224,Saheb Biwi Aur Gangster Returns,2013,"Action,Crime,Drama"
7.4,2636,22 Female Kottayam,2012,"Drama,Thriller"
6.8,5830,The Summit,2012,Documentary
7.5,2025,Manninchava,2022,"Drama,Romance"
7.0,6194,Unsung Hero,2024,"Biography,Drama,Family"
7.1,3021,Smoke Sauna Sisterhood,2023,Documentary
7.3,6031,Night Courier,2023,"Comedy,Crime,Drama"
8.3,2162,Ap04ramapuram,2022,"Drama,Thriller"
7.1,11812,We Are the Best!,2013,"Drama,Music"
7.5,2567,Everything or Nothing,2012,Documentary
7.5,14714,Stories We Tell,2012,Documentary
7.1,6167,Kutch Express,2023,"Drama,Family"
6.7,22737,A Private War,2018,"Biography,Drama,War"
7.1,9717,Minuscule: Valley of the Lost Ants,2013,"Action,Adventure,Animation"
7.1,7417,After Lucia,2012,Drama
7.3,2233,Horses of God,2012,Drama
7.4,2835,Crossfire Hurricane,2012,"Biography,Documentary,Music"
7.4,2279,Milius,2013,"Biography,Documentary"
7.9,95945,Short Term 12,2013,Drama
7.8,4756,Artifact,2012,"Documentary,Music"
7.1,2285,Secrets of War,2014,"Drama,Family,History"
6.6,7110,A Company Man,2012,"Action,Crime,Drama"
6.7,5642,Paradise: Faith,2012,Drama
6.6,5420,Paradise: Hope,2013,Drama
7.6,2409,Sattam En Kaiyil,2024,"Crime,Horror,Thriller"
7.2,1881,Masooda,2022,"Horror,Thriller"
6.9,28621,2 States,2014,"Comedy,Drama,Romance"
7.4,1511,Harry Dean Stanton: Partly Fiction,2012,"Biography,Documentary"
7.8,42908,Monster,2023,"Drama,Mystery,Thriller"
8.3,3715,Gintama the Movie: The Final Chapter - Be Forever Yorozuya,2013,"Action,Animation,Comedy"
7.0,8538,Metalhead,2013,Drama
7.1,3578,Pune Highway,2024,"Drama,Thriller"
6.8,2053,The Heist,2024,"Action,Comedy,Crime"
7.7,11892,One Piece Film: Z,2012,"Action,Adventure,Animation"
7.9,47907,1: Nenokkadine,2014,"Action,Thriller"
8.2,44637,The Act of Killing,2012,"Biography,Crime,Documentary"
7.8,26365,Memoir of a Snail,2024,"Animation,Drama"
8.5,3990,Kaguya-sama: Love Is War - The First Kiss That Never Ends,2022,"Animation,Comedy,Drama"
7.2,2039,Hostel Hudugaru Bekagiddare,2023,Comedy
6.8,1879,PT Sir,2024,"Comedy,Crime"
6.9,29716,Thelma,2024,"Action,Comedy"
8.0,62795,Special 26,2013,"Crime,Drama,History"
7.7,5685,Vaazhai,2024,Drama
7.5,20796,Nr. 24,2024,"Biography,Drama,War"
7.5,34678,Instructions Not Included,2013,"Comedy,Drama"
7.1,1622,Kadhal Mannan,1998,"Drama,Romance"
7.1,3674,Meet the Patels,2014,"Animation,Comedy,Documentary"
7.1,41434,The Glass Castle,2017,"Biography,Drama"
6.8,5248,Summer of '92,2015,"Biography,Comedy,Drama"
7.4,14730,Srikanth,2024,"Biography,Drama"
6.6,1825,Cruel & Unusual,2014,"Sci-Fi,Thriller"
6.7,3469,Monster Pies,2013,"Drama,Romance"
6.8,500131,Spectre,2015,"Action,Adventure,Thriller"
6.8,5521,Stockholm,2013,"Drama,Romance"
7.7,8379,The Central Park Five,2012,"Crime,Documentary,History"
8.4,721482,Coco,2017,"Adventure,Animation,Drama"
6.6,12037,Words and Pictures,2013,"Comedy,Drama,Romance"
7.5,5623,Three of Us,2022,"Drama,Romance"
6.9,14417,HIT: The 3rd Case,2025,"Action,Crime,Thriller"
6.7,2230,Died Suddenly,2022,Documentary
7.5,159186,Brooklyn,2015,"Drama,Romance"
7.4,448752,Mission: Impossible - Rogue Nation,2015,"Action,Adventure,Thriller"
7.7,12716,Fed Up,2014,Documentary
6.6,296699,Focus,2015,"Comedy,Crime,Drama"
6.6,104356,Nymphomaniac: Vol. II,2013,Drama
7.8,16787,Life Itself,2014,"Biography,Documentary"
7.3,492424,No Time to Die,2021,"Action,Adventure,Thriller"
6.8,53746,Joe,2013,"Crime,Drama,Thriller"
8.7,175609,12th Fail,2023,"Biography,Drama"
7.2,10820,D-Day,2013,"Action,Thriller"
7.4,182112,How to Train Your Dragon: The Hidden World,2019,"Action,Adventure,Animation"
6.8,1503,The Night Owl,2022,"Mystery,Thriller"
7.3,2274,Jalpari: The Desert Mermaid,2012,"Adventure,Drama,Family"
6.7,5829,The Liberator,2013,"Biography,Drama,History"
6.8,1969,The Girl with Nine Wigs,2013,"Biography,Comedy,Drama"
6.8,1573,1982,2013,Drama
6.6,150911,Oculus,2013,"Horror,Mystery,Thriller"
6.8,3730,Yozgat Blues,2013,"Comedy,Drama,Music"
6.7,21593,Cheap Thrills,2013,"Comedy,Crime,Drama"
6.6,3159,A Muse,2012,"Drama,Romance"
7.0,70580,Enough Said,2013,"Comedy,Drama,Romance"
7.0,4421,The Unknown Known,2013,"Biography,Documentary,History"
8.1,2063,Balak Palak,2013,Family
6.9,7710,Reality,2014,Comedy
6.7,4278,Too Late,2015,"Crime,Drama,Mystery"
7.2,6925,This Place Rules,2022,"Crime,Documentary,History"
7.5,2066,Leheraee,2022,Romance
7.0,1883,The Colors Within,2024,"Animation,Drama,Music"
6.8,1804,Katha Venuka Katha,2023,"Crime,Thriller"
7.4,9851,Still Life,2013,Drama
6.8,4821,The Priest's Children,2013,"Comedy,Drama"
7.3,1014327,Avengers: Age of Ultron,2015,"Action,Adventure,Sci-Fi"
7.9,47781,Gully Boy,2019,"Drama,Music,Romance"
7.0,2394,Rewind This!,2013,Documentary
8.2,3280,It's Such a Beautiful Day,2012,"Animation,Comedy,Drama"
7.4,14528,20 Feet from Stardom,2013,"Biography,Documentary,History"
7.4,57914,Mudbound,2017,"Drama,War"
7.4,338153,Predestination,2014,"Action,Drama,Sci-Fi"
7.2,23437,An Officer and a Spy,2019,"Drama,History,Thriller"
6.6,38776,The Homesman,2014,"Drama,Western"
7.0,4423,Saali Mohabbat,2024,"Drama,Thriller"
6.7,2661,The Last Match,2013,"Drama,Romance"
6.9,9006,What If...,2012,"Drama,Romance"
7.7,6420,The Barkley Marathons: The Race That Eats Its Young,2014,"Adventure,Documentary,History"
6.6,130691,The Invitation,2015,"Drama,Horror,Mystery"
7.3,1784,Richard Pryor: Omit the Logic,2013,"Biography,Documentary"
7.5,8146,De marathon,2012,"Comedy,Drama,Sport"
7.2,79049,Anomalisa,2015,"Animation,Comedy,Drama"
6.8,5354,The Reunion,2013,Drama
6.6,2023,Seduced and Abandoned,2013,Documentary
7.2,1751,My Sweet Orange Tree,2012,"Drama,Family"
7.1,1737,That Guy... Who Was in That Thing,2012,Documentary
6.6,1694,Beyond the Walls,2012,"Drama,Romance"
7.3,154638,Carol,2015,"Drama,Romance"
6.8,2295,Arjun: The Warrior Prince,2012,"Action,Adventure,Animation"
6.8,1557,Altman,2014,"Biography,Documentary,History"
7.3,35077,Belle,2013,"Biography,Drama,Romance"
7.3,3058,The Fighter Pilot,2013,"Action,Drama,Mystery"
7.3,66324,Woman in Gold,2015,"Biography,Drama,History"
6.9,247870,The Magnificent Seven,2016,"Action,Adventure,Drama"
7.7,52615,The Past,2013,"Drama,Mystery"
6.6,189539,The Heat,2013,"Action,Comedy,Crime"
6.9,13118,Troop Zero,2019,"Comedy,Drama,Family"
7.2,1883,Kumki,2012,Drama
7.2,7364,Virupaksha,2023,"Action,Horror,Mystery"
7.1,22146,Venus in Fur,2013,Drama
6.7,221413,Atomic Blonde,2017,"Action,Adventure,Thriller"
6.9,1876,Sthanarthi Sreekuttan,2024,Comedy
6.7,30969,Reality,2023,"Biography,Drama"
6.9,2529,Pasivadi Pranam,2022,"Crime,Drama,Horror"
7.5,5360,All Your Faces,2023,Drama
6.8,2725,Victim/Suspect,2023,"Crime,Documentary"
6.7,1835,Heroic,2023,"Drama,Thriller"
8.6,65403,20 Days in Mariupol,2023,"Documentary,War"
7.4,4125,The Eternal Memory,2023,Documentary
7.1,1527,Chorabali,2012,"Action,Crime,Thriller"
7.1,9643,Why Don't You Play in Hell?,2013,"Action,Comedy,Horror"
7.5,2051,Ghetuputra Komola,2012,"Drama,Musical"
6.9,2680,Perfect Number,2012,"Crime,Drama,Mystery"
7.0,3306,Prayashaha,2022,
7.7,17527,The Deepest Breath,2023,"Adventure,Documentary,Sport"
7.0,2302,The Amazing Catfish,2013,"Comedy,Drama"
8.7,2881,Led Zeppelin: Celebration Day,2012,"Documentary,Music"
6.8,5045,Rotting in the Sun,2023,"Comedy,Mystery,Thriller"
6.7,15322,Frequencies,2013,"Mystery,Romance,Sci-Fi"
8.3,2605,"Inner Worlds, Outer Worlds",2012,"Documentary,History"
7.0,13914,The Wolfpack,2015,"Biography,Documentary"
7.3,3822,Filmistaan,2012,Comedy
7.0,12521,Humanist Vampire Seeking Consenting Suicidal Person,2023,"Comedy,Drama,Fantasy"
8.0,12031,Jigarthanda Double X,2023,"Action,Comedy,Drama"
7.0,29791,Gabbar Is Back,2015,"Action,Crime,Drama"
6.7,6337,The Caine Mutiny Court-Martial,2023,"Drama,War"
6.9,9916,Gloria,2013,"Comedy,Drama,Romance"
6.7,80650,The Kerala Story,2023,Drama
6.9,20272,Tom at the Farm,2013,"Drama,Mystery,Thriller"
6.9,5968,Shed No Tears,2013,"Drama,Music,Romance"
7.6,107594,Philomena,2013,"Biography,Comedy,Drama"
6.7,17345,Go Goa Gone,2013,"Action,Adventure,Comedy"
7.2,36529,Department Q: The Keeper of Lost Causes,2013,"Crime,Drama,Mystery"
6.9,5650,Hush! Girls Don't Scream,2013,Drama
7.5,2546,Chuck Norris vs. Communism,2015,"Comedy,Documentary,History"
6.7,32617,The Six Triple Eight,2024,"Drama,History,War"
7.7,3372,Next Goal Wins,2014,"Documentary,Sport"
6.6,153025,Joy,2015,"Biography,Drama"
8.0,31275,Sirf Ek Bandaa Kaafi Hai,2023,"Crime,Drama,Thriller"
8.3,2537,Vaalvi,2023,"Comedy,Drama,Thriller"
7.0,6294,RDX: Robert Dony Xavier,2023,"Action,Adventure"
7.0,53913,The Peanuts Movie,2015,"Adventure,Animation,Comedy"
6.6,19719,Respect,2021,"Biography,Drama,Music"
6.7,32672,Clouds of Sils Maria,2014,Drama
7.3,87874,The Fundamentals of Caring,2016,"Comedy,Drama"
7.9,5121,Puella Magi Madoka Magica the Movie Part III: The Rebellion Story,2013,"Animation,Drama,Fantasy"
7.3,7384,Bears,2014,"Documentary,Family"
8.0,18753,Evangelion: 3.0+1.0 Thrice Upon a Time,2021,"Action,Animation,Drama"
7.0,14317,Copenhagen,2014,"Adventure,Drama,Romance"
6.7,261032,The Adam Project,2022,"Action,Adventure,Comedy"
6.8,1671,Wish You Well,2013,"Drama,Family"
6.9,7061,My Mom Is a Character,2013,Comedy
7.2,14192,Human Capital,2013,"Crime,Drama"
7.4,3143,Heavenly Shift,2013,"Comedy,Drama"
7.3,1807,The Short Game,2013,"Documentary,Sport"
6.9,6761,Sattar,2022,"Action,Comedy,Sport"
6.8,2007,Beyond the Edge,2013,"Documentary,Drama,History"
7.0,13035,Confession of Murder,2012,"Action,Crime,Mystery"
7.3,7390,Mirchi,2013,"Action,Drama"
7.5,26259,The Mountain,2012,"Adventure,Drama,Thriller"
7.0,3007,Regret!,2013,"Drama,Family,Music"
8.5,3701,Be Here Now,2015,"Biography,Documentary,Drama"
6.9,27397,Get on Up,2014,"Biography,Drama,Music"
6.8,28786,Mr. Turner,2014,"Biography,Drama,History"
6.8,5205,Land of Storms,2014,"Drama,Romance,Sport"
7.0,3507,Attila Marcel,2013,"Comedy,Drama,Music"
7.5,2236,Elena,2012,"Biography,Documentary,Drama"
8.0,3331,Ayalum Njanum Thammil...,2012,"Drama,Romance,Thriller"
7.5,1636,Gonzaga: From Father to Son,2012,"Biography,Drama,Music"
6.7,3489,How to Be a Man,2013,Comedy
6.7,3182,The Grump,2014,"Comedy,Drama"
8.5,2054,BTS: Yet to Come in Cinemas,2023,"Documentary,Music"
6.6,7751,Sunshine on Leith,2013,"Comedy,Drama,Musical"
7.0,2064,Pussy Riot - A Punk Prayer,2013,"Biography,Crime,Documentary"
6.7,113196,"Extremely Wicked, Shockingly Evil and Vile",2019,"Biography,Crime,Drama"
7.1,22498,5 to 7,2014,"Comedy,Drama,Romance"
8.0,9592,The Square,2013,"Documentary,Drama,History"
6.8,2404,You Carry Me,2015,"Action,Drama"
7.7,1032726,Star Wars: Episode VII - The Force Awakens,2015,"Action,Adventure,Sci-Fi"
7.8,4575,Muscle Shoals,2013,"Biography,Documentary,History"
7.1,141707,Bone Tomahawk,2015,"Drama,Horror,Western"
6.9,65746,Eternity,2025,"Comedy,Drama,Fantasy"
8.2,5254,The Crash Reel,2013,"Biography,Documentary,Sport"
6.6,144032,Burnt,2015,"Comedy,Drama"
7.2,2543,Narco Cultura,2013,"Crime,Documentary"
7.3,4066,Wolf,2013,"Crime,Drama,Thriller"
7.4,2195,Good Ol' Freda,2013,"Biography,Documentary,History"
7.0,1859,Birth of the Living Dead,2013,Documentary
6.8,2141,Short Peace,2012,"Action,Animation,Drama"
6.6,9000,Frontera,2014,"Drama,Thriller,Western"
6.9,6950,Palace of the Damned,2013,"Horror,Thriller"
6.6,164818,Hotel Transylvania 2,2015,"Adventure,Animation,Comedy"
6.9,6494,Main Atal Hoon,2024,"Biography,Drama"
7.2,1729,Springsteen and I,2013,Documentary
7.2,1702,Purusha Pretham,2023,"Comedy,Crime,Drama"
7.8,1841,Dream Team 1935,2012,"Comedy,Drama,History"
7.9,4861,1,2013,"Action,Documentary,History"
6.9,3361,The Mighty Angel,2014,Drama
8.3,2050,Nuvve Naa Pranam,2022,"Drama,Family"
6.9,4797,Long Live Freedom,2013,"Comedy,Drama"
6.9,7695,A Girl Like Her,2015,Drama
6.8,724752,Star Wars: Episode VIII - The Last Jedi,2017,"Action,Adventure,Fantasy"
7.6,12566,Kannur Squad,2023,"Action,Crime,Drama"
7.3,1558,The Little House,2014,"Drama,Romance"
7.8,14487,The Beatles: Eight Days a Week - The Touring Years,2016,"Documentary,History,Music"
7.4,9564,Dirty Wars,2013,"Crime,Documentary,History"
7.1,5562,The Fencer,2015,"Biography,Drama,History"
7.5,1793,In the Crosswind,2014,"Drama,History"
6.9,3101,Stan Lee,2023,"Biography,Documentary"
7.1,2512,Alhamour H.A.,2023,"Biography,Comedy,Crime"
7.3,3596,Keedaa Cola,2023,"Action,Comedy,Crime"
7.2,2424,A Guilty Conscience,2023,"Comedy,Crime,Drama"
6.8,1626,Pranaya Vilasam,2023,"Comedy,Drama,Romance"
6.9,2026,I Don't Know Whether to Slit My Wrists or Leave Them Long,2013,"Comedy,Drama"
6.7,6460,Guruvayoor Ambalanadayil,2024,Comedy
8.1,8064,Dada,2023,"Drama,Family,Romance"
6.8,2176,Kingdom 3: The Flame of Destiny,2023,"Action,History,War"
7.2,2089,Inshallah a Boy,2023,Drama
7.7,8674,Iratta,2023,"Crime,Drama,Thriller"
6.6,3893,Soof,2013,"Comedy,Romance"
8.0,2220,Paradesi,2013,"Drama,History"
7.1,2067,A Journey to Kasi,2023,Drama
7.9,874843,Arrival,2016,"Drama,Mystery,Sci-Fi"
8.3,26975,Hi Nanna,2023,"Drama,Family,Romance"
7.9,198537,Wonder,2017,"Drama,Family"
7.5,18351,Viduthalai Part 2,2024,"Action,Crime,Drama"
6.8,2871,Deep Sea,2023,"Adventure,Animation,Drama"
7.0,11115,The Admiral,2015,"Action,Biography,Drama"
8.1,76882,Blackfish,2013,"Documentary,Drama,Thriller"
7.7,20839,Meru,2015,"Adventure,Documentary,Sport"
7.9,5207,Beyond Utopia,2023,"Biography,Documentary,History"
7.0,17009,Flora and Son,2023,"Comedy,Music,Romance"
7.2,63366,The Light Between Oceans,2016,"Drama,Romance"
7.2,2579,Rich Hill,2014,"Biography,Documentary,Drama"
7.2,1997,Route No 17,2023,"Drama,Thriller"
7.3,2262,Freedom,2023,"Drama,Thriller,War"
7.0,1893,Choo Mantar,2025,Horror
7.5,4096,Maidentrip,2013,"Adventure,Biography,Documentary"
7.6,1658,Matt Shepard Is a Friend of Mine,2014,"Biography,Documentary,History"
7.0,11038,Arrambam,2013,"Action,Drama,Mystery"
7.2,32159,Holiday,2014,"Action,Crime,Thriller"
6.6,6884,The Magician's Elephant,2023,"Adventure,Animation,Comedy"
7.2,6886,Lilting,2014,"Drama,Romance"
7.7,701805,Birdman or (The Unexpected Virtue of Ignorance),2014,"Comedy,Drama"
8.2,6869,Naduvula Konjam Pakkatha Kaanom,2012,"Comedy,Drama"
8.2,6167,Television,2012,"Comedy,Drama,Family"
6.9,1970,Seoul Searching,2015,"Comedy,Drama,Music"
7.3,51788,Starred Up,2013,"Crime,Drama,Thriller"
6.6,100180,Going in Style,2017,"Comedy,Crime"
6.6,2222,Hal,2013,"Animation,Drama,Romance"
6.8,1959,Nobody's Daughter Haewon,2013,"Drama,Romance"
8.0,62796,The Tale of The Princess Kaguya,2013,"Animation,Drama,Family"
7.3,5481,Traffic Department,2012,"Crime,Drama"
6.9,2028,My Boss,2012,Comedy
7.0,2084,Valentine Road,2013,"Crime,Documentary"
7.7,2030,Perfume,2023,"Romance,Thriller"
7.7,145110,Me and Earl and the Dying Girl,2015,"Comedy,Drama"
7.0,31113,Fathers & Daughters,2015,Drama
7.6,280539,Hell or High Water,2016,"Crime,Drama,Thriller"
8.5,1173768,Whiplash,2014,"Drama,Music"
7.6,426966,The Fault in Our Stars,2014,"Drama,Romance"
7.9,492292,Jojo Rabbit,2019,"Comedy,Drama,War"
7.9,9789,Pizza,2012,"Horror,Mystery,Thriller"
6.7,5939,The Ardennes,2015,"Crime,Drama,Thriller"
7.6,2543,Habibie & Ainun,2012,"Biography,Drama,History"
7.4,61205,The Garden of Words,2013,"Animation,Drama,Romance"
6.8,3144,Whatcha Wearin'?,2012,"Comedy,Romance"
6.8,4022,Love 911,2012,"Comedy,Drama,Romance"
8.2,3369,Alive Inside: A Story of Music and Memory,2014,"Documentary,Music,News"
7.2,5337,The Major,2013,"Action,Crime,Drama"
7.3,2079,Error 500,2023,"Action,Sport,Thriller"
7.8,3163,Bojhena Shey Bojhena,2012,"Comedy,Drama,Romance"
6.7,4133,Don't Make Me Go,2022,Drama
7.2,3912,Wahed men el-Nas,2006,"Crime,Drama,Thriller"
6.6,2567,The Good Teacher,2024,"Drama,Thriller"
6.8,7759,Wil,2023,"Drama,History,War"
7.6,26317,The Butterfly's Dream,2013,"Biography,Drama,History"
7.4,14224,TPB AFK: The Pirate Bay Away from Keyboard,2013,Documentary
6.7,9621,Kevin Hart: Let Me Explain,2013,"Comedy,Documentary"
6.7,2983,The Hornet's Nest,2014,"Action,Documentary,History"
7.4,10455,Virgin Mountain,2015,"Drama,Romance"
7.2,65176,'71,2014,"Action,Crime,Drama"
6.6,1628,Umrika,2015,"Comedy,Drama"
7.2,4072,Marina,2013,"Biography,Drama,Music"
6.8,9542,Blind,2014,Drama
7.5,24701,Free Fall,2013,"Drama,Romance"
6.7,2181,Gloria,2014,"Biography,Drama,Music"
7.5,25541,Jolly LLB,2013,"Comedy,Crime,Drama"
7.0,17039,The Diplomat,2025,"Drama,Thriller"
7.6,1582,Valentines Night,2023,Romance
6.9,3279,"Getting Go, the Go Doc Project",2013,"Drama,Romance"
6.8,3558,Shubh Nikah,2023,"Comedy,Drama,Family"
6.6,6563,Sketch,2024,"Adventure,Comedy,Family"
7.1,2074,Afternoons of Solitude,2024,"Documentary,Drama,Sport"
7.5,1595,Kaaviya Thalaivan,2014,"Drama,History,Music"
7.5,29095,New World,2013,"Action,Crime,Drama"
7.3,4944,Living on One Dollar,2013,"Adventure,Documentary,Drama"
6.8,1982,Noble,2014,"Biography,Drama"
6.6,2811,Sex,2024,"Drama,Romance"
7.4,1998,(Dis)Honesty: The Truth About Lies,2015,"Documentary,Drama,News"
8.0,155827,Baahubali: The Beginning,2015,"Action,Drama"
7.0,4225,Totem,2023,Drama
7.8,2965,Vash,2023,"Horror,Mystery,Thriller"
6.6,2826,The Retrieval,2013,"Adventure,Drama,Western"
7.0,6036,The Attacks of 26/11,2013,"Action,Crime,Drama"
7.0,4721,Ghost in the Shell: Arise - Border 1: Ghost Pain,2013,"Action,Animation,Sci-Fi"
6.9,6852,The Unbelievers,2013,Documentary
6.8,2773,Match,2014,"Comedy,Drama"
7.5,2155,Ghost Adventures,2004,Documentary
6.7,13804,Love Is Strange,2014,"Drama,Romance"
7.2,20936,Code 3,2025,"Action,Comedy,Drama"
6.7,8682,The House at the End of Time,2013,"Drama,Fantasy,Horror"
8.2,6280,Music by John Williams,2024,"Biography,Documentary,Music"
7.6,1676,Sly Lives! (aka the Burden of Black Genius),2025,"Documentary,Music"
8.4,2582,j-hope IN THE BOX,2023,"Documentary,Music"
8.1,58334,Kantara: A Legend - Chapter 1,2025,"Action,Adventure,Drama"
7.0,11477,Afire,2023,"Comedy,Drama,Romance"
7.3,150193,Zootopia 2,2025,"Adventure,Animation,Comedy"
7.2,80194,Hoppers,2026,"Adventure,Animation,Comedy"
8.0,4621,Vadakkupatti Ramasamy,2024,"Comedy,Drama"
7.6,49882,The Count of Monte Cristo,2024,"Action,Adventure,Drama"
6.9,1777,Rebels of Thupakula Gudem,2023,"Comedy,Crime,Drama"
6.7,3213,Giant,2025,"Biography,Drama,Sport"
6.8,2040,The Accident,2023,"Horror,Thriller"
8.2,34664,Manjummel Boys,2024,"Adventure,Drama,Thriller"
6.7,61965,Oddity,2024,"Horror,Mystery,Thriller"
6.7,1636,Away,2025,Drama
7.5,2960,Annayum Rasoolum,2013,"Drama,Romance"
7.0,2019,Jagamerigina Satyam,2025,Drama
7.1,2045,Sirimalle Puvva,2023,Drama
6.6,86991,Midnight Special,2016,"Drama,Mystery,Sci-Fi"
6.6,3463,In the Name Of,2013,"Drama,Thriller"
7.1,2020,Matterhorn,2013,"Comedy,Drama"
6.8,1764,Air Mata di Ujung Sajadah,2023,Drama
7.1,15339,The Dark Valley,2014,"Action,Drama,Western"
6.8,4511,Northwest,2013,"Action,Crime,Drama"
7.4,36003,The Good Lie,2014,"Biography,Drama"
7.7,17910,Demon Slayer: Kimetsu No Yaiba - To the Swordsmith Village,2023,"Action,Adventure,Animation"
6.6,4941,Home for Rent,2023,"Horror,Mystery,Thriller"
8.3,84438,Maharaja,2024,"Action,Crime,Drama"
7.4,390504,Weapons,2025,"Horror,Mystery"
6.9,186500,Companion,2025,"Sci-Fi,Thriller"
8.1,26383,Miracle in Cell No. 7,2013,"Comedy,Drama"
6.8,3262,The World Will Tremble,2025,"Biography,Drama,History"
7.5,14171,Forgotten Love,2023,"Drama,Romance"
6.7,1897,The Successor,2023,"Drama,Thriller"
7.0,271287,Star Trek Beyond,2016,"Action,Adventure,Sci-Fi"
7.4,31219,The Teachers' Lounge,2023,"Drama,Thriller"
6.8,63972,The Order,2024,"Crime,Drama,Thriller"
7.5,5176,Loveable,2024,"Drama,Romance"
7.7,2108,Dalari,2023,
6.8,171146,Backrooms,2026,"Horror,Sci-Fi,Thriller"
7.8,17862,Amar Singh Chamkila,2024,"Biography,Drama,Music"
7.5,2813,Cheddy Gang Tamasha,2023,"Action,Comedy,Crime"
7.8,33640,Aavesham,2024,"Action,Comedy"
6.8,1593,Ramon,2023,"Action,Comedy"
6.7,5012,My Name Is Loh Kiwan,2024,"Drama,Romance"
7.4,3335,Tatami,2023,"Action,Drama,Sport"
8.6,2122,Louis Tomlinson: All of Those Voices,2023,"Biography,Documentary,Music"
7.4,2911,Vitoria,2025,"Crime,Drama"
7.0,5420,Gallipoli: End of the Road,2013,"Action,Drama,History"
7.1,12262,The Penguin Lessons,2024,Drama
8.0,12580,John Candy: I Like Me,2025,"Biography,Comedy,Documentary"
7.3,9819,Spy x Family Code: White,2023,"Action,Animation,Comedy"
7.2,1850,Bheemadevarapally Branchi,2023,Family
7.9,6307,Balagam,2023,"Drama,Family"
7.6,6082,Good Night,2023,"Comedy,Drama,Romance"
6.8,2847,Janata Bar,2025,"Action,Drama"
6.8,3216,Marguerite's Theorem,2023,"Comedy,Drama,Mystery"
7.4,2026,Samajavaragamana,2023,"Comedy,Drama,Family"
7.2,2159,Jîn,2013,Drama
7.2,126167,Fences,2016,Drama
6.7,6417,The Forge,2024,"Drama,Family"
6.8,2678,Bazooka,2025,"Action,Crime,Thriller"
7.9,14264,Homebound,2025,Drama
7.9,2065,Ravikula Raghurama,2024,Romance
7.0,1926,Into the Mind,2013,"Documentary,Sport"
7.3,2413,Jatt & Juliet 2,2013,"Comedy,Romance"
7.7,139752,How to Train Your Dragon,2025,"Action,Adventure,Comedy"
7.2,4728,Monsieur Aznavour,2024,"Biography,Drama,Music"
7.1,3768,Kaatera,2023,Action
7.4,341160,Me Before You,2016,"Drama,Romance"
7.0,42932,Madgaon Express,2024,"Comedy,Drama"
8.5,23597,Meiyazhagan,2024,"Drama,Family"
7.1,31101,In Order of Disappearance,2014,"Action,Comedy,Crime"
7.0,7776,Dedh Ishqiya,2014,"Comedy,Drama,Romance"
6.8,4363,Mangalavaaram,2023,"Action,Horror,Thriller"
7.2,1800,Rabb Da Radio 3,2024,"Drama,Romance"
7.0,2696,Sulemani Keeda,2014,"Comedy,Romance"
8.0,2546,Karna Pisachi,2024,Thriller
7.1,1776,Hamare Baarah,2024,Drama
7.8,2151,Pyre,2024,Drama
7.9,2398,Emesis Blue,2023,"Animation,Crime,Horror"
6.6,2149,The Chaperone,2018,Drama
8.3,2720,Falling in Love Like in Movies,2023,"Comedy,Drama,Romance"
7.1,13782,Saripodhaa Sanivaaram,2024,"Action,Crime,Drama"
7.1,2336,Sir,2024,Thriller
6.8,1750,The Price of Sugar,2013,"Drama,History"
7.5,15467,Mars Express,2023,"Action,Animation,Mystery"
7.1,3203,Het vonnis,2013,"Crime,Drama"
8.5,1532,Yuzuru Hanyu Ice Story GIFT at Tokyo Dome,2023,"Documentary,Sport"
7.3,2810,Deaf,2025,Drama
7.1,170255,Locke,2013,Drama
7.5,3508,Man on the Run,2025,"Biography,Documentary,Music"
6.8,41334,Vettaiyan,2024,"Action,Crime,Drama"
7.2,2087,Ashtadigbandhanam,2023,"Action,Adventure,Mystery"
8.1,2467,The Two Escobars,2010,"Biography,Documentary,Sport"
8.1,8851,Lubber Pandhu,2024,"Comedy,Drama,Sport"
6.7,6238,Mrs,2023,Comedy
6.8,2110,Parari,2023,Action
7.1,3451,Who Took Johnny,2014,"Biography,Crime,Documentary"
6.9,282537,Game Night,2018,"Action,Adventure,Comedy"
6.8,1987,Orwell: 2+2=5,2025,"Biography,Documentary,History"
6.8,14011,Sky Force,2025,"Action,Drama,Thriller"
7.8,2038,Just a Minute,2024,Comedy
7.3,3248,Lewis Capaldi: How I'm Feeling Now,2023,"Documentary,Music"
6.6,1631,The Adamant Girl,2024,Drama
6.9,9829,Life of a King,2013,Drama
8.1,24371,Amaran,2024,"Action,Biography,Drama"
7.5,1678,Backstreet Boys: Show 'Em What You're Made Of,2015,Documentary
7.0,74613,We Live in Time,2024,"Drama,Romance"
7.6,615764,Fury,2014,"Action,Drama,War"
7.3,3061,5 cm,2012,"Adventure,Drama,Romance"
6.8,5087,Yo Yo Honey Singh: Famous,2024,"Documentary,Drama"
6.7,1758,The Summer with Carmen,2023,Comedy
6.9,1939,Hello Meera,2023,Drama
6.7,13727,Mr. Monk's Last Case: A Monk Movie,2023,"Comedy,Crime,Mystery"
7.7,15874,Finding Vivian Maier,2013,"Biography,Documentary,History"
8.6,2186,The Eighth Sense,2023,"Drama,Romance"
7.4,2624,Dying,2024,"Comedy,Drama"
7.7,1598,Celluloid,2013,"Biography,Drama"
7.0,4073,Yaathisai,2023,"Action,Drama,History"
6.9,3508,On the Job,2013,"Action,Crime,Drama"
6.6,1577,Sorgavaasal,2024,"Action,Crime,Drama"
7.4,63440,Ida,2013,Drama
6.7,1602,Cells at Work!,2024,"Action,Adventure,Comedy"
6.7,39356,Small Things Like These,2024,Drama
6.6,15077,AKA,2023,"Action,Crime,Thriller"
7.1,248793,Everest,2015,"Adventure,Biography,Drama"
6.7,46776,The Salvation,2014,"Action,Drama,Thriller"
7.6,1781,Devo,2024,"Documentary,Music"
7.1,3606,Mem Famous,2023,"Comedy,Drama,Romance"
7.0,2309,Age of Cannibals,2014,"Comedy,Drama"
6.9,34161,Sitaare Zameen Par,2025,"Comedy,Drama,Sport"
6.9,2157,Centaur,2023,"Drama,Thriller"
7.7,7497,Two Ways Home,2019,Drama
7.8,2042,Mechanic,2024,Drama
6.9,26247,What We Did on Our Holiday,2014,"Comedy,Drama"
7.0,95282,The Longest Ride,2015,"Drama,Romance"
8.1,5577,Aattam,2023,"Drama,Mystery,Thriller"
7.8,2122,The Face of the Faceless,2023,Drama
6.8,2965,Level Cross,2024,Drama
6.6,3720,The Bride,2015,"Drama,Romance"
7.3,2922,Rascal Does Not Dream of a Sister Venturing Out,2023,"Animation,Drama,Fantasy"
7.6,25699,Kneecap,2024,"Comedy,Drama,Music"
7.2,1594,Maurh,2023,"Action,Drama,History"
7.3,52464,"Two Days, One Night",2014,Drama
6.6,425692,Bird Box,2018,"Horror,Mystery,Sci-Fi"
7.3,4706,Mistaken for Strangers,2013,"Comedy,Documentary,Music"
7.0,129654,Juror #2,2024,"Crime,Drama,Mystery"
7.0,7547,Let Go,2024,Drama
8.4,1587,Suga: Road to D-Day,2023,"Biography,Documentary,Music"
7.3,3347,Garudan,2023,"Crime,Thriller"
7.4,6921,Crossing,2024,Drama
7.3,7279,In Bloom,2013,Drama
8.9,2059,Gally Gang Stars,2024,"Action,Comedy,Crime"
6.6,1575,Attack of the Corn Zombies,2023,"Horror,Sci-Fi,Thriller"
7.7,18412,Bramayugam,2024,"Drama,Horror,Thriller"
7.8,3813,Jumbo,2025,"Adventure,Animation,Comedy"
7.0,11423,Identity,2025,"Action,Crime,Thriller"
7.2,1755,Fatafati,2023,Drama
7.2,2109,Abang Adik,2023,"Crime,Drama"
7.2,2388,Tattoo,2013,Drama
7.8,36696,Chandu Champion,2024,"Action,Biography,Drama"
6.6,1834,When the Light Breaks,2024,Drama
7.4,4254,Medal,2023,Action
7.0,9012,Beating Hearts,2024,"Comedy,Crime,Drama"
6.6,2091,13 Bombs,2023,"Action,Crime,Thriller"
7.9,1829,B&W,2023,Mystery
7.6,2734,Pictures of Ghosts,2023,"Documentary,History"
7.2,2475,Anselm,2023,Documentary
7.2,1783,Terrestrial Verses,2023,Drama
7.4,4561,Four Daughters,2023,Documentary
7.9,109843,Perfect Days,2023,Drama
8.5,2729,Brahmavaram PS Paridilo,2024,Thriller
6.9,47290,Stree 2,2024,"Comedy,Horror"
7.2,7140,Thalavan,2024,"Crime,Mystery,Thriller"
7.7,2592,8 A.M. Metro,2023,Drama
7.2,3029,Detective Conan: Black Iron Submarine,2023,"Action,Adventure,Animation"
6.7,41184,Young & Beautiful,2013,"Drama,Romance"
6.6,11180,Rosewater,2014,"Biography,Drama"
6.9,1593,The Rapture,2023,Drama
6.8,145296,Speak No Evil,2024,"Drama,Horror,Thriller"
6.9,6770,The Childe,2023,"Action,Drama,Thriller"
7.1,4857,The Death of Superman Lives: What Happened?,2015,"Documentary,Sci-Fi"
7.1,4385,800,2023,"Biography,Sport"
8.2,9605,Chithha,2023,"Drama,Thriller"
8.0,43082,Lucky Baskhar,2024,"Crime,Drama,Thriller"
8.0,13259,Por Thozhil,2023,"Action,Crime,Thriller"
7.7,12011,Take Care of Maya,2023,Documentary
6.7,185864,The Housemaid,2025,"Drama,Mystery,Thriller"
6.9,2255,The Gullspång Miracle,2023,"Documentary,Mystery"
6.8,3282,Poisoned: The Dirty Truth About Your Food,2023,Documentary
8.2,35760,Dhamaal 4,2026,"Action,Adventure,Comedy"
7.0,5346,Plainclothes,2025,"Drama,Romance,Thriller"
7.2,2080,Nedelja,2024,"Biography,Drama"
7.0,47690,The One I Love,2014,"Comedy,Drama,Fantasy"
7.1,3620,Garudan,2024,Action
7.7,2916,Waves,2024,"Drama,History,Thriller"
8.0,59327,Winter Sleep,2014,Drama
6.6,4450,Only the River Flows,2023,"Crime,Drama,Mystery"
6.8,3984,The Red Virgin,2024,Drama
6.8,1785,Saba Nayagan,2023,"Comedy,Romance"
8.1,4051,Bachhala Malli,2024,"Action,Drama,Romance"
7.9,2142,Winter as Frida Kahlo,2025,Biography
6.6,29581,GOAT,2026,"Adventure,Animation,Comedy"
6.9,2436,Shastry Viruddh Shastry,2023,Drama
7.3,35255,Bacurau,2019,"Action,Adventure,Drama"
6.9,1667,Chaar Lugaai,2023,Mystery
7.1,142360,T2 Trainspotting,2017,"Comedy,Crime,Drama"
7.3,22270,Phoenix,2014,"Drama,History,Music"
7.7,3236,Leader: Amie Bangladesh,2023,"Action,Drama"
7.2,4156,Heat Is On,2023,Thriller
6.7,5191,O.Baby,2023,"Action,Drama,Thriller"
6.8,40017,Saturday Night,2024,"Biography,Comedy,Drama"
7.0,1892,Horizon: An American Saga - Chapter 2,2024,"Drama,Western"
7.7,2189,Maruva Tarama,2025,
7.1,2023,Jokes & Cigarettes,2023,"Biography,Comedy,Drama"
7.3,1522,Swamy Ra Ra,2013,Crime
7.4,25367,The Ballad of Wallis Island,2025,"Comedy,Drama,Music"
6.7,6284,Controll,2025,"Action,Thriller"
7.1,1905,Doraemon: Nobita's Secret Gadget Museum,2013,"Action,Adventure,Animation"
6.8,3433,River,2023,"Comedy,Fantasy,Sci-Fi"
6.8,2364,Louis & Luca and the Snow Machine,2013,"Animation,Family"
7.1,361632,Beauty and the Beast,2017,"Adventure,Family,Fantasy"
6.7,57149,Veronica Mars,2014,"Crime,Drama,Mystery"
7.7,86462,Sentimental Value,2025,"Drama,Family"
7.7,69656,Kaiva,2023,"Action,Drama,Romance"
7.5,3328,Voy! Voy! Voy!,2023,"Adventure,Comedy,Drama"
7.2,1640,Logout,2024,Thriller
7.3,9599,Left-Handed Girl,2025,Drama
7.5,10211,Wham!,2023,"Biography,Documentary,Music"
6.7,1999,Scotty and the Secret History of Hollywood,2017,"Biography,Documentary,History"
7.1,1928,Blackbird Blackbird Blackberry,2023,Drama
7.9,2719,Thiru.Manickam,2024,Thriller
7.2,1548,Circle,2023,Mystery
7.2,5341,The 47,2024,"Biography,Drama"
7.0,3752,Zebra,2024,"Action,Crime,Thriller"
7.2,7417,Pee Mak,2013,"Comedy,Fantasy,Horror"
6.6,7456,The Salt Path,2024,Drama
6.7,3521,The Forbidden City,2025,"Action,Romance"
6.6,17429,Thank You for Your Service,2017,"Biography,Drama,War"
6.9,2881,Badri,2001,"Action,Sport"
7.2,2970,Explanation for Everything,2023,Drama
6.6,1962,Ransomed,2023,"Action,Comedy,Drama"
7.1,1515,High & Low - John Galliano,2023,"Biography,Documentary,History"
6.9,30455,Exhuma,2024,"Horror,Mystery"
6.6,7128,The Roundup: Punishment,2024,"Action,Crime,Thriller"
7.3,3178,Silent Friend,2025,"Biography,Drama,History"
6.6,5427,Abraham Ozler,2024,"Crime,Drama,Mystery"
6.8,4636,Tarla,2023,"Biography,Comedy,Drama"
7.1,16279,The Last Viking,2025,"Comedy,Crime,Drama"
6.9,5788,Ali's Wedding,2017,"Comedy,Drama,Romance"
6.6,4053,Unknown: The Lost Pyramid,2023,"Documentary,History"
6.7,2892,Unknown: Cave of Bones,2023,Documentary
7.2,3404,Unknown: Cosmic Time Machine,2023,Documentary
7.0,2093,Oka Pathakam Prakaaram,2025,"Drama,Thriller"
7.2,61130,The Secret Agent,2025,"Crime,Drama,Mystery"
7.0,28754,The Little Death,2014,"Comedy,Drama,Romance"
6.6,30217,Deva,2025,"Action,Crime,Drama"
7.0,5698,Jack Strong,2014,"Biography,Crime,Drama"
7.0,4002,Max,2024,Action
7.9,3730,Amen,2013,"Drama,Romance"
7.6,10266,Kaalidhar Laapata,2025,"Comedy,Drama"
7.1,2641,I Want to Talk,2024,Drama
6.7,1550,Immanuel,2013,Drama
7.6,2431,Tavvai,2026,"Horror,Mystery"
7.7,2257,Time Still Turns the Pages,2023,Drama
6.7,64749,Pete's Dragon,2016,"Action,Adventure,Comedy"
7.0,1549,Imamdasta,2024,Drama
8.0,11803,Super/Man: The Christopher Reeve Story,2024,"Biography,Documentary"
7.5,1848,Eldorado: Everything the Nazis Hate,2023,"Documentary,Drama,History"
7.1,9475,Chakravyuham: The Trap,2023,"Crime,Mystery,Thriller"
7.3,1981,Johnny Keep Walking!,2023,"Comedy,Drama"
7.5,1834,Chang An,2023,"Animation,History"
7.3,45145,Chhaava,2025,"Action,Drama,History"
7.0,1582,Harkara,2023,"Drama,History"
7.1,15463,Agni,2024,"Action,Drama"
7.5,1525,Pangolin: Kulu's Journey,2025,Documentary
6.8,11991,Mortal World 2,2023,Comedy
7.2,7680,Bhakshak,2024,"Crime,Drama"
7.1,4057,Maryan,2013,"Action,Drama,Romance"
7.6,1783,Gasland Part II,2013,Documentary
6.7,2680,Caught by the Tides,2024,Drama
7.5,1614,Way Back Home,2013,Drama
6.6,6057,Bombay Talkies,2013,"Crime,Drama"
6.6,7427,Uprising,2024,"Action,Drama,History"
6.8,397161,Annihilation,2018,"Adventure,Drama,Horror"
7.3,1603,A Beautiful Planet,2016,Documentary
7.0,48699,Serial Bad Weddings,2014,Comedy
7.7,8914,Superboys of Malegaon,2024,"Comedy,Drama"
7.0,235080,Heretic,2024,"Horror,Thriller"
7.2,6460,Hawaii,2013,"Drama,Romance"
7.7,782154,Kingsman: The Secret Service,2014,"Action,Adventure,Comedy"
7.6,60432,Leviathan,2014,"Crime,Drama"
6.6,8183,Jab Khuli Kitaab,2024,"Comedy,Drama,Family"
7.8,2897,Rascal Does Not Dream of a Knapsack Kid,2023,"Animation,Drama,Fantasy"
6.9,14379,Fukrey,2013,"Comedy,Drama,Romance"
7.2,3445,Toby,2023,"Crime,Drama,Thriller"
7.0,2708,Kutra,2023,"Crime,Horror,Mystery"
6.8,1782,The Closed Circuit,2013,"Action,Crime,Drama"
6.8,3905,No More Bets,2023,"Crime,Drama"
6.7,1813,Soul on Fire,2025,"Biography,Drama"
7.1,37739,September 5,2024,"Drama,History,Thriller"
6.7,18888,Is This Thing On?,2025,"Comedy,Drama"
6.6,36873,Raid 2,2025,"Crime,Drama,Thriller"
8.9,105953,Punjab '95,2026,"Biography,Crime,Drama"
6.8,1596,The Portuguese House,2025,Drama
7.6,2674,Natho Nenu,2023,Romance
7.1,5981,Black Dog,2024,"Drama,Thriller"
6.9,4479,Yolo,2024,"Action,Comedy,Drama"
6.6,1582,Rewind,2023,"Drama,Romance,Sci-Fi"
7.8,14078,Parking,2023,"Drama,Thriller"
6.8,6026,Cemetery of Splendor,2015,"Drama,Fantasy,Mystery"
7.2,1900,Goynar Baksho,2013,"Comedy,Drama,Family"
7.1,443171,Furious 7,2015,"Action,Thriller"
7.1,1960,The Rise and Rise of Bitcoin,2014,"Documentary,History,News"
6.9,30806,Surongo,2023,"Crime,Drama,Mystery"
7.3,2368,Ala Ila Ela,2023,"Action,Drama,Romance"
6.8,2680,Nothing Bad Can Happen,2013,"Crime,Drama,Horror"
6.6,1921,Carmina y amén.,2014,"Comedy,Drama"
7.0,8520,Yannick,2023,"Comedy,Drama"
7.4,2925,To End All War: Oppenheimer & the Atomic Bomb,2023,"Biography,Documentary,History"
6.9,2856,Grand Theft Hamlet,2024,"Animation,Documentary"
6.7,10628,Madharaasi,2025,"Action,Drama,Romance"
7.2,3196,Krishnam Pranaya Sakhi,2024,Comedy
7.0,13182,Sly,2023,"Biography,Documentary"
6.9,1580,Article 20,2024,Drama
7.4,47463,Kill,2023,"Action,Crime,Drama"
6.8,1526,Jagrattha Bidda,2023,Drama
6.9,1510,Ajab Tamasha,2023,Comedy
8.4,2108,Sarkaaru Noukari,2024,Drama
8.3,3008,Fandry,2013,"Drama,Family"
7.0,13116,Bird,2024,Drama
6.9,1745,Señora Influencer,2023,"Comedy,Thriller"
7.0,8261,Trial Period,2023,"Comedy,Drama"
8.2,2529,Rajugari Kodipulao,2023,"Comedy,Drama,Mystery"
7.8,24132,Premalu,2024,"Comedy,Romance"
7.4,2175,Mark Cavendish: Never Enough,2023,"Biography,Documentary,Sport"
6.7,2858,"13 Days, 13 Nights",2025,"Action,Biography,Drama"
6.6,2272,Long Live Love!,2023,"Comedy,Drama,Romance"
6.7,2034,Sommartider,2024,Drama
7.0,2227,Indra,2025,"Horror,Thriller"
7.3,1755,Hawking,2013,"Biography,Comedy,Documentary"
8.1,3119,Raju Gari Ammayi Naidu Gari Abbayi,2024,"Action,Romance,Thriller"
6.8,48840,Nonnas,2025,"Comedy,Drama,Family"
7.5,1510,Naa Nee Prema Katha,2023,"Action,Drama,Romance"
6.8,28740,Dead Snow 2: Red vs. Dead,2014,"Action,Comedy,Horror"
6.8,1898,The Little Sister,2025,Drama
6.6,3750,Detective Karthik,2023,"Crime,Mystery,Thriller"
7.4,1891,1987,2014,"Biography,Comedy,Drama"
6.7,2664,Eephus,2024,"Comedy,Drama,Sport"
7.3,3205,Swag,2024,"Comedy,Drama"
7.5,11332,Neru,2023,"Drama,Thriller"
7.5,24772,Checkmate,2023,"Action,Comedy"
6.6,5616,Varshangalkku Shesham,2024,"Comedy,Drama,Musical"
6.9,1963,Paramporul,2023,"Action,Thriller"
6.7,52926,The Old Man & the Gun,2018,"Biography,Comedy,Crime"
6.6,7139,Ground Zero,2025,"Action,Drama,History"
7.2,1936,A Borrowed Identity,2014,Drama
8.4,2306,Pekamedalu,2024,Drama
6.8,17719,White God,2014,"Adventure,Drama,Thriller"
7.6,2672,Mountain Queen: The Summits of Lhakpa Sherpa,2023,"Adventure,Documentary"
7.9,35405,Oficina do Diabo,2025,Drama
7.1,2065,Magic Love,2013,"Comedy,Drama,Romance"
7.6,30418,Sing Sing,2023,Drama
7.0,2280,The Pigeon Tunnel,2023,"Biography,Documentary"
7.1,2994,A Normal Family,2023,"Crime,Drama,Thriller"
7.4,6494,The Painting Pool,2013,"Drama,Romance"
7.0,13583,Evil Does Not Exist,2023,Drama
7.1,22204,His Three Daughters,2023,Drama
6.9,10878,Officer Black Belt,2024,"Action,Comedy,Crime"
7.5,9838,Stolen,2023,"Drama,Thriller"
7.4,3471,Naalkane Aayama,2024,Horror
6.9,62473,The Croods: A New Age,2020,"Adventure,Animation,Comedy"
7.2,10010,Kaantha,2025,"Crime,Drama,Horror"
7.2,2087,Raktabeej,2023,Thriller
7.4,1876,Wesh X Wesh,2023,Comedy
6.8,5660,Heli,2013,"Crime,Drama,Romance"
7.0,1767,Exhibiting Forgiveness,2024,Drama
7.1,14052,A Touch of Sin,2013,"Crime,Drama"
7.5,16331,Omar,2013,"Crime,Drama,Romance"
7.5,2477,"Norte, the End of History",2013,"Crime,Drama"
6.9,17829,Stranger by the Lake,2013,"Drama,Romance,Thriller"
7.3,3739,The Missing Picture,2013,Documentary
6.7,5600,Spark: L.I.F.E.,2023,"Action,Romance,Thriller"
6.6,2415,Star,2024,Drama
7.7,1959,De Gaulle: Résistance,2026,"Biography,Drama,History"
7.6,26764,Madras Cafe,2013,"Action,Drama,Thriller"
7.1,3644,Lover,2024,"Drama,Romance"
6.6,2137,Friday Night Plan,2023,"Comedy,Drama"
6.7,1999,Expelled from Paradise,2014,"Action,Adventure,Animation"
8.0,1666,Vembu,2025,Drama
7.4,302444,Anora,2024,"Comedy,Drama,Romance"
7.6,2108,Dhimahi,2023,Thriller
7.4,8227,Bob Trevino Likes It,2024,"Comedy,Drama"
7.4,6101,A Wolf at the Door,2013,"Crime,Drama,Thriller"
6.9,7348,Vermiglio,2024,"Drama,History"
7.7,8466,I Am: Celine Dion,2024,"Biography,Documentary,Music"
8.1,3078,Kelce,2023,"Documentary,Sport"
6.9,1867,Lucca's World,2025,Drama
7.0,2496,Scout's Honor: The Secret Files of the Boy Scouts of America,2023,"Crime,Documentary"
7.2,177333,Coherence,2013,"Mystery,Sci-Fi,Thriller"
7.0,6290,Lost in Starlight,2025,"Animation,Comedy,Drama"
6.6,3458,Blue Lock: Episode Nagi,2024,"Animation,Drama,Sport"
7.4,12652,Eleven,2025,"Crime,Mystery,Thriller"
7.8,1535,Umapathi,2023,Family
7.0,6318,Sound of Falling,2025,"Drama,War"
7.8,58117,Amy,2015,"Biography,Documentary,Music"
6.6,39857,Wish I Was Here,2014,"Comedy,Drama"
7.2,1609,Che,2023,Biography
6.7,29766,Mistress America,2015,"Comedy,Drama"
7.8,677514,Nightcrawler,2014,"Crime,Drama,Thriller"
7.3,47209,Shaun the Sheep Movie,2015,"Adventure,Animation,Comedy"
6.6,219117,Red Sparrow,2018,"Action,Drama,Thriller"
7.0,2777,My Sweet Pepper Land,2013,Drama
7.6,3157,"Good Day, Ramon",2013,Drama
6.9,3180,Ethir Neechal,2013,"Comedy,Romance,Sport"
8.2,13614,Soodhu Kavvum,2013,"Comedy,Crime,Thriller"
6.9,5191,The Swedish Connection,2026,"Biography,Drama,History"
7.6,1682,Alangu,2024,Action
7.3,1841,Proloy,2013,Crime
8.0,26140,Taylor Swift: The Eras Tour,2023,"Documentary,Music,Musical"
7.3,3194,Mad,2023,Comedy
7.9,25552,Ugly,2013,"Crime,Drama,Mystery"
6.7,14574,Black or White,2014,Drama
7.3,253193,Chef,2014,"Adventure,Comedy,Drama"
6.6,61999,Macbeth,2015,"Drama,History,War"
7.3,142067,I Origins,2014,"Drama,Mystery,Romance"
7.6,3914,Agak Laen,2024,"Comedy,Horror"
8.0,5902,Sapta Sagaradaache Ello: Side B,2023,"Action,Drama,Romance"
6.8,4528,American Symphony,2023,"Biography,Documentary,Music"
7.5,2717,Enclave,2015,Drama
7.3,1890,Cats Don't Have Vertigo,2014,"Comedy,Drama"
6.7,4201,Tantiram,2023,"Fantasy,Horror,Mystery"
7.0,65266,Ip Man 3,2015,"Action,Biography,Crime"
6.8,3737,Hippocrates: Diary of a French Doctor,2014,"Comedy,Drama"
7.1,41877,99 Homes,2014,"Crime,Drama"
7.0,6895,Living Is Easy with Eyes Closed,2013,"Comedy,Drama"
6.7,1716,Race to the Summit,2023,"Adventure,Documentary,Sport"
6.9,3819,Aanandhapuram Diaries,2024,Family
6.7,1647,Shivangi Lioness,2025,"Drama,Thriller"
7.3,5216,Resurrection,2025,"Drama,Sci-Fi"
7.2,5223,Ilo Ilo,2013,Drama
7.2,7293,Wasteman,2025,"Crime,Drama,Thriller"
6.7,3500,Love Reset,2023,"Comedy,Romance"
6.9,1917,Sahasam,2013,"Action,Adventure"
7.6,11388,Thou Gild'st the Even,2013,"Drama,Fantasy,Romance"
7.2,276758,Dungeons & Dragons: Honor Among Thieves,2023,"Action,Adventure,Comedy"
6.6,6556,Wolf Totem,2015,"Adventure,Drama"
6.6,1691,An Ordinary Case,2024,Drama
6.7,27247,Obvious Child,2014,"Comedy,Drama,Romance"
7.0,71335,The Dressmaker,2015,"Comedy,Drama"
7.5,836876,John Wick,2014,"Action,Crime,Thriller"
6.6,1680,Vanvaas,2024,"Action,Drama"
7.8,1525,Tina,2024,Drama
6.6,8431,The Devil's Bath,2024,"Drama,History,Horror"
6.9,4275,Tell Them You Love Me,2023,Documentary
7.1,2308,Bethlehem,2013,"Drama,Thriller,War"
6.9,3061,Cheater,2023,"Romance,Thriller"
7.4,12365,"20,000 Days on Earth",2014,"Documentary,Drama,Music"
7.5,5810,Neram,2013,"Action,Comedy,Crime"
6.7,1765,Nice and Easy,2014,Comedy
7.1,5519,Razakar: The Silent Genocide of Hyderabad,2024,"Action,Drama,History"
7.4,10318,The Children's Train,2024,"Drama,History"
7.0,1572,Ipar Adalah Maut,2024,"Drama,Romance"
7.1,1772,The Gambler,2013,"Drama,Thriller"
7.9,8916,Mumbai Police,2013,"Crime,Mystery,Thriller"
7.0,12782,Baramulla,2025,"Crime,Horror,Mystery"
7.0,1840,Omaha,2025,Drama
7.1,2050,Kids for Cash,2013,"Crime,Documentary,Drama"
8.0,13351,Manam,2014,"Comedy,Drama,Fantasy"
6.7,150651,Smile 2,2024,"Horror,Mystery,Thriller"
7.1,6433,Undercover,2024,"Biography,Crime,Drama"
7.5,7584,Palestine 36,2025,"Drama,History,War"
7.2,7669,Golam,2024,"Crime,Mystery"
6.8,4413,Nunakuzhi,2024,"Comedy,Crime"
6.8,2262,Happyend,2024,"Drama,Fantasy,Sci-Fi"
7.2,4350,Margarita with a Straw,2014,Drama
6.9,1908,Marco,2024,"Biography,Drama"
7.6,5961,Little Amélie or the Character of Rain,2025,"Animation,Drama,Family"
7.3,8712,"The Pig, the Snake and the Pigeon",2023,"Action,Crime,Drama"
7.3,6240,Wendigo,2011,Horror
7.0,2658,Man vs Snake: The Long and Twisted Tale of Nibbler,2015,Documentary
7.8,6197,Strawberry Melancholy,2007,Comedy
7.9,2866,All That's Left of You,2025,"Drama,Romance"
7.0,47711,The Ugly Stepsister,2025,"Comedy,Drama,Horror"
8.5,3873,Renaissance: A Film by Beyoncé,2023,"Documentary,Music"
7.7,1524,Preminchoddu : Don't Love,2024,"Crime,Thriller"
7.1,57948,Far from the Madding Crowd,2015,"Drama,Romance"
7.5,63836,Toy Story 5,2026,"Adventure,Animation,Comedy"
7.1,13534,The Connection,2014,"Action,Crime,Thriller"
7.2,9540,Far from Men,2014,"Drama,War"
6.8,2622,Rebuilding,2025,Drama
6.9,64718,Everybody Wants Some!!,2016,Comedy
6.9,82146,A Most Violent Year,2014,"Crime,Drama,Thriller"
7.4,9955,Maareesan,2025,"Comedy,Drama,Thriller"
7.8,3950,All This Mayhem,2014,"Biography,Documentary,History"
6.7,2848,Traffic,2016,"Action,Adventure,Drama"
6.6,2025,Doraemon the Movie: Nobita's Earth Symphony,2024,"Adventure,Animation,Comedy"
7.1,2455,Jithender Reddy,2024,Action
6.7,1541,Our Sunhi,2013,"Comedy,Drama,Romance"
6.8,28613,The Room Next Door,2024,Drama
7.8,2305,Aybüke: Ögretmen Oldum Ben!,2023,"Biography,Drama"
7.0,2184,Dilli Dark,2023,Comedy
6.9,4079,Pani,2024,"Action,Crime,Drama"
7.3,7568,Vaazha: Biopic of a Billion Boys,2024,"Comedy,Drama"
7.1,2873,DNA,2025,
6.9,2470,Nunta Pe Ban,2023,Comedy
7.1,1628,Train Driver's Diary,2016,"Comedy,Drama"
6.9,4594,When Fall Is Coming,2024,Drama
8.0,646343,Zootopia,2016,"Action,Adventure,Animation"
8.0,455451,Soul,2020,"Adventure,Animation,Comedy"
6.6,3274,Lion's Heart,2013,"Comedy,Drama,Romance"
7.9,2376,Love Reddy,2024,Romance
7.7,4725,David Holmes: The Boy Who Lived,2023,Documentary
7.3,10161,Greater,2016,"Biography,Family,Sport"
8.7,2078,S-99,2024,Action
7.2,300244,Encanto,2021,"Animation,Comedy,Family"
6.6,2884,"I, Olga Hepnarova",2016,"Biography,Crime,Drama"
7.3,23179,Swapped,2026,"Adventure,Animation,Comedy"
6.8,4206,ABCD: American-Born Confused Desi,2013,Comedy
7.3,113114,Nuremberg,2025,"Biography,Drama,History"
6.6,3069,The White Storm,2013,"Action,Crime,Thriller"
6.8,1721,The Galapagos Affair: Satan Came to Eden,2013,"Biography,Crime,Documentary"
6.9,8129,Veera Dheera Sooran: Part 2,2025,"Action,Crime,Thriller"
6.8,4439,Hardcore Never Dies,2023,"Crime,Drama"
7.1,3955,Mast Mein Rehne Ka,2023,"Comedy,Drama"
8.2,234024,The Wild Robot,2024,"Adventure,Animation,Family"
7.0,17176,The Road Within,2014,"Adventure,Comedy,Drama"
7.5,4360,Wood Job!,2014,"Adventure,Comedy"
7.3,2624,Murderess,2023,Drama
6.7,20429,Comet,2014,"Comedy,Drama,Romance"
7.0,2125,Pantani: The Accidental Death of a Cyclist,2014,"Biography,Documentary,Sport"
6.6,16547,The Trip to Italy,2014,"Comedy,Drama"
7.8,11708,Steins;Gate: The Movie - Load Region of Déjà Vu,2013,"Animation,Mystery,Sci-Fi"
6.8,5812,Secretly Greatly,2013,"Action,Comedy,Drama"
7.3,2992,Another Day of Life,2018,"Animation,Biography"
6.9,3383,Dampfnudelblues,2013,"Comedy,Crime"
7.4,9231,Montage,2013,"Crime,Mystery,Thriller"
7.1,9291,Cold Eyes,2013,"Action,Crime,Thriller"
6.9,4138,Vidhi,2023,Crime
7.6,1537,Ronnie O'Sullivan: The Edge of Everything,2023,"Documentary,Sport"
7.7,2404,Bye Bye Barry,2023,"Documentary,Sport"
7.0,5963,Hwayi: A Monster Boy,2013,"Action,Crime,Thriller"
6.8,4140,Kundo: Age of the Rampant,2014,"Action,Drama"
7.0,2669,Peacock,2024,"Comedy,Drama"
7.7,1840,David Bowie: Five Years,2013,"Biography,Documentary,Music"
7.8,1759,Lakshmi,2014,Drama
9.3,2184,Janam,2023,Drama
7.5,113123,Train Dreams,2025,Drama
6.8,2319,Violette,2013,"Biography,Drama,Romance"
6.6,3729,Bill,2015,"Comedy,Family,History"
7.2,4303,A House on Fire,2024,"Comedy,Drama"
8.1,2237,Gaga Chromatica Ball,2024,"Music,Musical"
7.1,2101,Upendra Gadi Adda,2023,Action
7.7,509789,The Theory of Everything,2014,"Biography,Drama,Romance"
6.7,115107,The Guest,2014,"Action,Mystery,Thriller"
7.5,4975,Twinsters,2015,"Biography,Documentary"
7.3,91783,The Hundred-Foot Journey,2014,"Comedy,Drama"
7.6,33041,Highway,2014,"Crime,Drama,Romance"
7.3,11412,Patema Inverted,2013,"Adventure,Animation,Drama"
7.1,1524,Jolly O Gymkhana,2024,Comedy
6.9,35018,Suck Me Shakespeer,2013,Comedy
6.7,5384,Alappuzha Gymkhana,2025,"Action,Comedy,Drama"
6.7,14340,Carrie Pilby,2016,"Comedy,Drama"
7.0,94614,The Christmas Chronicles,2018,"Adventure,Comedy,Family"
7.1,8937,The Terror Live,2013,"Action,Crime,Drama"
6.9,4143,Eastern Boys,2013,"Crime,Drama,Romance"
8.1,51952,Tangerines,2013,"Drama,War"
6.9,1985,Once Upon My Mother,2025,"Comedy,Drama"
6.8,1709,Number 55,2014,"Action,History,War"
6.8,44525,Camp X-Ray,2014,"Drama,War"
8.0,3188,Committee Kurrollu,2024,Drama
7.2,4956,Mollywood Times,2026,"Comedy,Drama"
8.9,2005,Praveen Ips,2024,Drama
7.3,1507,De nieuwe wildernis,2013,Documentary
7.1,3902,Gustaakh Ishq,2025,
7.5,3018,Apocalypse in the Tropics,2024,"Documentary,History"
6.8,12199,Mary Kom,2014,"Action,Biography,Drama"
7.0,30821,The Bad Guys 2,2025,"Action,Adventure,Animation"
6.7,2988,Trevor Noah: Where Was I,2023,"Comedy,Documentary"
7.2,3204,Unbeatable,2013,"Action,Drama,Sport"
7.2,1941,Tigers,2014,Drama
6.6,4348,Cantinflas,2014,"Biography,Comedy,Drama"
8.0,2669,Simple Agi Ondh Love Story,2013,"Comedy,Romance"
6.8,2049,Plant Man,2024,Comedy
7.1,5298,Boy Meets Girl,2014,"Comedy,Drama,Romance"
7.0,81265,The Water Diviner,2014,"Drama,History,War"
6.8,3262,The Face Reader,2013,"Action,Drama,History"
7.5,9811,Ponman,2025,"Comedy,Drama"
7.3,9400,Stromberg - The Movie,2014,Comedy
8.1,240596,Wild Tales,2014,"Comedy,Drama,Thriller"
6.6,1542,Ghost Trail,2024,"Drama,Thriller"
6.6,4433,My Summer in Provence,2013,"Comedy,Drama,Romance"
6.8,13765,Babysitting,2014,Comedy
6.8,8037,My Mother,2015,Drama
7.6,436186,One Battle After Another,2025,"Crime,Thriller"
8.0,3028,Kalasa: The Symbol of Abundance,2023,Thriller
6.8,7536,Vadh 2,2025,"Crime,Thriller"
6.7,4840,Curry & Cyanide: The Jolly Joseph Case,2023,"Crime,Documentary"
7.1,3519,Ghost in the Shell: Arise - Border 2: Ghost Whispers,2013,"Action,Animation,Sci-Fi"
7.5,5887,Titli,2014,"Crime,Drama,Thriller"
7.3,1664,Unbranded,2015,"Adventure,Documentary"
6.7,11630,Faults,2014,"Drama,Mystery,Thriller"
9.0,2108,Usha Parinayam,2024,"Action,Romance"
7.4,4232,M4M: Motive for Murder,2026,"Crime,Thriller"
7.5,4645,Black Box Diaries,2024,"Crime,Documentary"
6.7,7729,Eleanor the Great,2025,"Comedy,Drama"
7.1,2819,Blue Exorcist: The Movie,2012,"Action,Adventure,Animation"
8.1,1527,Shabdo,2012,Drama
7.1,1528,Porcelain War,2024,"Documentary,War"
7.5,16364,Rurouni Kenshin: The Legend Ends,2014,"Action,Adventure,Drama"
7.5,20266,Rurouni Kenshin Part II: Kyoto Inferno,2014,"Action,Adventure,Drama"
8.2,7667,Ennio,2021,"Biography,Documentary,History"
6.8,2940,Sebastian,2024,Drama
7.3,16561,Dìdi,2024,"Comedy,Drama"
6.7,4232,Good One,2024,Drama
7.5,1788,Frida,2024,"Animation,Documentary"
7.1,4494,Skywalkers: A Love Story,2024,Documentary
7.0,4013,Sugarcane,2024,Documentary
7.5,1659,A New Kind of Wilderness,2024,Documentary
7.5,8399,Ghostlight,2024,"Comedy,Drama"
7.4,14013,Will & Harper,2024,Documentary
6.6,1709,Three Friends,2024,"Comedy,Drama,Romance"
9.0,2165,Paagal vs Kadhal,2024,Family
7.4,7165,The Marching Band,2024,"Comedy,Drama,Music"
6.7,2218,Toxic,2024,Drama
7.3,30601,Song Sung Blue,2025,"Biography,Drama,History"
6.8,2137,"Miss You, Love You",2026,Drama
8.0,2589,Left Right Left,2013,"Crime,Drama"
7.1,4142,Kills On Wheels,2016,"Action,Comedy,Drama"
7.6,3734,The Guide,2014,"Drama,History"
7.3,11128,Demon Slayer: Kimetsu No Yaiba - To the Hashira Training,2024,"Action,Adventure,Animation"
7.3,2871,Rajkumar,2024,"Drama,Family,Romance"
7.3,307313,The Jungle Book,2016,"Action,Adventure,Animation"
7.4,9978,Dacoit: A Love Story,2026,"Action,Drama,Romance"
7.2,9182,Toofan,2024,"Action,Crime"
7.5,2325,Matangi/Maya/M.I.A,2018,"Biography,Documentary,Music"
6.6,2062,Shaan,2023,"Action,Drama,Romance"
7.4,67338,Who Am I,2014,"Crime,Drama,Mystery"
7.3,10706,Attarintiki Daredi,2013,"Action,Comedy,Drama"
7.5,6607,Parched,2015,Drama
6.7,6742,The Wonders,2014,Drama
7.1,3816,Santosh,2024,"Crime,Drama,Thriller"
7.2,3323,Palayam PC,2024,"Drama,Family"
7.8,6240,The Last Journey,2024,Documentary
8.2,2143,Currency Nagar,2023,"Drama,Romance,Thriller"
6.7,3613,Goebbels and the Führer,2024,"Biography,Drama,History"
8.3,65119,Chainsaw Man - The Movie: Reze Arc,2025,"Action,Adventure,Animation"
7.8,8440,Haikyu!! The Dumpster Battle,2024,"Animation,Comedy,Drama"
7.6,3114,Big World,2024,"Drama,Family"
6.6,41613,Friendship,2024,Comedy
6.8,1760,Winter in Sokcho,2024,Drama
7.4,3834,The Old Bachelor,2024,"Drama,Thriller"
7.5,1821,No One's Child,2014,Drama
6.7,2133,The Corridor,2013,Drama
7.2,10796,Before I Disappear,2014,"Adventure,Drama"
7.6,4717,"Blue Skies, Green Waters, Red Earth",2013,"Adventure,Drama,Romance"
7.7,7225,Gett,2014,"Biography,Drama"
7.1,1694,If I Had Wings,2013,"Drama,Family,Sport"
6.8,59723,Man Up,2015,"Comedy,Drama,Romance"
7.0,4921,He Named Me Malala,2015,"Biography,Documentary"
7.3,347421,The Conjuring 2,2016,"Horror,Mystery,Thriller"
7.4,2341,Bucharest Non Stop,2015,"Comedy,Drama"
7.0,1583,The Great Ambition,2024,"Biography,Drama,History"
6.8,8918,Dabbe: The Possession,2013,"Horror,Thriller"
7.1,2043,Lilies Not for Me,2024,"Drama,Romance"
7.1,2428,Khadaan,2024,"Action,Drama"
6.9,4883,Shrek the Musical,2013,"Comedy,Family,Fantasy"
6.7,109559,Hardcore Henry,2015,"Action,Adventure,Sci-Fi"
6.9,8818,Nisshartho Bhalobasha: What is Love!,2013,"Action,Comedy,Drama"
6.9,2607,Bad Hair,2013,Drama
6.8,3644,Of Horses and Men,2013,"Comedy,Drama,Romance"
7.4,3494,Supermensch,2013,"Biography,Documentary,Music"
7.5,3540,Googly,2013,"Comedy,Romance"
7.0,2207,On Falling,2024,Drama
7.6,338450,Creed,2015,"Action,Drama,Sport"
6.9,46676,Suffragette,2015,"Drama,History"
6.6,2134,Honeymoon Express,2024,"Comedy,Romance"
6.6,2351,Eagles of the Republic,2025,"Action,Drama,Thriller"
7.0,12003,Miss Violence,2013,"Drama,Thriller"
7.9,1733,Pinnil Oral,2024,"Crime,Family,Horror"
7.0,14172,Kaam Chalu Hai,2024,Drama
7.3,2644,Viraaji,2024,Thriller
7.0,275844,Spy,2015,"Action,Comedy"
6.9,6937,A Little Something Extra,2024,Comedy
7.9,16799,The Greatest Night in Pop,2024,"Documentary,Music"
6.9,2290,Sriranga Neethulu,2024,Drama
6.6,18073,Crazxy,2025,"Drama,Thriller"
7.1,1652,Shambhala,2024,Drama
7.5,2995,Lesson Learned,2024,Drama
7.2,3870,Dreams,2024,"Comedy,Drama,Romance"
7.1,2154,Love,2024,"Comedy,Drama,Romance"
6.8,2085,Ground,2024,Drama
6.7,3637,Hridayapoorvam,2025,"Drama,Romance"
6.8,88460,Star Wars: The Mandalorian and Grogu,2026,"Action,Adventure,Family"
6.6,7921,I Love Boosters,2026,"Adventure,Comedy,Crime"
6.9,1704,Pegasus 2,2024,"Comedy,Drama,Sport"
6.6,72257,The Phoenician Scheme,2025,"Action,Comedy,Crime"
8.2,1771,The Innocent,1986,"Drama,Thriller"
7.0,15157,Lover Stalker Killer,2024,"Crime,Documentary"
6.8,10757,Mirai,2025,"Action,Adventure,Fantasy"
6.7,64673,Goodnight Mommy,2014,"Horror,Mystery,Thriller"
7.3,1579,Chuck Billy and the Marvelous Guava Tree,2024,"Adventure,Comedy,Family"
6.8,1507,El Hareefa,2024,"Comedy,Sport"
7.5,1522,Shakhahaari,2024,"Crime,Thriller"
7.2,7962,Magical Girl,2014,"Drama,Thriller"
7.8,8869,Tim's Vermeer,2013,"Documentary,History"
8.3,2036,Giannis: The Marvelous Journey,2024,"Documentary,Sport"
7.1,10961,The Treatment,2014,"Crime,Drama,Mystery"
7.2,4110,Dinosaur 13,2014,Documentary
7.6,3471,Life Feels Good,2013,Drama
8.2,56032,No Other Land,2024,Documentary
6.9,2254,The Snow White Murder Case,2014,"Crime,Drama,Mystery"
7.8,28828,Article 370,2024,"Action,Drama,Thriller"
6.6,4629,Camp Takota,2014,Comedy
7.0,1610,I Am Nevenka,2024,"Biography,Drama"
6.7,2119,Mudo Kannu,2024,"Crime,Thriller"
6.7,96996,Black Bag,2025,"Drama,Mystery,Romance"
6.6,2043,I Hate You,2024,"Romance,Thriller"
7.3,2265,Flight 404,2024,Drama
6.7,3435,Dahomey,2024,Documentary
7.4,10582,My Favourite Cake,2024,"Comedy,Drama,Romance"
8.1,1975,Pignorant,2024,Documentary
6.9,2164,Masthu Shades Unnai Ra,2024,Comedy
7.5,3418,18×2 Beyond Youthful Days,2024,"Drama,Romance"
6.9,5404,"Like Sunday, Like Rain",2014,"Drama,Music"
6.9,210792,Crazy Rich Asians,2018,"Comedy,Drama,Romance"
7.1,2689,Once Upon a Deadpool,2018,"Action,Adventure,Comedy"
8.4,2096,Mukhya Gamanika,2024,"Crime,Thriller"
7.5,2968,Fear,2024,"Drama,Family,Thriller"
6.9,8056,Piece by Piece,2024,"Animation,Biography,Comedy"
7.0,1761,Gabrielle,2013,"Drama,Music,Romance"
7.7,4094,Drawing Closer,2024,"Drama,Romance"
6.7,37606,The Tender Bar,2021,"Biography,Drama,Romance"
8.7,2637,Utsavam,2024,Drama
6.6,1745,The Sidemen Story,2024,"Biography,Documentary"
6.7,7367,Jimmy's Hall,2014,"Biography,Drama,History"
7.1,2071,I Hate Love,2024,Drama
6.7,46678,Deep Cover,2025,"Action,Comedy,Crime"
6.8,2032,Doomed: The Untold Story of Roger Corman's the Fantastic Four,2015,Documentary
6.6,5100,10.000 Km,2014,"Drama,Romance"
7.8,3070,Namo,2024,Comedy
6.9,1878,Mai,2024,"Drama,Romance"
6.7,2264,Argo 2,2015,"Action,Comedy,Crime"
6.6,63997,Eddington,2025,"Comedy,Drama,Western"
6.7,87037,Together,2025,"Horror,Romance"
7.0,5170,Rifle Club,2024,Action
8.0,2831,Billy & Molly: An Otter Love Story,2024,Documentary
7.5,3385,The Truth vs. Alex Jones,2024,"Biography,Crime,Documentary"
7.5,514624,Sinners,2025,Horror
6.9,3339,Stray Dogs,2013,Drama
7.6,2399,Duniyadari,2013,"Comedy,Drama,Romance"
7.6,2841,Ajay Gadu,2024,Action
7.2,164980,Predator: Badlands,2025,"Action,Adventure,Sci-Fi"
8.0,8962,Memories,2013,"Crime,Mystery,Thriller"
6.8,18304,Beyond the Lights,2014,"Drama,Music,Romance"
7.3,7183,Coming Home,2014,"Drama,History,Romance"
7.2,2027,Sanctuary,2015,Drama
7.5,2035,Dealt,2017,"Biography,Documentary"
7.1,6236,Diplomacy,2014,"Drama,History,War"
6.8,3146,Stans,2025,Documentary
6.6,3827,Hack Your Health: The Secrets of Your Gut,2024,Documentary
6.9,1594,8 Vasanthalu,2025,Drama
7.3,15938,Twinless,2025,"Comedy,Drama"
7.5,2053,Marie's Story,2014,"Biography,Drama"
7.2,3226,Tim Maia,2014,"Biography,Drama,Music"
7.3,5073,Kizumonogatari Part 1: Tekketsu,2016,"Action,Animation,Comedy"
7.6,15826,The Miracle,2015,"Comedy,Drama,History"
6.7,23554,Raja Shivaji,2026,"Action,Biography,Drama"
7.3,4769,Federer: Twelve Final Days,2024,"Biography,Documentary,Sport"
7.9,22994,How to Make Millions Before Grandma Dies,2024,"Comedy,Drama,Family"
7.1,29093,Department Q: The Absent One,2014,"Crime,Drama,Mystery"
7.5,1547,El Sett,2025,"Biography,Drama,History"
7.2,4575,Colours of Time,2025,"Comedy,Drama,Romance"
7.5,2045,Babu (No.1 Bullshit Guy),2024,Comedy
6.6,2577,Anand Sreebala,2024,Crime
7.4,14799,Race Gurram,2014,"Action,Comedy"
7.1,11858,A Small September Affair,2014,"Drama,Mystery,Romance"
7.1,115516,Warfare,2025,"Action,Drama,War"
7.9,2603,Valari,2024,"Horror,Thriller"
6.7,5239,Commitment,2013,"Action,Drama,Thriller"
7.5,1785,Hear Me: Our Summer,2024,"Drama,Romance"
7.2,1831,Kingdom 4: Return of the Great General,2024,"Action,Drama,History"
6.9,6092,Belle & Sebastian,2013,"Adventure,Drama,Family"
6.7,2018,Detective Conan: The Million-Dollar Pentagram,2024,"Animation,Mystery,Romance"
8.4,4529,Bahumukham,2024,"Drama,Thriller"
7.4,36834,Tamasha,2015,"Comedy,Drama,Romance"
7.3,1781,The Circle,2014,"Biography,Drama,Romance"
7.1,31377,A Brilliant Young Mind,2014,"Drama,Romance"
7.5,3034,The Bloody Hundredth,2024,Documentary
8.4,57360,I Swear,2025,"Biography,Drama"
6.7,3181,Leopardi,2014,"Biography,Drama,History"
8.2,12339,Hope,2013,Drama
7.2,6283,The Geographer Drank His Globe Away,2013,"Adventure,Drama,Romance"
7.6,11534,We Will Dance Again,2024,Documentary
7.5,6338,My World,2013,Drama
6.8,11970,Tanvi: The Great,2025,Drama
8.3,1535,Silk Saree,2024,Thriller
6.7,2180,Nobody from Nowhere,2014,"Drama,Thriller"
6.8,4361,Hijack 1971,2024,"Action,Crime,Thriller"
7.7,7522,The True Cost,2015,"Documentary,Drama,News"
6.6,1539,Slay,2024,"Comedy,Horror"
7.0,2358,The Farewell Party,2014,"Comedy,Drama,Romance"
6.9,3113,Bharathanatyam,2024,"Comedy,Drama"
7.0,1563,Theppa Samudram,2024,Crime
7.6,3655,The Last Dance,2024,"Drama,Family"
6.8,70478,Mr. Holmes,2015,"Crime,Drama,Family"
7.3,11840,Nouvelle Vague,2025,"Biography,Comedy,Drama"
6.8,3316,Universal Language,2024,"Comedy,Drama"
7.8,65542,Pride,2014,"Biography,Comedy,Drama"
6.6,2179,The Falls: Testament of Love,2013,"Drama,Romance"
6.6,11631,Retribution,2015,"Action,Adventure,Crime"
8.1,483390,Room,2015,"Drama,Thriller"
6.9,1704,The Idealist,2015,Thriller
7.1,12000,Theeb,2014,"Adventure,Drama,Thriller"
7.8,23503,Look Back,2024,"Animation,Drama"
7.2,3086,Shivam Bhaje,2024,"Crime,Drama"
7.6,3416,Maruthi Nagar Subramanyam,2024,Comedy
7.0,2228,Veppam Kulir Mazhai,2024,Thriller
6.7,2976,Jimmy Carr: Natural Born Killer,2024,"Comedy,Documentary"
7.2,1506,Neal Brennan: Crazy Good,2024,"Comedy,Documentary"
6.8,35696,The Diary of a Teenage Girl,2015,"Comedy,Drama,Romance"
6.9,3396,Sarah's Oil,2025,"Biography,Drama,History"
6.8,17807,Hasee Toh Phasee,2014,"Comedy,Romance"
6.6,25529,The Villain,2014,"Action,Crime,Drama"
6.9,2561,Dukhtar,2014,"Drama,Thriller"
7.3,2459,Giovanni's Island,2014,"Animation,Drama,History"
8.7,2909,A: Film by Upendra,1998,Drama
6.6,35075,"Men, Women & Children",2014,"Comedy,Drama"
7.1,13272,The Wonderful Story of Henry Sugar and Three More,2024,"Comedy,Drama,Fantasy"
7.5,2581,Her Story,2024,"Comedy,Drama,Romance"
7.2,1675,Factory Girl,2013,"Drama,Romance"
7.7,1533,Moodar Koodam,2013,"Comedy,Drama,Thriller"
6.8,4196,Je M'appelle Agneta,2026,Comedy
7.5,8184,The Boy and the World,2013,"Adventure,Animation,Family"
7.2,543946,Fantastic Beasts and Where to Find Them,2016,"Adventure,Family,Fantasy"
6.8,38072,Sisu: Road to Revenge,2025,"Action,Thriller,War"
7.4,3099,Apollo 13: Survival,2024,"Documentary,History"
8.8,6152,Gundi: Legend of Love,2024,"Biography,Sport"
8.1,3271,The Wolf and the Goat,2013,"Crime,Thriller"
6.7,4617,Xenia,2014,"Drama,Romance"
7.5,2399,Class Enemy,2013,Drama
7.3,19464,Downton Abbey: The Grand Finale,2025,Drama
8.9,4680,Om,1995,"Action,Crime,Drama"
7.1,3551,The Mehta Boys,2024,Drama
7.1,2623,The Beach Boys,2024,"Biography,Documentary,Music"
6.6,28637,Springsteen: Deliver Me from Nowhere,2025,"Biography,Drama,Music"
6.9,2379,Alanaati Ramachandrudu,2024,Drama
7.9,2789,Pottel,2024,"Action,Drama,Thriller"
6.9,4273,Jongli,2025,"Action,Drama"
7.3,3383,Kudumbasthan,2025,"Comedy,Drama"
7.5,15424,Thudarum,2025,"Action,Drama"
7.0,2253,Showbiz Kids,2020,Documentary
6.6,60664,The Roses,2025,Comedy
6.7,7832,Kill Zone 2,2015,"Action,Adventure,Crime"
7.6,3690,North 24 Kaatham,2013,"Adventure,Comedy,Drama"
8.7,2690,Mercy Killing,2024,"Action,Drama,Romance"
6.7,5526,Where Hope Grows,2014,"Drama,Family"
7.3,13221,Palm Trees in the Snow,2015,"Drama,Romance"
9.4,1779,Golden Opulence: 500 Years of Luxury in Anatolia,2024,Documentary
7.6,13736,Free to Play,2014,"Action,Documentary"
7.4,87897,Trumbo,2015,"Biography,Drama"
7.6,6716,Raja Rani,2013,"Comedy,Drama,Romance"
6.7,2955,Perumani,2024,Comedy
6.6,6549,Love at First Fight,2014,"Adventure,Comedy,Romance"
7.7,6000,The Kingdom of Dreams and Madness,2013,Documentary
6.9,50403,Slow West,2015,"Adventure,Drama,Romance"
6.9,5650,Nagabandham - The Secret Treasure,2026,"Action,Adventure,Drama"
8.3,3104,Sarangadhariya,2024,Action
6.8,14333,Black '47,2018,"Action,Drama,History"
7.0,2967,The Battle of Oslo,2025,"Action,Drama,War"
7.6,1682,A Foggy Tale,2025,"Adventure,Family,History"
7.8,19205,Dragon,2025,"Comedy,Drama,Romance"
6.9,2035,Roudhra Rupaya,2024,Action
7.0,2812,On Becoming a Guinea Fowl,2024,"Comedy,Drama"
6.7,5101,Misericordia,2024,"Comedy,Crime,Drama"
7.0,2151,The Kingdom,2024,"Crime,Drama,Thriller"
7.0,4648,Holy Cow,2024,"Comedy,Drama"
7.6,7548,Souleymane's Story,2024,Drama
7.0,14208,All We Imagine as Light,2024,"Drama,Romance"
8.9,3191,Bhale Unnade,2024,Comedy
7.2,9977,Young Washington,2026,"Action,Adventure,Biography"
8.4,2278,Chhava,2024,"Biography,Documentary,Drama"
7.1,1625,Upstream,2024,Drama
7.1,2000,Beltracchi: The Art of Forgery,2014,"Biography,Crime,Documentary"
8.5,3039,August,2024,Documentary
6.7,4050,My Mom Is a Character 2,2016,Comedy
6.6,4016,She Walks in Darkness,2025,"Drama,History,Thriller"
8.9,2105,Nenu Keerthana,2024,"Action,Comedy,Drama"
8.4,2360,Seetha Kalyana Vaibhogame,2024,"Action,Family"
8.6,5873,The Devil,2025,Drama
7.0,6952,1944,2015,"Drama,History,War"
7.7,8580,Avicii - I'm Tim,2024,"Biography,Documentary,Music"
7.2,121174,28 Years Later: The Bone Temple,2026,"Horror,Sci-Fi,Thriller"
7.4,1713,Witches,2024,"Documentary,History"
6.8,2351,A Lego Brickumentary,2014,Documentary
7.5,1873,¡Casa Bonita Mi Amor!,2024,Documentary
7.6,1893,The Thinking Game,2024,"Animation,Documentary,Sci-Fi"
7.0,2857,Varuthapadatha Valibar Sangam,2013,"Comedy,Romance"
7.5,4397,Vanakkam Chennai,2013,"Comedy,Romance"
6.7,1724,Endrendrum Punnagai,2013,"Comedy,Romance"
7.5,1518,Gulkand,2025,"Comedy,Drama,Family"
7.8,2784,Ikinci Raunt,2024,Documentary
7.0,4252,My Hero Academia: You're Next,2024,"Action,Adventure,Animation"
7.9,2063,Nindha,2024,Thriller
7.5,20950,The Seed of the Sacred Fig,2024,"Crime,Drama,Thriller"
7.1,1733,Three Kilometres to the End of the World,2024,"Drama,Thriller"
7.2,1579,An Unfinished Film,2024,Drama
8.0,2371,Music Shop Murthy,2024,Music
7.1,2335,Idharkuthane Aasaipattai Balakumara,2013,"Comedy,Musical"
7.4,3665,The Last Man on the Moon,2014,"Adventure,Biography,Documentary"
7.7,10886,Late Shift,2025,"Drama,Thriller"
6.9,4288,Lorry Chapter-1,2024,"Action,Crime,Thriller"
7.5,2054,Second Victims,2025,Drama
7.1,3299,Faye,2024,"Biography,Documentary"
7.5,6733,Maa Inti Bangaram,2026,"Action,Drama,Family"
6.9,2735,Beyond the Clouds,2017,"Drama,Family"
7.2,95271,A Beautiful Day in the Neighborhood,2019,"Biography,Drama,Family"
7.2,6534,The Roast of Tom Brady,2024,"Comedy,Documentary"
7.2,2450,Good Home,2025,Drama
7.1,138118,Bring Her Back,2025,"Horror,Mystery"
6.6,2631,Miroirs No. 3,2025,"Drama,Music,Mystery"
7.2,2060,Riefenstahl,2024,"Biography,Documentary,History"
7.1,2791,Blue Heron,2025,Drama
8.5,2271,Ghost: Rite Here Rite Now,2024,"Documentary,Music"
6.7,6912,Power Ballad,2026,"Comedy,Drama,Music"
7.3,1871,House Mates,2025,"Comedy,Horror"
7.0,2438,Aan Paavam Pollathathu,2025,"Comedy,Drama,Romance"
7.8,18120,Rekhachithram,2025,"Drama,Mystery,Thriller"
7.3,299955,Cruella,2021,"Adventure,Comedy,Crime"
8.2,5167,Laggam,2024,Family
7.0,36300,Sirat,2025,"Action,Adventure,Drama"
6.7,3263,Still the Water,2014,"Drama,Romance"
6.7,13742,Solo Mio,2026,"Comedy,Romance"
7.0,2232,Shark Whisperer,2025,Documentary
6.6,4646,How to Rob a Bank,2024,"Action,Crime,Documentary"
8.3,1635,Udvegam (The First Case of),2024,Drama
7.1,1667,Trophy Kids,2013,Documentary
6.9,22772,Pillion,2025,"Comedy,Drama,Romance"
7.2,1614,Pandiya Naadu,2013,Action
6.6,18553,Christy,2025,"Biography,Drama,History"
7.3,12452,Spare Parts,2015,"Biography,Drama,History"
8.1,2149,Darshini,2024,"Comedy,Sci-Fi,Thriller"
6.8,302673,It Follows,2014,"Horror,Mystery,Thriller"
6.7,9872,I'll See You in My Dreams,2015,"Comedy,Drama,Romance"
8.3,2296,Return of the Jungle,2026,"Adventure,Animation,Comedy"
7.6,1884,The Paradise of Thorns,2024,"Drama,Thriller"
7.7,12396,Sarvam Maya,2025,"Comedy,Fantasy,Horror"
6.6,3780,Dirty Fellow,2024,"Action,Drama"
6.9,1732,Blood Brothers: Fury of the Dragon,2025,"Action,Crime,Drama"
6.9,2065,The Great Arch,2025,"Biography,Drama,History"
7.3,4022,Pogumidam Vegu Thooramillai,2024,Mystery
7.4,4578,3BHK,2025,Drama
7.1,2007,Calle Málaga,2025,"Drama,Romance"
6.8,91270,Crime 101,2026,"Crime,Drama,Thriller"
7.3,2965,Charlie's Country,2013,"Adventure,Drama"
6.6,2562,The Music of Silence,2017,"Biography,Drama,Music"
7.3,5272,Trailer Park Boys: Don't Legalize It,2014,"Comedy,Crime,Drama"
6.7,2027,Mysteries of the Terracotta Warriors,2024,"Documentary,History"
7.0,2652,Wish Man,2019,"Biography,Drama,Family"
8.6,2239,Korean Kanakaraju,2026,"Comedy,Fantasy,Horror"
8.5,2027,Big Brother,2024,Action
7.7,2485,Srikakulam Sherlockholmes,2024,Comedy
7.8,13275,Sookshma Darshini,2024,"Comedy,Mystery,Thriller"
6.8,3659,Finding Emily,2026,"Comedy,Romance"
6.7,2077,Prabuthwa Junior Kalashala,2024,Romance
7.1,3289,Sunday Special,2024,"Comedy,Drama"
7.3,11862,Soaked in Bleach,2015,"Crime,Documentary"
6.8,25629,Blue Moon,2025,"Biography,Comedy,Drama"
7.8,8190,Little England,2013,"Drama,Romance"
7.6,2297,Ullozhukku,2024,Drama
6.8,3309,Romería,2025,"Biography,Drama,Romance"
6.6,3562,Pravinkoodu Shappu,2025,Thriller
7.2,39269,Marshland,2014,"Crime,Mystery,Thriller"
7.3,21425,Pressure,2026,"Drama,History,Thriller"
7.1,9259,Caramelo,2025,"Comedy,Drama,Family"
6.9,1731,Drawers,2015,"Drama,Mystery"
7.4,97459,The Sheep Detectives,2026,"Comedy,Family,Mystery"
7.8,3080,The Birthday Boy,2024,"Drama,Mystery,Thriller"
7.0,3189,Fish & Cat,2013,"Drama,Horror,Mystery"
6.6,4789,The Truth and Tragedy of Moriah Wilson,2026,"Crime,Documentary"
6.8,2160,Mononoke the Movie: The Phantom in the Rain,2024,"Animation,Fantasy,Horror"
7.2,3910,Stratos,2014,"Crime,Drama"
6.6,2496,Goyo,2024,"Comedy,Drama,Romance"
6.7,1731,Padmavyuham Lo Chakradhari,2024,Family
7.6,8360,100 Meters,2025,"Animation,Drama,Sport"
7.8,5322,A Secret Love,2020,"Biography,Documentary,Drama"
6.7,1821,Successor,2024,"Comedy,Drama"
7.3,1559,Anthima Theerpu,2024,"Action,Drama,Thriller"
7.8,68731,Loving Vincent,2017,"Animation,Drama,Mystery"
7.1,8654,Watchmen: Chapter I,2024,"Action,Animation,Drama"
7.1,4838,Watchmen: Chapter II,2024,"Action,Animation,Drama"
6.6,13070,"Kumiko, The Treasure Hunter",2014,Drama
7.4,324914,Sully,2016,"Biography,Drama,History"
7.1,16350,Trial by Fire,2018,"Biography,Drama"
7.4,2643,The Overnighters,2014,"Documentary,Drama"
7.6,7473,Red Army,2014,"Biography,Documentary,History"
7.2,1928,Merrily We Roll Along,2025,Musical
6.8,141690,The Rip,2026,"Action,Crime,Drama"
7.8,2057,Sandeham,2024,Drama
6.6,1788,Enzo,2025,Drama
6.8,3700,Blades of the Guardians,2026,"Action,Adventure,Drama"
7.1,1855,"Pulp: A Film About Life, Death & Supermarkets",2014,"Documentary,Music"
7.2,3219,Han Gong-ju,2013,"Crime,Drama"
6.9,2141,Full Meals,2025,Romance
6.7,3146,Crown Heights,2017,"Biography,Crime,Drama"
8.0,18606,The Internet's Own Boy: The Story of Aaron Swartz,2014,"Biography,Crime,Documentary"
7.5,3295,Unrest,2017,"Documentary,Drama,History"
8.0,10267,Requiem for the American Dream,2015,"Biography,Documentary,News"
7.3,3798,All Things Must Pass,2015,"Documentary,History,Music"
7.5,2033,Itlu Mee Cinema,2024,Drama
8.5,3995,Kaalam raasina kathalu,2024,Drama
7.2,2189,Tour de Force,2014,"Comedy,Drama"
7.7,7136,Leader,2026,"Action,Crime,Drama"
7.6,3129,Jaws @ 50: The Definitive Inside Story,2025,Documentary
8.1,1700,The Excursionist,2013,"Action,Drama"
7.1,13879,Sipahi,2024,Drama
6.6,24823,The Assessment,2024,"Drama,Sci-Fi"
6.7,2496,The Midnight Orchestra,2015,"Comedy,Drama,History"
7.4,4669,I Dream in Another Language,2017,"Drama,Fantasy,Romance"
7.6,4267,Last Days in Vietnam,2014,"Documentary,History,War"
6.7,2797,Diamonds,2024,"Comedy,Drama"
7.7,287271,Little Women,2019,"Drama,Romance"
8.4,80147,Demon Slayer: Kimetsu No Yaiba Infinity Castle,2025,"Action,Adventure,Animation"
7.4,1570,This Is the Tom Green Documentary,2025,Documentary
7.4,15825,Behzat Ç.: Ankara Is on Fire,2013,"Action,Crime,Drama"
7.0,6001,Are We OK?,2013,Drama
6.9,2586,Arabian Nights: Volume 1 - The Restless One,2015,Drama
7.4,2759,Janaka Aithe Ganaka,2024,Drama
7.1,25554,"Sorry, Baby",2025,"Comedy,Drama"
9.0,1717,Chitti - Potti,2024,"Drama,Family"
7.8,2011,Bohurupi,2024,"Action,Crime,Drama"
7.8,1740,Jama,2024,Drama
8.1,2703,A Brother and 7 Siblings,2024,"Drama,Family"
7.7,2419,Leave the World Behind,2014,"Documentary,Music"
7.0,2122,KA,2024,"Action,Thriller"
6.6,5274,Dominic and the Ladies' Purse,2025,"Comedy,Thriller"
7.2,1888,Yellow Letters,2026,Drama
7.1,2298,Once in a Lifetime,2014,"Comedy,Drama"
7.0,3352,Hidden Away,2014,"Drama,Romance"
6.8,167703,The Autopsy of Jane Doe,2016,"Horror,Mystery,Thriller"
8.2,7716,Jung Kook: I Am Still,2024,"Documentary,Music"
7.2,2833,Inside the Mind of a Dog,2024,Documentary
7.0,2121,Young Mothers,2025,Drama
7.6,210683,Marty Supreme,2025,"Comedy,Drama,Sport"
7.5,1602,Broken Vein,2025,"Crime,Drama,Thriller"
7.2,8179,Padakkalam,2025,Comedy
7.1,1546,Familiar Touch,2024,Drama
6.9,1538,Don't Let's Go to the Dogs Tonight,2024,"Drama,War"
6.7,4872,The Public,2018,Drama
7.6,7421,Shaunki Sardar,2025,Action
7.2,15803,Rams,2015,"Comedy,Drama"
8.5,3110,My Hero,2024,
7.2,4780,Dehset Bey,2025,"Action,Drama,Romance"
7.3,32517,The 12th Man,2017,"Drama,History,Thriller"
7.0,3602,Gezhi Town,2025,"Drama,War"
8.2,148572,Dhurandhar,2025,"Action,Crime,Thriller"
8.0,4412,We Girls,2025,"Crime,Drama"
7.5,2265,Average Student Nani,2024,Action
8.4,5620,Ocean with David Attenborough,2025,Documentary
7.3,2663,Love in the Big City,2024,"Comedy,Drama,Romance"
6.7,2242,Jane Wants a Boyfriend,2015,"Comedy,Drama,Romance"
6.7,8040,Boychoir,2014,"Drama,Music"
8.1,27463,Cowspiracy: The Sustainability Secret,2014,Documentary
7.1,2566,Stelios,2024,"Biography,Drama,Music"
7.2,1765,One to One: John & Yoko,2024,"Biography,Documentary,History"
7.9,2050,Seeking Haven for Mr. Rambo,2024,Drama
8.1,6695,The New Year That Never Came,2024,"Drama,History"
7.2,2273,The Ties That Bind Us,2024,Drama
6.6,17921,Am I Racist?,2024,"Comedy,Documentary"
6.8,4244,Sea Fog,2014,"Crime,Drama,Thriller"
6.8,7467,A Second Chance,2014,"Drama,Thriller"
7.8,1638,Karma,2024,"Action,Mystery,Thriller"
7.1,107895,The Drama,2026,"Comedy,Drama,Romance"
8.6,2241,Veeranjaneyulu Vihara Yatra,2024,Comedy
7.5,1960,Sangee,2025,Comedy
8.2,2432,Hide N Seek,2024,"Horror,Thriller"
7.0,2055,Veekshanam,2024,Thriller
6.6,3370,Saipan,2025,"Biography,Drama,History"
7.7,46445,Remarkably Bright Creatures,2026,"Comedy,Drama"
7.9,9003,The Class of '92,2013,"Documentary,Sport"
7.3,89137,Youth,2015,"Comedy,Drama,Music"
6.9,9906,Deep Web,2015,Documentary
8.4,2370,Coriolanus,2014,"Drama,History,War"
8.4,2074,Wedding Diaries,2024,"Drama,Family,Fantasy"
7.1,2651,Couple Friendly,2026,"Musical,Romance"
7.8,2079,Revu,2024,Thriller
8.1,935577,Logan,2017,"Action,Drama,Sci-Fi"
7.2,2101,Living Legends,2014,"Comedy,Drama,Romance"
7.5,151367,Still Alice,2014,Drama
8.9,34720,Attack on Titan: The Last Attack,2024,"Action,Adventure,Animation"
7.8,1733,She's Beautiful When She's Angry,2014,"Documentary,History"
8.0,7672,Ugramm,2014,"Action,Crime,Drama"
7.1,105500,Concussion,2015,"Biography,Drama,Sport"
8.1,71662,Queen,2013,"Adventure,Comedy,Drama"
7.4,3191,Philips and the Monkey Pen,2013,"Comedy,Drama,Family"
7.0,2372,Rewind,2024,Drama
7.6,2039,Speed 220,2024,Action
8.0,7056,Vaazha II: Biopic of a Billion Bros,2026,"Comedy,Drama"
6.9,3663,Interrogation,2025,Thriller
8.8,3084,Anaganaga,2025,
6.7,3288,Whitey: United States of America v. James J. Bulger,2014,"Biography,Crime,Documentary"
8.6,9263,Human,2015,Documentary
8.2,2048,#Lifestories,2024,Drama
7.0,2051,Mathu Vadalara 2,2024,"Action,Comedy,Crime"
7.2,7189,Mura,2024,"Action,Drama"
7.1,6121,Ronth,2025,Drama
7.2,22145,Tuner,2025,"Crime,Drama,Music"
7.4,2038,Nandhan,2024,Drama
7.1,2913,Yagna,2024,"Horror,Thriller"
7.1,3312,Black,2024,"Horror,Mystery,Sci-Fi"
6.9,18366,Borbaad,2025,"Action,Romance,Thriller"
6.6,1700,A Great Awakening,2026,"Drama,History"
7.9,12400,Court - State Vs. A Nobody,2025,Drama
6.7,4983,Imperial Dreams,2014,Drama
7.3,22246,The Furious,2025,"Action,Crime,Thriller"
7.4,11293,Stand by Me Doraemon,2014,"Animation,Comedy,Drama"
7.1,3519,Thirumalai,2003,"Action,Romance"
7.0,7537,Bharat Bhhagya Viddhaata,2026,"Drama,Thriller"
7.5,1563,Stopping the Steal,2024,Documentary
7.1,5252,Fussclass Dabhade,2025,Drama
7.6,2074,The Bibi Files,2024,"Biography,Documentary"
8.2,4052,Dan Da Dan: First Encounter,2024,"Action,Animation,Comedy"
7.1,2061,Silent Heart,2014,Drama
6.6,5566,Carolina Caroline,2025,"Crime,Drama,Romance"
7.6,22115,Lokah Chapter One: Chandra,2025,"Action,Fantasy"
7.5,6426,Rahasya,2015,"Mystery,Thriller"
6.8,2234,The Love That Remains,2025,"Comedy,Drama,Family"
7.6,2297,Ejen Ali: The Movie 2,2025,"Action,Adventure,Animation"
6.6,4216,You Are the Apple of My Eye,2024,"Comedy,Drama,Romance"
7.3,2583,The Son of a Thousand Men,2025,Drama
6.9,4624,Storm Boy,2019,"Drama,Family"
7.8,2099,Killa,2014,"Comedy,Drama"
8.7,17605,Solo Leveling: ReAwakening,2024,"Action,Adventure,Animation"
6.7,9734,The Secret Scripture,2016,"Drama,Romance"
6.8,5975,Parasyte: Part 1,2014,"Action,Drama,Horror"
6.9,4262,Antidote,2014,"Action,Crime,Drama"
7.1,6241,Like Aani Subscribe,2024,Mystery
6.9,25526,Dügün Dernek,2013,Comedy
7.0,11644,The Menendez Brothers,2024,"Crime,Documentary"
7.2,4669,KalamKaval,2025,"Crime,Drama"
6.6,1992,Naa Ninna Bidalaare,2024,Thriller
7.2,2218,Gangster,2024,Drama
7.1,5536,Love Untangled,2025,"Comedy,Drama,Romance"
6.6,4138,Good News,2025,"Action,Comedy,Crime"
6.8,4917,Money Electric: The Bitcoin Mystery,2024,Documentary
6.7,2054,Speed Walking,2014,"Drama,History"
6.8,51736,Tolkien,2019,"Biography,Drama,Romance"
8.0,3284,The Reincarnate,2014,"Biography,Drama,History"
7.0,8248,Breathe,2014,Drama
6.9,3058,Angry Indian Goddesses,2015,"Comedy,Crime,Drama"
6.6,31272,Max,2015,"Adventure,Drama,Family"
7.6,2279,Eesaraina!?,2024,Drama
7.5,2753,Euphoria,2026,Drama
7.1,9401,The Mafia Kills Only in Summer,2013,"Comedy,Crime,Drama"
8.5,394548,The Odyssey,2026,"Action,Adventure,Fantasy"
6.6,2029,Kallu Compound 1995,2024,"Action,Family"
8.5,1859,Uruttu Factory,2024,Documentary
6.8,496407,X-Men: Apocalypse,2016,"Action,Adventure,Sci-Fi"
7.2,41807,Stan & Ollie,2018,"Biography,Comedy,Drama"
7.1,1542,Punyalan Agarbattis,2013,Comedy
6.9,17820,A United Kingdom,2016,"Biography,Drama,History"
7.4,2784,The Great Pre-Wedding Show,2025,
8.0,61483,Haider,2014,"Action,Crime,Drama"
8.3,10248,Ulidavaru Kandanthe,2014,"Crime,Drama,Thriller"
6.8,4307,Maargan,2025,"Crime,Thriller"
6.7,34262,Spring,2014,"Drama,Horror,Romance"
7.6,3154,O21,2014,"Action,Thriller"
7.2,1663,Saa'a wi Nos,2012,Drama
6.7,2847,Stefan Zweig: Farewell to Europe,2016,"Biography,Drama,History"
7.7,546078,Sicario,2015,"Action,Crime,Drama"
7.6,56013,When Marnie Was There,2014,"Animation,Drama,Family"
7.2,3195,Beatles '64,2024,"Documentary,Music"
6.7,18054,Samba,2014,"Comedy,Drama,Romance"
7.4,1803,Megan Thee Stallion: In Her Words,2024,Documentary
7.2,1843,No No: A Dockumentary,2014,"Biography,Documentary,Sport"
8.4,3136,Mannu Kya Karegga,2025,"Drama,Romance"
6.8,2992,Tazza: The Hidden Card,2014,"Crime,Drama"
7.7,8564,The Attorney,2013,"Crime,Drama,History"
6.8,7370,The Suspect,2013,"Action,Drama,Thriller"
6.6,55207,Raees,2017,"Action,Crime,Drama"
8.8,3144,Gandhi Tatha Chettu,2025,Drama
7.0,3802,The Lost Children,2024,Documentary
7.1,19068,Timbuktu,2014,"Drama,War"
6.7,4782,The Surprise,2015,"Comedy,Romance"
6.7,7804,Zama,2017,"Drama,History"
6.8,10121,Rocky Handsome,2016,"Action,Crime,Drama"
6.7,71932,Ferdinand,2017,"Adventure,Animation,Comedy"
7.1,3785,Tamako Love Story,2014,"Animation,Comedy,Drama"
7.6,2479,Return of the King: The Fall and Rise of Elvis Presley,2024,"Documentary,Music"
7.4,99471,A Monster Calls,2016,"Adventure,Drama,Family"
7.6,215083,What We Do in the Shadows,2014,"Comedy,Horror"
7.2,34949,The End of the Tour,2015,"Biography,Drama"
6.6,2061,Faces,2026,"Mystery,Romance,Thriller"
8.4,49458,Drishyam,2013,"Crime,Drama,Mystery"
6.7,8340,Shrew's Nest,2014,"Drama,Horror,Thriller"
7.7,1861,The Sinking of Van Der Wijck,2013,"Drama,Romance"
6.8,1566,Enemies,2025,Drama
6.6,2805,The Divine Move,2014,"Action,Crime,Drama"
6.9,113129,Finch,2021,"Adventure,Drama,Sci-Fi"
7.3,9105,April and the Extraordinary World,2015,"Adventure,Animation,Comedy"
7.4,2118,The Thin Yellow Line,2015,"Adventure,Drama"
7.4,1990,Bir Cumhuriyet Sarkisi,2024,"Biography,Drama,History"
7.9,2431,Pannaiyarum Padminiyum,2014,"Comedy,Drama"
7.6,2520,Yacht Rock: A Dockumentary,2024,"Documentary,Music"
6.6,3592,Schneider vs. Bax,2015,"Comedy,Thriller"
6.6,3116,SK1,2014,"Crime,Drama"
7.7,2262,6 Days,2025,"Drama,Romance"
6.7,8387,Buy Now! The Shopping Conspiracy,2024,Documentary
8.5,48404,Mahavatar Narsimha,2024,"Action,Animation,Drama"
7.1,4446,Subham,2025,"Comedy,Horror"
6.9,2772,Mukadderat,2024,"Comedy,Drama"
7.4,3188,Malibu Crush,2022,Comedy
6.8,15254,Heel,2025,"Crime,Drama,Horror"
7.0,10346,I Can Quit Whenever I Want,2014,"Comedy,Crime"
7.5,12297,Officer on Duty,2025,"Action,Crime,Thriller"
6.8,1929,The Lychee Road,2025,"Comedy,Drama,History"
8.5,3521,Dama Dum Mast Kalandar,2026,"Comedy,Drama"
8.0,2114,The ShortCut,2024,Action
6.8,24979,Abducted in Plain Sight,2017,"Crime,Documentary"
7.9,4976,The Battered Bastards of Baseball,2014,"Documentary,Sport"
7.6,1862,Time Pass,2014,"Comedy,Fantasy,Romance"
7.6,25759,Detective Byomkesh Bakshy!,2015,"Crime,Drama,Mystery"
7.0,33703,Matilda: The Musical,2022,"Comedy,Drama,Family"
8.0,21375,Manjhi: The Mountain Man,2015,"Biography,Drama"
7.9,4058,Dear Krishna,2025,Drama
7.4,329185,War for the Planet of the Apes,2017,"Action,Adventure,Drama"
6.6,3141,Francofonia,2015,"Drama,History"
6.6,1663,Something Must Break,2014,"Drama,Romance"
8.3,2234,Risk(The game of youth),2026,
7.5,5621,Sore: A Wife from the Future,2025,"Drama,Fantasy,Romance"
6.7,2144,Detective Conan: The Sniper from Another Dimension,2014,"Action,Adventure,Animation"
8.1,12837,Virunga,2014,"Documentary,War"
8.0,3735,Night Will Fall,2014,"Documentary,History,War"
7.8,728184,The Hateful Eight,2015,"Crime,Drama,Mystery"
7.0,13713,The Shadow's Edge,2025,"Action,Crime,Drama"
8.0,31309,The Blue Elephant,2014,"Crime,Drama,Horror"
6.8,2998,Finders Keepers,2015,Documentary
6.8,4325,Sukhibavaa,2026,Drama
6.9,5749,Madly,2025,"Comedy,Romance"
8.7,2182,Drinker Sai,2024,Drama
6.8,1994,Saint Mary,2001,"Biography,Drama,History"
7.1,336820,The Lobster,2015,"Drama,Romance,Sci-Fi"
7.4,4771,Stations of the Cross,2014,Drama
6.7,2189,Vaayai Moodi Pesavum,2014,"Comedy,Drama,Romance"
6.7,10375,"Black Coal, Thin Ice",2014,"Crime,Drama,Mystery"
7.3,1513,Jack,2014,Drama
7.2,1817,Blind Massage,2014,Drama
7.1,215642,Sing,2016,"Animation,Comedy,Family"
7.6,4115,Little Forest: Summer/Autumn,2014,Drama
7.6,3370,Little Forest: Winter/Spring,2015,Drama
6.8,3466,Casa Grande,2014,"Drama,Romance"
7.0,4212,10 Dance,2025,"Drama,Music,Romance"
7.3,7087,Only You,2014,"Action,Drama,Romance"
7.1,15216,My King,2015,"Drama,Romance"
6.7,3188,Nishaanchi,2025,"Action,Crime,Drama"
7.2,3644,Case 137,2025,"Crime,Drama"
6.6,485133,Black Widow,2021,"Action,Adventure,Sci-Fi"
6.9,2359,"You're Sleeping, Nicole",2014,"Comedy,Drama"
6.8,8026,Hamari Adhuri Kahani,2015,"Drama,Romance"
6.6,1866,Mediterranea,2015,Drama
7.9,2436,Pranaya Godari,2024,"Action,Romance"
6.6,7720,Head Full of Honey,2014,"Comedy,Drama,Family"
7.3,10788,La Grazia,2025,Drama
7.3,142089,The Walk,2015,"Adventure,Biography,Drama"
7.1,1677,I Can Only Imagine 2,2026,"Biography,Drama,Music"
8.2,16124,Tourist Family,2025,"Comedy,Drama"
6.9,2280,Next to Me,2015,"Comedy,Drama"
7.2,2185,Pratyartha,2025,"Comedy,Romance,Thriller"
7.1,1971,Maspalomas,2025,Drama
7.3,15753,Mardaani,2014,"Action,Crime,Drama"
6.8,53943,Fan,2016,"Action,Drama,Thriller"
7.4,22668,Dum Laga Ke Haisha,2015,"Comedy,Drama,Romance"
7.9,25482,Ne Zha 2,2025,"Action,Adventure,Animation"
6.9,1913,Trimukha,2026,Thriller
7.1,33242,The Perfect Neighbor,2025,"Crime,Documentary,Drama"
7.4,4919,For Some Inexplicable Reason,2014,"Comedy,Drama"
7.3,2410,DJ Ahmet,2025,"Comedy,Drama"
8.4,4736,2000 Meters to Andriivka,2025,"Documentary,War"
7.4,12450,Mr. Nobody Against Putin,2025,Documentary
7.0,2467,Prime Minister,2025,Documentary
7.5,3298,Come See Me in the Good Light,2025,"Biography,Documentary,Family"
6.8,5111,The Christophers,2025,"Comedy,Drama"
7.6,3167,"It's Never Over, Jeff Buckley",2025,"Biography,Documentary,Music"
8.3,4019,Dhandoraa,2025,Drama
7.8,941773,Captain America: Civil War,2016,"Action,Sci-Fi"
7.5,6000,Gueros,2014,"Comedy,Drama"
7.1,44215,Race,2016,"Biography,Drama,Sport"
8.1,6274,Epic: Elvis Presley in Concert,2025,"Biography,Documentary,Music"
7.8,3023,The Teacher's Diary,2014,"Comedy,Drama,Romance"
7.2,8874,Assassination,2015,"Action,Drama,Thriller"
7.9,906760,Thor: Ragnarok,2017,"Action,Adventure,Comedy"
7.3,1931,Hawaa Hawaai,2014,"Drama,Family,Sport"
9.3,5792,Mission C1000,2026,Action
6.8,1894,Oru Indian Pranayakatha,2013,"Drama,Romance"
6.7,40134,Housebound,2014,"Comedy,Horror,Mystery"
6.7,1530,Kidnapping of Michel Houellebecq,2014,"Comedy,Drama"
6.8,1766,Steve McQueen: The Man & Le Mans,2015,Documentary
7.5,2051,Brat,2025,
7.6,26475,Cocktail 2,2026,"Comedy,Drama,Romance"
6.8,3064,Barabar Premistha,2026,Drama
7.5,1597,Night Flight,2014,Drama
7.7,3373,1983,2014,"Drama,Sport"
6.7,3534,I'm Not Angry!,2014,"Drama,Romance"
7.5,5435,Excuse My French,2014,"Comedy,Drama"
6.6,1519,Misunderstood,2014,Drama
6.6,2122,The Last Shaman,2016,"Adventure,Documentary,Drama"
7.5,3193,Stop at Nothing: The Lance Armstrong Story,2014,"Biography,Documentary,Sport"
7.1,2347,125 Years Memory,2015,"Drama,History"
6.9,2054,S Is for Stanley,2015,"Biography,Documentary,Drama"
6.9,51297,Chip 'n Dale: Rescue Rangers,2022,"Action,Adventure,Animation"
7.5,107945,Richard Jewell,2019,"Biography,Crime,Drama"
7.4,1584,Neerukulla 35km,2025,Thriller
8.8,3118,Vaaradhi,2024,Drama
7.2,4780,Miss Granny,2014,"Comedy,Drama,Fantasy"
7.7,7201,Ohm Shanthi Oshaana,2014,"Comedy,Romance"
7.6,6763,Best of Enemies: Buckley vs. Vidal,2015,"Biography,Documentary,History"
7.2,2561,Harmontown,2014,Documentary
6.9,4957,Fair Haven,2016,Drama
7.3,172565,The Disaster Artist,2017,"Biography,Comedy,Drama"
8.3,15016,The Look of Silence,2014,"Biography,Documentary,History"
7.6,448175,Moana,2016,"Adventure,Animation,Comedy"
7.5,5994,Kokuho,2025,Drama
7.0,1711,Ghost Elephants,2025,Documentary
8.1,4067,Balan: The Boy,2026,"Drama,Mystery,Thriller"
7.0,1626,Tales,2014,Drama
7.2,6973,Adolf Hitler: The Greatest Story Never Told,2013,"Biography,Documentary,History"
6.6,1693,Dollhouse,2025,"Drama,Horror,Mystery"
7.2,4631,My Little Pony: Equestria Girls - Rainbow Rocks Animated,2014,"Adventure,Animation,Comedy"
7.8,6201,Latin Blood: The Ballad of Ney Matogrosso,2025,"Biography,Drama,Music"
7.7,4082,Feels Like Home,2025,"Drama,Thriller"
7.8,6507,The Alabama Solution,2025,Documentary
6.7,1672,"Hussein, Who Said No",2014,"Drama,History,War"
7.2,235293,American Made,2017,"Action,Comedy,Crime"
6.8,2882,Brothers of the Wind,2015,"Adventure,Drama,Family"
7.2,4398,The Fluffy Movie: Unity Through Laughter,2014,"Comedy,Documentary"
7.0,4267,The Blue Trail,2025,"Drama,Sci-Fi"
7.1,1829,We Are Twisted Fucking Sister!,2014,"Biography,Comedy,Documentary"
7.1,4763,Messi,2014,"Biography,Documentary,Sport"
7.2,4230,Dior and I,2014,Documentary
6.7,1928,Kotigobba 2,2016,"Action,Drama,Thriller"
7.1,14213,The Admiral: Roaring Currents,2014,"Action,Drama,History"
7.6,1828,Bou Buttu Bhuta,2025,"Horror,Thriller"
6.6,7248,April 9th,2015,"Drama,History,War"
6.6,1726,The Encampments,2025,Documentary
6.6,3987,Akron,2015,"Drama,Romance"
7.1,36812,45 Years,2015,"Drama,Romance"
7.9,108631,Sing Street,2016,"Comedy,Drama,Music"
6.7,5024,Belgica,2016,"Drama,Music"
6.6,1584,Detective Conan: One-Eyed Flashback,2025,"Action,Animation,Mystery"
8.0,1557,Conan O'Brien: The Kennedy Center Mark Twain Prize for American Humor,2025,Comedy
7.9,2076,Sahakutumbaanam,2025,
7.8,1627,Road,2014,"Biography,Documentary,Sport"
7.3,31528,The Bélier Family,2014,"Comedy,Drama,Music"
6.7,2483,Kontinental '25,2025,"Comedy,Drama"
7.1,3443,Nas: Time Is Illmatic,2014,"Biography,Documentary,History"
7.3,5071,Sundays,2025,"Drama,Thriller"
7.0,5034,Dridam,2026,"Crime,Drama,Thriller"
6.9,2401,Raiders!: The Story of the Greatest Fan Film Ever Made,2015,Documentary
6.9,4355,The Baltimorons,2025,"Comedy,Drama,Romance"
6.8,5077,The Age of Disclosure,2025,Documentary
7.1,2750,Two Prosecutors,2025,"Biography,Crime,Drama"
7.7,11156,Nirvanna the Band the Show the Movie,2025,"Adventure,Comedy,Sci-Fi"
7.2,4802,Vash Level 2,2025,"Horror,Thriller"
6.6,59223,Whiskey Tango Foxtrot,2016,"Biography,Comedy,Drama"
7.8,252480,Captain Fantastic,2016,"Adventure,Comedy,Drama"
6.7,1604,Broken,2014,"Action,Drama,Thriller"
7.0,2107,Print the Legend,2014,"Biography,Documentary,Drama"
7.9,18709,The Fool,2014,"Crime,Drama,Thriller"
6.6,1824,The Dinner,2014,Drama
7.9,16147,Kesari Chapter 2: The Untold Story of Jallianwala Bagh,2025,"Drama,History"
6.6,1560,Shakthi Thirumagan,2025,"Action,Drama,Thriller"
6.8,4793,Being Eddie,2025,"Biography,Documentary"
6.7,10906,Titan: The OceanGate Disaster,2025,Documentary
7.6,3362,Thegidi,2014,"Crime,Mystery,Thriller"
8.3,1504,Aikatsu! The Movie,2014,"Adventure,Animation,Comedy"
6.6,2924,The Dinner,2025,"Comedy,Drama,History"
7.6,1553,Dashavatar,2025,"Action,Adventure,Drama"
7.0,4512,Songs My Brothers Taught Me,2015,Drama
8.2,2397,Kattalan,2026,"Action,Crime,Drama"
6.7,54638,Hokum,2026,"Horror,Thriller"
7.0,4827,The Witness,2015,"Biography,Crime,Documentary"
7.7,5163,Sirai,2025,Thriller
6.9,225905,Legend,2015,"Biography,Crime,Drama"
7.3,2388,My Father's Shadow,2025,Drama
8.2,14889,Jigarthanda,2014,"Comedy,Crime,Drama"
6.9,8809,Jai Mata Ji: Let's Rock,2025,Drama
7.6,2664,Andrew Schulz: Life,2025,"Comedy,Documentary"
6.8,4897,Urchin,2025,Drama
7.7,4672,Idhayam Murali,2026,"Comedy,Drama,Romance"
6.9,1934,The Search for General Tso,2014,"Comedy,Documentary,History"
6.8,1765,Point and Shoot,2014,Documentary
7.2,4802,Zero Motivation,2014,"Comedy,Drama"
6.7,10597,Goodbye June,2025,Drama
7.5,19355,Bilal: A New Breed of Hero,2015,"Action,Adventure,Animation"
6.8,24731,A Perfect Day,2015,"Comedy,Drama,War"
6.7,4264,Korengal,2014,"Biography,Documentary,History"
7.1,3219,Ghost in the Shell: Arise - Border 3: Ghost Tears,2014,"Action,Animation,Sci-Fi"
6.9,2037,The Land of Oz,2015,Comedy
6.6,2266,Hot Young Bloods,2014,"Comedy,Drama,Romance"
7.1,144570,West Side Story,2021,"Crime,Drama,Musical"
9.5,1771,Hey Chikittha,2026,
7.6,3624,Only the Dead,2015,"Biography,Documentary,History"
6.8,5117,The Twister: Caught in the Storm,2025,Documentary
6.6,2189,100 Days Love Story,2026,"Action,Horror,Thriller"
8.4,3233,Bey Yaar,2014,"Comedy,Drama,Family"
8.7,3440,Pelli Kaani Prasad,2025,Drama
7.0,2246,The Postman's White Nights,2014,Drama
8.3,2316,Ozzy Osbourne: No Escape from Now,2025,"Biography,Documentary,Music"
7.3,2816,Siko Siko,2025,"Comedy,Crime,Thriller"
7.0,5136,Another You,2025,"Comedy,Romance"
6.6,3470,Con Mum,2025,"Crime,Documentary"
7.5,1701,Behavior,2014,Drama
6.9,2405,Out of Nature,2014,"Comedy,Drama"
7.0,2200,Ugly Story,2026,"Drama,Thriller"
7.8,2300,Ghich Pich,2025,Drama
6.7,155805,Cars 3,2017,"Adventure,Animation,Comedy"
7.5,375878,Incredibles 2,2018,"Action,Adventure,Animation"
7.3,37274,A Street Cat Named Bob,2016,"Biography,Drama,Family"
8.0,2035,1000 Waala,2025,"Action,Drama"
8.3,3113,Punjab 1984,2014,"Drama,Family,History"
8.5,2065,Artiste,2025,"Drama,Thriller"
7.2,2105,Chokkor 302,2025,"Mystery,Thriller"
8.0,65976,Mommy,2014,Drama
7.9,13871,Ankhon Dekhi,2013,"Comedy,Drama"
7.4,1945,Iron Maiden: Burning Ambition,2026,"Biography,Documentary,History"
6.6,46684,The Wave,2015,"Action,Drama,Thriller"
8.4,2367,Paanch Minar,2025,"Comedy,Thriller"
6.6,2095,Anaganaga Australia Lo,2025,"Action,Comedy,Crime"
8.4,2065,Raju Gari Dongalu,2025,Crime
7.1,15738,Kilo Two Bravo,2014,"Biography,Drama,Thriller"
7.1,6444,The Stranger,2025,"Crime,Drama"
7.4,1610,Mr. Dynamite: The Rise of James Brown,2014,"Biography,Documentary,Music"
7.5,2307,Nowitzki: The Perfect Shot,2014,"Biography,Documentary,Sport"
6.8,2185,Burn Burn Burn,2015,"Comedy,Drama"
7.6,3733,Taandob,2025,"Action,Thriller"
6.9,5997,Dies Irae,2025,"Horror,Thriller"
8.6,2456,Hadestown: The Musical,2026,"Music,Musical"
6.8,3886,Oklahoma City Bombing: American Terror,2025,"Crime,Documentary"
6.6,2158,Mana Iddari Prema Katha,2025,Drama
7.0,9792,Closet Monster,2015,"Drama,Fantasy,Mystery"
7.2,1520,White Sun,2016,"Adventure,Drama"
7.1,181150,Allied,2016,"Action,Drama,Romance"
7.2,2635,Life Eternal,2015,"Comedy,Crime"
7.8,2342,Dan Da Dan: Evil Eye,2025,"Action,Animation,Sci-Fi"
6.7,3994,Raakaasa,2026,"Comedy,Fantasy,Horror"
7.8,1716,Madras Matinee,2025,Drama
8.1,1561,Shiva Shambho,2025,"Fantasy,Horror,Thriller"
9.0,2096,Bol Bol Rani,2026,"Mystery,Thriller"
7.4,62574,Predator: Killer of Killers,2025,"Action,Adventure,Animation"
8.3,5191,My Mom Jayne,2025,"Biography,Documentary,Family"
7.7,14626,Let's Sin,2014,"Action,Crime,Drama"
7.7,4621,Attack on Titan: Crimson Bow and Arrow,2014,"Action,Adventure,Animation"
7.9,4451,Attack on Titan: The Wings of Freedom,2015,"Action,Animation,Fantasy"
7.4,3581,Our Girls,2025,"Drama,Thriller"
7.1,3263,The Last One for the Road,2025,"Comedy,Crime,Drama"
7.4,38257,It Was Just an Accident,2025,"Crime,Drama,Mystery"
6.7,6289,Fire at Sea,2016,Documentary
7.9,5417,A Poet,2025,"Comedy,Drama"
7.1,1908,Art and Craft,2014,Documentary
6.7,1520,My Daughter Is a Zombie,2025,"Comedy,Drama,Fantasy"
6.6,5644,Dairy Philosopher,2014,Comedy
6.9,10603,Girlhood,2014,Drama
6.8,4026,The Olive Tree,2016,"Comedy,Drama"
6.9,3162,Kadukka,2025,Comedy
7.6,4381,The President's Cake,2025,Drama
7.1,2733,Aaromaley,2025,"Comedy,Drama,Romance"
6.6,8042,A Deadly American Marriage,2025,"Crime,Documentary"
8.0,1024752,The Martian,2015,"Adventure,Drama,Sci-Fi"
7.6,3654,Dead to Rights,2025,"Drama,History,War"
7.9,2165,September 21,2026,Drama
7.2,4358,Monkey Kingdom,2015,Documentary
7.1,90216,The Dig,2021,"Biography,Drama,History"
6.6,14272,The One and Only Ivan,2020,"Adventure,Comedy,Drama"
7.7,10877,Eko,2025,"Adventure,Mystery,Thriller"
7.0,3566,A Girl at My Door,2014,Drama
6.9,3610,7th Day,2014,"Mystery,Thriller"
7.0,7224,Heartstopper Forever,2026,"Drama,Romance"
8.2,1556,A L C C (O Universal Bachelor),2025,Drama
8.6,14529,Ohh My Dog,2026,"Drama,Family,Mystery"
7.3,7494,Sambhavam Adhyayam Onnu,2026,Thriller
6.9,2079,I Am Frankelda,2025,"Animation,Family,Fantasy"
7.8,16754,Haq,2025,Drama
7.5,42516,The Red Turtle,2016,"Animation,Drama,Family"
6.6,1640,A Grain of Truth,2015,"Crime,Thriller"
8.3,28535,Bangalore Days,2014,"Comedy,Drama,Musical"
7.5,14321,Holding the Man,2015,"Biography,Drama,History"
8.2,4687,Guru Nanak Jahaz,2025,History
6.7,31310,Turbo Kid,2015,"Action,Adventure,Comedy"
7.8,2599,Nobody,2025,"Animation,Comedy,Drama"
8.4,25469,The Salt of the Earth,2014,"Biography,Documentary,History"
6.6,6015,The Big Fake,2025,"Drama,History"
7.6,2615,Wick Is Pain,2025,Documentary
7.6,4068,Merchants of Doubt,2014,Documentary
7.3,2615,An Open Secret,2014,"Crime,Documentary"
8.3,2538,Krantijyoti Vidyalay Marathi Madhyam,2026,
7.4,28991,Badlapur,2015,"Action,Crime,Drama"
7.7,5794,Bakasura Restaurant,2025,Comedy
7.2,4471,Last Cab to Darwin,2015,"Adventure,Comedy,Drama"
7.3,4213,Uttama Villain,2015,"Comedy,Drama,Musical"
7.6,1931,Mundasupatti,2014,"Comedy,Drama,Romance"
7.6,346476,Bridge of Spies,2015,"Drama,History,Thriller"
6.7,1738,Gail Daughtry and the Celebrity Sex Pass,2026,Comedy
8.8,2002,Gopi Galla Goa Trip (3GT),2025,"Adventure,Comedy,Drama"
6.7,1689,Felix and Meira,2014,"Drama,Romance"
6.7,5957,Trainwreck: The Astroworld Tragedy,2025,Documentary
7.9,12562,The Red Pill,2016,Documentary
6.8,10569,Heaven Knows What,2014,"Crime,Drama"
9.3,2061,Krishna Leela,2025,
6.7,3758,Miss Hokusai,2015,"Animation,Biography,Drama"
6.9,3230,TTT: Thalaivar Thambi Thalaimaiyil,2026,"Action,Comedy,Drama"
7.3,1977,"The Other One: The Long, Strange Trip of Bob Weir",2014,"Biography,Documentary,Music"
7.2,2562,Paranthu Po,2025,Comedy
8.5,6156,MST - Terra Prometida,2025,Documentary
8.2,20422,The Voice of Hind Rajab,2025,"Biography,Drama,War"
7.4,1541,Virgin Boys,2025,"Comedy,Romance"
7.9,2705,Jujutsu Kaisen: Hidden Inventory / Premature Death - The Movie,2025,"Action,Animation,Fantasy"
6.8,2616,I'm Chevy Chase and You're Not,2025,"Biography,Documentary"
8.2,1924,Kabaddi,2014,"Comedy,Drama,Romance"
7.5,4360,"The Rise of the Red Hot Chili Peppers: Our Brother, Hillel",2026,"Documentary,History,Music"
6.7,7944,No Tears for the Dead,2014,"Action,Crime,Drama"
7.2,18758,A Hard Day,2014,"Action,Crime,Thriller"
7.3,37453,Coming Soon,2014,"Comedy,Drama,Romance"
7.4,1554,Frozen: The Hit Broadway Musical,2025,"Adventure,Comedy,Family"
7.5,8515,Heidi,2015,"Drama,Family"
7.4,3037,Grenfell: Uncovered,2025,Documentary
7.0,1761,The Bus: A French Football Mutiny,2026,"Documentary,Sport"
8.4,3393,Utshob,2025,"Comedy,Drama,Family"
7.5,30010,Remember,2015,"Drama,Mystery,Thriller"
7.3,263840,Elvis,2022,"Biography,Drama,Music"
6.6,26337,Brain on Fire,2016,"Biography,Drama"
7.4,5867,Janis: Little Girl Blue,2015,"Biography,Documentary,Music"
7.3,5864,CityLights,2014,"Drama,Thriller"
8.1,4034,Sathuranga Vettai,2014,"Crime,Thriller"
6.8,3243,Kukhnya v Parizhe,2014,"Comedy,Romance"
7.7,1970,The Long Road to War,2018,Documentary
6.6,15744,The Hollars,2016,"Comedy,Drama,Romance"
6.6,70900,Irrational Man,2015,"Comedy,Crime,Drama"
6.7,6256,Atari: Game Over,2014,Documentary
6.9,1918,Bakuman,2015,"Comedy,Drama"
7.8,1969,Sky,2026,Drama
7.6,2393,Chennai Love Story,2026,"Drama,Romance"
7.1,74869,Elle,2016,"Action,Crime,Drama"
7.6,5794,Court,2014,Drama
7.6,21082,The Last: Naruto the Movie,2014,"Action,Adventure,Animation"
7.4,2174,Sakaal Tar Hou Dya,2025,Drama
7.2,9092,My All-American,2015,"Biography,Drama,Sport"
6.9,3327,The Great Hypnotist,2014,"Drama,Mystery,Thriller"
6.8,10154,The Disappearance of Eleanor Rigby: Her,2013,"Drama,Romance"
7.3,1833,National Gallery,2014,Documentary
7.0,50206,American Honey,2016,"Adventure,Drama,Romance"
7.6,25957,Maudie,2016,"Biography,Drama,Romance"
6.7,34926,The Lady in the Van,2015,"Biography,Comedy,Drama"
9.1,2082,Paderu 12Mile,2025,"Action,Thriller"
6.6,20959,Experimenter,2015,"Biography,Drama,History"
6.9,1843,The History of Time Travel,2014,"Drama,Sci-Fi"
9.2,2570,Missterious,2025,"Mystery,Romance,Thriller"
8.0,1855,The Legend of Hei 2,2025,"Action,Adventure,Animation"
7.9,316118,Obsession,2025,"Horror,Romance,Thriller"
6.7,377582,Kong: Skull Island,2017,"Action,Adventure,Fantasy"
6.9,1618,Hill of Freedom,2014,Drama
8.1,9191,Main Vaapas Aaunga,2026,"Comedy,Drama,History"
7.1,1651,How Old Are You?,2014,Drama
7.3,42826,Bajirao Mastani,2015,"Action,Drama,History"
7.4,4484,Svadba,2026,Comedy
6.7,2103,Thank You Dear,2025,"Drama,Romance"
9.0,1772,Paramapadha Sopanam,2025,"Action,Crime,Thriller"
6.8,1934,Tetarti 04:45,2015,"Crime,Drama,Thriller"
7.0,3060,So Long Valley,2025,Crime
6.9,7093,Mountains May Depart,2015,"Drama,Romance"
6.7,10769,The Leisure Seeker,2017,"Adventure,Comedy,Drama"
8.0,268215,Lion,2016,"Biography,Drama"
7.3,1504,Awake: The Life of Yogananda,2014,Documentary
7.2,15051,NH 10,2015,"Action,Crime,Drama"
7.8,19547,The Second Mother,2015,"Comedy,Drama"
6.7,2044,Pali Road,2015,"Drama,Fantasy,Mystery"
6.6,5083,Raat Akeli Hai: The Bansal Murders,2025,Drama
7.6,8348,Bogowie,2014,"Biography,Drama"
7.2,1509,Tapassi,2025,Drama
6.8,5938,Kara,2026,"Action,Crime,Drama"
6.9,2460,Gatta Kusthi 2,2026,"Comedy,Drama,Romance"
7.6,5719,Sherpa,2015,Documentary
7.3,7649,Hitchcock/Truffaut,2015,Documentary
7.8,763072,Rogue One: A Star Wars Story,2016,"Action,Adventure,Sci-Fi"
7.5,2594,Jigris,2025,
8.5,3598,DC,2026,"Action,Crime,Drama"
7.2,45270,The Wife,2017,Drama
7.6,2787,Dearest,2014,Drama
7.4,11155,Yan Yana,2025,"Comedy,Drama"
7.0,2364,Belén,2025,"Crime,Drama"
7.6,2979,Mohiniyattam,2026,"Comedy,Crime,Mystery"
7.3,14807,Truman,2015,"Comedy,Drama"
7.6,19209,Our Little Sister,2015,"Drama,Family"
6.7,72228,Jungle,2017,"Adventure,Biography,Drama"
6.6,7434,Ashes in the Snow,2018,"Drama,History,Romance"
6.9,17132,Astérix: The Mansions of the Gods,2014,"Adventure,Animation,Comedy"
7.5,2421,S4: The Bob Lazar Story,2026,Documentary
7.1,5898,Betting on Zero,2016,Documentary
7.6,7970,Su from So,2025,"Comedy,Horror"
6.8,1908,Jim Jefferies: Two Limb Policy,2025,"Comedy,Documentary,Talk-Show"
6.7,2475,A Noble Intention,2015,"Drama,History"
6.7,2359,Amongst Bees,2015,"Comedy,Drama,Fantasy"
6.6,7414,Warsaw 44,2014,"Drama,History,Romance"
7.5,4032,Cover-Up,2025,Documentary
6.7,232183,The Equalizer 2,2018,"Action,Crime,Mystery"
6.6,23566,"Hello, My Name Is Doris",2015,"Comedy,Drama,Romance"
7.6,37149,Piku,2015,"Comedy,Drama"
6.7,22300,Unknown Number: The High School Catfish,2025,"Crime,Documentary"
7.1,1545,Stiller & Meara: Nothing Is Lost,2025,"Biography,Documentary"
7.0,1684,The Brainwashing of My Dad,2015,Documentary
7.0,1515,She's Dating the Gangster,2014,"Comedy,Drama,Romance"
7.7,6223,29,2026,"Comedy,Drama,Romance"
7.3,173982,Snowden,2016,"Biography,Crime,Drama"
7.0,17666,They Call Me Jeeg Robot,2015,"Action,Comedy,Drama"
6.7,8936,I Am a Hero,2015,"Action,Comedy,Horror"
6.6,1754,Wir sind die Neuen,2014,Comedy
6.6,1927,Sleeping Giant,2015,"Adventure,Drama"
6.6,2010,Bear with Us,2016,Comedy
6.9,413375,Solo: A Star Wars Story,2018,"Action,Adventure,Sci-Fi"
7.0,4660,Inside Men,2015,"Action,Crime,Drama"
6.7,12531,Journey's End,2017,"Drama,War"
8.7,10558,Dulhaniya Le Aaeegi,2026,Comedy
6.6,2733,Rhino,2021,"Action,Crime,Drama"
8.0,773448,La La Land,2016,"Comedy,Drama,Music"
8.1,6774,Valley Uprising,2014,"Adventure,Documentary"
7.0,2605,One Direction: Where We Are - The Concert Film,2014,"Documentary,Music"
7.0,2928,Corner Gas: The Movie,2014,Comedy
8.2,2400,Baahubali: The Epic,2025,"Action,Drama"
7.9,3341,Rao Bahadur,2026,"Drama,Horror,Mystery"
6.7,1873,Others,2025,"Action,Crime,Thriller"
6.9,4101,Standing Tall,2015,Drama
8.0,1541,CMantham,2025,"Action,Crime,Musical"
7.1,37252,The Brand New Testament,2015,"Comedy,Drama,Fantasy"
9.4,2099,Vidhrohi,2025,"Crime,Thriller"
6.6,7152,From the Land of the Moon,2016,"Drama,Romance"
8.1,2839,Laalo: Krishna Sada Sahaayate,2025,"Drama,Family"
7.6,3866,Little Hearts,2025,"Comedy,Romance"
7.3,16630,Blast,2026,"Action,Drama"
7.5,2169,Beauty,2025,"Drama,Romance"
7.4,422194,The Nice Guys,2016,"Action,Comedy,Crime"
7.4,4240,Na Maloom Afraad,2014,"Comedy,Crime,Thriller"
8.1,33242,Kaththi,2014,"Action,Drama"
9.3,2047,Bad Girlz,2025,"Comedy,Romance"
8.5,10837,Mission Muh Dikhayi,2025,"Comedy,Drama,Family"
6.6,3920,Trikaali,2025,Drama
6.9,2850,Ranna Baati,2025,Drama
7.4,54756,Son of Saul,2015,"Drama,War"
6.8,2720,The Legendary Giulia and Other Miracles,2015,Comedy
6.6,17099,Minimalism: A Documentary About the Important Things,2015,Documentary
8.2,5798,Drushyam,2014,"Crime,Drama,Mystery"
6.6,5352,Jujutsu Kaisen: Execution,2025,"Action,Animation,Fantasy"
7.6,6616,With Love,2026,"Comedy,Drama,Romance"
7.8,6923,Ode to My Father,2014,"Drama,War"
6.7,1717,The New Kid,2015,Comedy
7.1,2037,"Bloed, zweet & tranen",2015,"Biography,Drama,Music"
7.0,2561,My Beautiful Broken Brain,2014,"Biography,Documentary"
7.1,25941,Dragon Ball Z: Resurrection 'F',2015,"Action,Adventure,Animation"
6.7,2163,Avihitham,2025,
7.9,5442,Madras,2014,"Action,Drama"
7.9,9666,Velaiyilla Pattathari,2014,"Action,Comedy,Drama"
6.8,1783,Sparrows,2015,Drama
6.6,2945,Edie,2017,"Adventure,Drama"
7.4,3019,Love Sonia,2018,Drama
7.1,43444,Tangerine,2015,"Comedy,Crime,Drama"
6.9,17763,Big Time Adolescence,2019,"Comedy,Drama"
7.3,14705,Labyrinth of Lies,2014,"Drama,History"
7.6,93249,Only the Brave,2017,"Action,Biography,Drama"
7.0,11698,A War,2015,"Crime,Drama,Thriller"
6.9,48490,The Outpost,2019,"Action,Drama,History"
7.0,2543,Jack of the Red Hearts,2015,"Drama,Family"
7.3,3639,Daft Punk Unchained,2015,"Documentary,Music"
7.3,2502,Valavaara,2025,Drama
7.6,1962,Oohalu Gusagusalade,2014,"Comedy,Romance"
6.7,8278,Shamitabh,2015,Drama
6.6,1553,Man on High Heels,2014,"Action,Drama"
7.0,2324,Track 143,2014,"Drama,War"
7.8,49636,Land of Mine,2015,"Drama,History,War"
7.7,1752,Cocaine Cowboys: Reloaded,2014,"Crime,Documentary,History"
7.0,142359,To All the Boys I've Loved Before,2018,"Comedy,Drama,Romance"
7.9,63543,Baby,2015,"Action,Thriller"
7.2,92165,Dope,2015,"Adventure,Comedy,Crime"
6.8,2963,Godday Godday Chaa 2,2025,Comedy
7.1,3975,Babo: The Haftbefehl Story,2025,"Documentary,Music"
6.6,3830,Chronic,2015,Drama
6.8,10405,Bhagwat Chapter One: Raakshas,2025,"Crime,Thriller"
7.3,3011,"The Boss, Anatomy of a Crime",2014,"Crime,Drama"
7.6,2494,Making Waves: The Art of Cinematic Sound,2019,"Documentary,History,Music"
7.1,8948,Mune: Guardian of the Moon,2014,"Adventure,Animation,Comedy"
6.6,1812,Feel My Voice,2026,"Comedy,Drama"
6.8,22769,Truth,2015,"Biography,Drama,History"
8.1,2016,School Life,2025,"Drama,Romance"
6.9,3549,King Jack,2015,"Adventure,Drama"
8.1,112891,Bajrangi Bhaijaan,2015,"Adventure,Comedy,Drama"
6.8,5551,Unstoppable,2024,"Drama,Sport"
8.8,3859,Gondhal,2025,
8.9,1645,Taylor Swift: The Eras Tour - The Final Show,2025,"Documentary,Music"
7.0,8669,Youth,2026,"Comedy,Family,Romance"
6.8,2987,Athiradi,2026,"Action,Comedy,Drama"
7.6,2996,Monty Python Live (Mostly),2014,"Comedy,Documentary,Musical"
7.5,1568,Al Sada Al Afadel,2025,Comedy
6.7,16136,Men & Chicken,2015,"Comedy,Drama,Mystery"
8.6,3436,Bonolota Express,2026,Drama
6.9,54508,Stronger,2017,"Biography,Drama"
6.7,3339,Microbe & Gasoline,2015,"Adventure,Comedy,Drama"
7.5,4431,The Eagle Huntress,2016,"Adventure,Documentary,Sport"
7.1,1876,Batkid Begins: The Wish Heard Around the World,2015,"Biography,Documentary,Family"
7.2,6961,Karthikeya,2014,"Mystery,Thriller"
7.7,4588,Munnariyippu,2014,"Drama,Thriller"
7.1,3072,Cosmic Princess Kaguya!,2026,"Animation,Drama,Fantasy"
8.3,2113,Rolugunta Soori,2025,"Action,Drama"
7.5,691892,Baby Driver,2017,"Action,Crime,Drama"
7.1,70814,Leave No Trace,2018,"Adventure,Drama"
7.4,11449,That Sugar Film,2014,Documentary
6.8,3321,Black Souls,2014,"Crime,Drama"
8.0,2038,Asurvan,2025,Thriller
7.3,4243,Sivas,2014,Drama
7.4,2256,Itlu Me Yedava,2025,"Comedy,Drama,Family"
7.1,4289,Vikramadithyan,2014,Drama
7.6,840223,Guardians of the Galaxy: Vol. 2,2017,"Action,Adventure,Comedy"
6.8,2202,Breakdown: 1975,2025,Documentary
7.5,2242,Call Me Lucky,2015,"Biography,Comedy,Documentary"
6.7,3305,Flowers,2014,Drama
7.7,31157,The Breadwinner,2017,"Animation,Drama,War"
7.5,3524,Billie Eilish: Hit Me Hard and Soft,2026,"Documentary,Music"
6.9,3336,Tales of the Grim Sleeper,2014,"Crime,Documentary"
7.5,3940,Even If This Love Disappears from the World Tonight,2025,"Drama,Romance"
6.8,1623,Vanaveera,2026,Action
6.9,2147,Horse Money,2014,Drama
6.6,45591,All the Bright Places,2020,"Drama,Romance"
7.3,9601,Worlds Apart,2015,"Drama,Romance"
6.6,4191,D.I.S.C.O.,2026,"Action,Comedy"
7.4,3960,I Am Chris Farley,2015,"Biography,Documentary"
7.1,2187,Eesha,2025,"Horror,Thriller"
7.8,14727,Jockey,2026,"Action,Adventure,Drama"
6.6,1624,The Carer,2016,"Comedy,Drama"
8.2,69300,Dhurandhar: The Revenge,2026,"Action,Crime,Thriller"
6.7,6340,Kidnapped: Elizabeth Smart,2026,"Crime,Documentary"
6.8,1699,The AI Doc: Or How I Became an Apocaloptimist,2026,"Animation,Documentary"
9.6,1714,The Great Punjab Robbery,2026,Thriller
7.9,229648,Puss in Boots: The Last Wish,2022,"Action,Adventure,Animation"
7.6,4790,Queen of Chess,2026,"Biography,Documentary"
7.3,1913,Run Raja Run,2014,Comedy
6.9,1870,Hector,2015,Drama
7.4,6375,"Life, Animated",2016,"Comedy,Documentary,Drama"
8.9,2066,Fighter Shiva,2025,"Action,Thriller"
8.5,2348,An Insignificant Man,2016,"Documentary,Thriller"
6.8,2190,Con City,2026,"Comedy,Crime,Drama"
7.1,2200,Mais Forte que o Mundo: A História de José Aldo,2016,"Action,Biography,Drama"
7.2,10898,Brian Banks,2018,"Biography,Drama,Sport"
7.2,13098,Muhammad: The Messenger of God,2015,"Biography,Drama,History"
8.1,1557,Stray Kids: The Dominate Experience,2026,"Documentary,Music"
7.2,48612,The Siege of Jadotville,2016,"Action,Drama,Thriller"
6.6,5749,The Daughter,2015,Drama
7.5,2656,Thaai Kizhavi,2026,"Comedy,Drama"
7.1,3584,One Last Adventure: The Making of Stranger Things 5,2026,Documentary
8.0,2013,A Gorilla Story: Told by David Attenborough,2026,"Documentary,Family"
7.9,1767,Miracle: The Boys of '80,2026,"Documentary,History,Sport"
6.7,2963,Sumathi Sathakam,2026,"Comedy,Romance"
7.2,2190,Bershama,2026,Comedy
7.7,3209,"Marty, Life Is Short",2026,"Biography,Documentary"
6.8,3760,Maggi Pusthaka,2026,Family
6.9,1790,Pavane,2026,"Drama,Romance"
6.7,5172,Assi,2026,"Crime,Drama,Thriller"
7.0,1836,Doraemon: New Nobita's Great Demon-Peko and the Exploration Party of Five,2014,"Action,Adventure,Animation"
7.4,1910,Alison,2016,Documentary
6.6,8940,Suntan,2016,Drama
6.9,3020,World War III,2014,"Comedy,Fantasy"
7.2,2915,The Lesson,2014,Drama
7.5,2850,Midnight Diner,2014,"Comedy,Drama"
6.7,74636,Popstar: Never Stop Never Stopping,2016,"Comedy,Drama,Music"
6.6,3016,Hebbuli,2017,"Action,Drama,Thriller"
6.7,3439,In the Basement,2014,Documentary
6.9,4737,Welcome to Leith,2015,Documentary
8.3,1569,Phera,2026,Drama
7.6,43298,Mustang,2015,Drama
7.4,4868,Lost Soul: The Doomed Journey of Richard Stanley's Island of Dr. Moreau,2014,"Adventure,Documentary"
7.3,1974,The President,2014,Drama
7.3,142825,Okja,2017,"Action,Adventure,Drama"
8.5,5592,Roger Waters: The Wall,2014,"Documentary,Music"
7.2,6756,The Perfect Dictatorship,2014,"Comedy,Drama"
8.3,9304,The Crow's Egg,2014,"Comedy,Drama"
6.7,11496,4th Man Out,2015,"Comedy,Drama"
6.9,17573,Louis Theroux: Inside the Manosphere,2026,Documentary
9.4,4130,Newton's 3rd Law,2026,"Crime,Mystery,Thriller"
8.2,2792,Mad_e in Bangladesh,2007,"Comedy,Drama"
6.9,1824,Sapthamashree Thaskaraha,2014,"Comedy,Thriller"
6.7,2959,Aanmodderfakker,2014,"Comedy,Romance"
7.6,2917,The Mask You Live In,2015,"Documentary,News"
7.4,2986,Tig,2015,"Biography,Documentary"
9.0,2559,Ishqnama,2026,"Drama,Romance"
7.2,2368,Banksy Does New York,2014,Documentary
6.6,2902,100 Days of Love,2015,"Comedy,Romance"
7.6,4016,Yatra,2018,"Biography,Drama,History"
7.2,1503,Mifune: The Last Samurai,2015,"Biography,Documentary"
7.9,6725,Diamond Dust,2018,"Crime,Drama,Mystery"
6.8,107406,The House That Jack Built,2018,"Crime,Drama,Horror"
7.0,59950,Colonia,2015,"Biography,Drama,History"
7.2,4204,I Am Ali,2014,"Biography,Documentary,Sport"
7.0,4774,Black,2015,"Action,Crime,Drama"
7.1,3543,The Throne,2015,"Drama,History"
7.1,2255,The Movie of My Life,2017,Drama
7.2,21704,The Tale,2018,"Biography,Drama,Mystery"
7.8,3511,The Resurrection of Jake the Snake,2015,"Biography,Documentary,Sport"
7.1,18165,The Book of Vision,2020,"Drama,Mystery"
8.1,207088,The Handmaiden,2016,"Drama,Romance,Thriller"
7.1,2614,Ghost in the Shell Arise - Border 4: Ghost Stands Alone,2014,"Action,Animation,Sci-Fi"
7.5,2846,Why Me?,2015,"Drama,Thriller"
6.6,4057,Brotherhood of Blades,2014,"Action,History"
7.4,23316,Suburra,2015,"Action,Crime,Drama"
7.2,2396,Hired Gun,2016,"Documentary,Music"
7.0,30297,The Innocents,2021,"Drama,Fantasy,Horror"
8.5,1574,Rayudu Gari Thaluka,2026,Action
7.8,361223,Manchester by the Sea,2016,Drama
6.9,142255,Swiss Army Man,2016,"Comedy,Drama,Fantasy"
7.7,4055,Tavaszi szél - az ébredés,2026,Documentary
6.8,3129,If Cats Disappeared from the World,2016,"Drama,Fantasy"
8.0,60268,Citizenfour,2014,"Biography,Documentary"
7.6,1988,Enakkul Oruvan,2015,Thriller
8.0,2422,Jeeva,2014,"Drama,Sport"
6.7,4003,My Golden Days,2015,"Drama,Romance"
7.3,55509,Toni Erdmann,2016,"Comedy,Drama"
7.4,4753,Fate/stay night [Heaven's Feel] I. presage flower,2017,"Action,Adventure,Animation"
6.8,7352,I Am Dragon,2015,"Adventure,Fantasy,Romance"
7.2,2903,All Three of Us,2015,"Comedy,Drama"
6.8,5442,A Perfect Man,2015,"Drama,Thriller"
7.3,1989,HBD Prathik Jain Tumkur March 19,2026,Biography
7.1,15201,Firebird,2021,"Biography,Drama,Romance"
6.9,155031,Green Room,2015,"Horror,Thriller"
7.7,14917,The Unknown Soldier,2017,"Drama,War"
8.1,2145,Baapya,2026,"Drama,Family"
7.0,2889,The Island 2,2014,"Action,Drama,Thriller"
7.3,41312,The Nightingale,2018,"Adventure,Drama,Thriller"
6.8,11718,Ali and Nino,2016,"Drama,Romance,War"
7.0,1549,Pervert Park,2014,"Crime,Documentary"
7.0,2412,We Are Young. We Are Strong.,2014,"Crime,Drama,History"
7.8,2689,The Great Grand Superhero: Aliens Ka Aagman,2026,"Adventure,Comedy,Drama"
7.7,2543,The Coffin in the Mountain,2014,"Drama,Mystery"
7.2,2375,The Dead End,2015,"Crime,Drama"
7.1,3191,100 Yen Love,2014,"Comedy,Drama"
7.7,75389,A Man Called Ove,2015,"Comedy,Drama,Romance"
6.7,6366,Summertime,2015,"Drama,Romance"
6.8,29280,A Prayer Before Dawn,2017,"Action,Biography,Crime"
6.7,19044,The Valet,2022,"Comedy,Drama,Romance"
7.2,18053,Dheepan,2015,"Crime,Drama"
6.7,1556,The Russian Woodpecker,2015,"Documentary,War"
6.6,1914,Belle & Sebastian: The Adventure Continues,2015,"Adventure,Family"
6.8,3782,The Sense of Wonder,2015,"Comedy,Drama,Romance"
7.0,15480,Battle for Sevastopol,2015,"Action,Biography,Drama"
8.4,2267,Billy Elliot,2014,"Comedy,Drama,Musical"
7.0,24974,Department Q: A Conspiracy of Faith,2016,"Crime,Drama,Mystery"
7.7,2089,Jalaler Golpo,2014,Drama
7.8,4895,Rainbow,2015,"Comedy,Drama"
6.7,1885,My Skinny Sister,2015,Drama
6.6,25753,Forever My Girl,2018,"Comedy,Drama,Music"
6.8,11623,People Places Things,2015,"Comedy,Romance"
7.0,2997,What's the Time in Your World?,2014,"Drama,Romance"
7.1,22277,Dil Dhadakne Do,2015,"Comedy,Drama,Romance"
7.6,2781,Vellimoonga,2014,"Comedy,Romance"
7.5,19245,Whisper If I Forget,2014,"Drama,Music,Romance"
8.2,4416,Chotushkone,2014,Thriller
7.3,196420,The Lego Batman Movie,2017,"Action,Adventure,Animation"
6.9,15454,Things to Come,2016,Drama
7.1,2746,The Murder Case of Hana & Alice,2015,"Animation,Comedy,Crime"
7.3,19218,Cartel Land,2015,Documentary
7.3,2051,"3 1/2 Minutes, 10 Bullets",2015,"Crime,Documentary"
6.9,2864,Winterkartoffelknödel,2014,"Comedy,Crime"
7.9,3367,I Want to Live,2015,"Adventure,Biography,Documentary"
7.1,3480,Ixcanul,2015,Drama
7.6,6738,The Seven Five,2014,"Biography,Crime,Documentary"
6.8,62549,Florence Foster Jenkins,2016,"Biography,Comedy,Drama"
8.4,11739,The Legend of Maula Jatt,2022,"Action,Drama,Fantasy"
8.2,2209,Long Strange Trip,2017,"Biography,Documentary,Music"
8.1,8217,Listen to Me Marlon,2015,"Biography,Documentary"
7.5,4194,Two Hearts as One,2014,"Drama,History"
7.0,1911,Drifters,2015,"Crime,Drama"
6.7,668104,Captain Marvel,2019,"Action,Adventure,Sci-Fi"
8.4,1397866,Avengers: Infinity War,2018,"Action,Adventure,Sci-Fi"
8.4,1473893,Avengers: Endgame,2019,"Action,Adventure,Sci-Fi"
7.1,4779,Iris,2014,"Biography,Documentary,History"
6.8,13077,Other People,2016,"Comedy,Drama"
7.1,333833,Don't Breathe,2016,"Crime,Horror,Thriller"
7.5,6092,The Amazing Digital Circus: The Last Act,2026,"Adventure,Animation,Comedy"
7.6,2086,Warriors of the Rainbow: Seediq Bale II,2011,"Action,Drama,History"
7.8,8295,Chaar Sahibzaade,2014,"Animation,History"
6.7,2328,Give Me Liberty,2019,"Comedy,Drama"
8.0,76877,M.S. Dhoni: The Untold Story,2016,"Biography,Drama,Sport"
7.3,2059,I Called Him Morgan,2016,"Documentary,Drama,History"
7.3,181739,13 Hours,2016,"Action,Drama,History"
7.1,2968,The Eternal Road,2017,"Drama,History"
7.0,54404,Look Who's Back,2015,"Comedy,Drama,Fantasy"
7.0,186978,The Gift,2015,"Drama,Mystery,Thriller"
8.4,1658,Dear You,2026,"Drama,Family"
7.5,2225,Krishnavataram - Part 1: The Heart (Hridayam),2026,"Drama,Fantasy,Romance"
9.4,3996,Zakhma Toh Chardikala Tak,2026,Drama
7.5,6665,The Hunting Ground,2015,Documentary
7.7,3329,Iyobinte Pusthakam,2014,"Action,Adventure,Drama"
7.2,2109,Prophet's Prey,2015,"Biography,Documentary,History"
7.2,60363,Anthropoid,2016,"Action,Drama,History"
7.1,2018,Chuye Dile Mon,2015,Romance
7.3,15426,Lemonade,2015,"Comedy,Drama"
6.7,13057,Indignation,2016,"Drama,Romance"
7.1,6451,The People Vs. Fritz Bauer,2015,"Biography,Drama,Thriller"
7.3,17489,Telling Tales,2015,"Comedy,Fantasy,Romance"
7.3,4664,Flying Colors,2015,"Comedy,Drama"
6.6,22734,The Birth of a Nation,2016,"Biography,Drama,History"
6.6,259336,Jason Bourne,2016,"Action,Thriller"
7.6,34583,Mr. Church,2016,"Comedy,Drama"
7.0,2552,A Date for Mad Mary,2016,"Comedy,Drama,Romance"
7.7,2967,Born in Gaza,2014,Documentary
6.8,4604,The Propaganda Game,2015,Documentary
7.5,5189,Score,2016,"Documentary,Music"
7.4,205263,Molly's Game,2017,"Biography,Crime,Drama"
7.5,1532,Oye Bhole Oye 2,2026,"Comedy,Drama"
6.6,2543,Courted,2015,"Comedy,Crime,Drama"
6.8,109576,Widows,2018,"Crime,Drama,Thriller"
7.1,5126,Psycho-Pass: The Movie,2015,"Action,Animation,Crime"
6.8,3277,The Murder of Rachel Nickell,2026,"Crime,Documentary"
6.7,2161,Love Oh Love,2026,"Comedy,Romance"
6.9,2595,I Fine..Thank You Love You,2014,"Comedy,Romance"
7.5,67711,Victoria,2015,"Crime,Drama,Romance"
6.7,2347,Les Cowboys,2015,"Drama,Thriller,Western"
8.5,1544,Shhh!,1993,"Horror,Mystery,Thriller"
7.1,3978,Kalinka,2016,"Biography,Crime,Drama"
7.5,33500,Cobain: Montage of Heck,2015,"Biography,Documentary,Music"
7.4,1575,Jeena Dil Se,2026,Drama
6.6,5304,The Fits,2015,"Drama,Music"
6.9,4896,Tanna,2015,"Adventure,Drama,Romance"
8.9,1502,Diamond Dacoit,2026,Action
7.3,209144,The Last Duel,2021,"Drama,History,Thriller"
6.6,72257,Alpha,2018,"Adventure,Drama"
7.2,1874,The Paradise Suite,2015,Drama
7.3,3294,Fog in August,2016,"Drama,History,War"
8.0,42600,Going Clear: Scientology & the Prison of Belief,2015,Documentary
7.1,32135,Miracles from Heaven,2016,"Biography,Drama,Family"
7.3,11181,Yennai Arindhaal,2015,"Action,Crime,Drama"
6.9,46655,Shin Godzilla,2016,"Action,Drama,Horror"
7.0,357472,The Witch,2015,"Drama,Fantasy,Horror"
7.3,3411,First Time,2026,"Mystery,Sci-Fi,Thriller"
7.1,10944,Krisha,2015,Drama
6.7,18090,Grandma,2015,"Comedy,Drama"
7.4,8137,OK Kanmani,2015,"Drama,Musical,Romance"
7.6,30220,The Boy and the Beast,2015,"Action,Adventure,Animation"
6.8,32856,Under the Shadow,2016,"Drama,Fantasy,Horror"
6.8,4160,Yu-Gi-Oh!: The Dark Side of Dimensions,2016,"Adventure,Animation,Drama"
6.8,91755,The Good Nurse,2022,"Biography,Crime,Drama"
7.3,9113,The Beauty Inside,2015,"Drama,Fantasy,Romance"
7.2,207887,The Founder,2016,"Biography,Drama"
7.2,1859,Seasons,2015,"Documentary,History"
7.3,2648,Chasing Trane: The John Coltrane Documentary,2016,"Biography,Documentary,History"
7.6,15480,"What Happened, Miss Simone?",2015,"Biography,Documentary,Music"
7.8,26033,Embrace of the Serpent,2015,"Adventure,Biography,Drama"
7.2,11573,Maternal Instinct,2026,"Crime,Documentary"
7.1,7558,James White,2015,Drama
7.5,2685,Pisasu,2014,"Drama,Horror,Mystery"
7.8,2371,B-Movie: Lust & Sound in West-Berlin 1979-1989,2015,"Documentary,Music"
6.8,30183,Lady Macbeth,2016,"Drama,Romance"
7.0,3140,Gascoigne,2015,"Biography,Documentary,Sport"
9.2,2030,Sherr,2026,"Action,Thriller"
7.4,14342,Sweet Bean,2015,Drama
7.1,6174,My Blind Date with Life,2017,"Biography,Comedy,Drama"
7.2,6012,Italian Race,2016,"Drama,Sport"
7.7,147929,Kubo and the Two Strings,2016,"Action,Adventure,Animation"
7.1,3095,American Wrestler: The Wizard,2016,"Drama,Sport"
9.0,1996,Karmakhya,2026,"Crime,Thriller"
7.3,2844,Mr. And Mrs. Ramchari,2014,"Drama,Romance"
7.2,2193,Digimon Adventure tri. Part 1: Reunion,2015,"Action,Adventure,Animation"
7.6,2057,Badhu Alright Che,2026,"Comedy,Family"
7.9,14881,Ivy,2015,"Drama,Fantasy,Thriller"
7.4,2235,The Black Panthers: Vanguard of the Revolution,2015,"Documentary,History"
8.3,2038,Nenuevaru,2026,Drama
9.1,12628,Uttar Da Puttar,2026,"Comedy,Drama"
7.3,10525,I'm No Longer Here,2019,"Drama,Music"
7.3,1792,Apex: The Story of the Hypercar,2016,Documentary
7.1,35597,Julieta,2016,"Drama,Mystery,Romance"
6.7,1762,Retake,2016,"Drama,Romance"
7.2,1757,Ebar Shabor,2015,"Crime,Mystery,Thriller"
7.4,1984,Taramani,2017,"Drama,Romance"
7.3,5656,QT8: The First Eight,2019,Documentary
7.9,34908,Black Hawk Down,1997,Documentary
8.3,1536,I'm Handsome (since 2009),2026,Family
7.2,7903,Being 17,2016,"Drama,Romance"
7.0,7297,Hunterrr,2015,"Comedy,Romance"
7.2,2192,Viva,2015,Drama
6.6,4455,Ghost in the Shell: The New Movie,2015,"Action,Animation,Sci-Fi"
7.2,5226,Gopala Gopala,2015,"Comedy,Drama,Fantasy"
8.9,3008,BLEACH: Thousand-Year Blood War - The Calamity,2026,"Animation,Fantasy"
7.4,20216,Queen of Katwe,2016,"Biography,Drama,Sport"
6.8,9019,Bomb City,2017,"Crime,Drama"
7.2,23216,The Last Black Man in San Francisco,2019,Drama
7.1,11174,The King's Choice,2016,"Biography,Drama,History"
7.0,3900,Macadam Stories,2015,"Comedy,Drama"
9.6,2021,Oka Court Case,2026,Drama
7.3,18512,Taxi,2015,"Comedy,Drama"
8.7,1767,Mamachya Govyala Jauya,2026,"Comedy,Thriller"
7.6,120770,The Peanut Butter Falcon,2019,"Adventure,Comedy,Drama"
7.5,1564,Nice People,2015,"Documentary,Sport"
6.8,4056,Sand Storm,2016,Drama
9.4,1936,Amma Naaku aa Abbayi Kaavaali,2026,Drama
7.3,12329,The Innocents,2016,"Drama,History"
7.3,4122,78/52,2017,Documentary
9.4,1532,Yamudu,2026,Thriller
7.6,8567,Aferim!,2015,"Adventure,Comedy,Drama"
7.2,12710,The Club,2015,"Drama,Mystery,Thriller"
7.6,3097,The Pearl Button,2015,Documentary
6.6,1670,Rattle the Cage,2015,"Crime,Drama,Thriller"
6.9,2764,Trivisa,2016,"Crime,Drama"
6.7,2069,Polina,2016,Drama
7.0,3720,Rage,2016,"Drama,Mystery,Thriller"
7.3,52739,20th Century Women,2016,"Comedy,Drama"
7.9,61734,Airlift,2016,"Drama,History"
8.1,3818,Bitter Lake,2015,Documentary
7.0,8687,Chocolat,2016,"Biography,Drama"
6.7,1538,As I Open My Eyes,2015,"Drama,Music"
6.9,15301,The Clan,2015,"Biography,Crime,Drama"
6.6,20340,The Secret: Dare to Dream,2020,"Drama,Romance"
6.8,2925,Twenty,2015,"Comedy,Drama,Romance"
6.9,2960,Nenu Sailaja,2016,"Action,Comedy,Romance"
6.7,2613,Port of Call,2015,"Crime,Drama,Mystery"
7.6,16902,Kedi,2016,Documentary
6.9,6817,Steve Jobs: The Man in the Machine,2015,"Biography,Documentary"
7.4,576332,John Wick: Chapter 2,2017,"Action,Crime,Thriller"
6.9,2431,14+,2015,"Drama,Romance"
6.9,5903,Marguerite,2015,"Comedy,Drama,Music"
6.8,7179,The Measure of a Man,2015,Drama
8.4,9593,Papanasam,2015,"Crime,Drama,Mystery"
7.2,17669,Pyaar Ka Punchnama 2,2015,"Comedy,Drama,Romance"
8.2,110361,Drishyam,2015,"Crime,Drama,Mystery"
7.4,1956,Ice Guardians,2016,"Documentary,Sport"
7.5,1513,Malli Malli Idi Rani Roju,2015,"Musical,Romance"
8.1,16046,RangiTaranga,2015,"Mystery,Thriller"
7.7,34386,Udta Punjab,2016,"Crime,Drama"
7.4,8873,Temper,2015,"Action,Crime,Drama"
6.6,3383,As You Are,2016,"Drama,Mystery"
7.6,1578,Rajathandhiram,2015,Thriller
7.9,3730,Tomorrow,2015,Documentary
6.6,2959,My Little Pony: Equestria Girls - Friendship Games,2015,"Animation,Family,Fantasy"
7.5,7074,Endless Poetry,2016,"Biography,Drama,Fantasy"
7.0,1594,The Sunshine Makers,2015,"Documentary,History"
7.0,4074,55 Steps,2017,"Biography,Drama"
6.8,8664,Calm with Horses,2019,"Crime,Drama,Thriller"
6.8,8772,American Woman,2018,"Drama,Mystery"
7.3,6194,Sieranevada,2016,"Comedy,Drama"
6.6,7408,Blind Date,2015,"Comedy,Romance"
7.8,115647,Paddington 2,2017,"Adventure,Comedy,Family"
8.4,2626,Hamlet,2015,Drama
7.2,11121,Giant Little Ones,2018,Drama
7.6,161105,Gifted,2017,Drama
7.3,7110,The Anthem of the Heart,2015,"Animation,Drama,Fantasy"
7.1,137935,Gran Turismo,2023,"Action,Adventure,Drama"
7.4,2231,Dream/Killer,2015,"Crime,Documentary"
6.7,2993,One Man and His Cow,2016,"Adventure,Comedy,Drama"
6.9,2264,Prescription Thugs,2015,Documentary
7.1,2212,Aadu,2015,"Action,Comedy"
6.7,5958,Novitiate,2017,Drama
6.6,85076,Café Society,2016,"Comedy,Drama,Romance"
7.0,242625,Ghostbusters: Afterlife,2021,"Adventure,Comedy,Fantasy"
7.5,3667,Yevade Subramanyam,2015,"Adventure,Comedy,Drama"
6.7,3340,The Treasure,2015,Comedy
7.0,8770,Martin Eden,2019,"Drama,Romance"
7.5,2198,Cold of Kalandar,2015,Drama
6.8,222286,Frozen II,2019,"Adventure,Animation,Comedy"
7.1,4216,Selam: Bahara Yolculuk,2015,"Biography,Drama,History"
6.8,4459,Chicuarotes,2019,"Crime,Drama"
6.6,117144,Overlord,2018,"Action,Horror,Sci-Fi"
6.8,2899,Crazy Rook,2015,"Drama,Mystery,Thriller"
6.7,1613,Sophie and the Rising Sun,2016,Drama
6.8,7943,Finding Your Feet,2017,"Comedy,Drama,Family"
7.5,89479,Miss Sloane,2016,Drama
6.6,69589,The Girl with All the Gifts,2016,"Action,Adventure,Drama"
6.7,2852,Katie Says Goodbye,2016,Drama
7.4,341264,Nocturnal Animals,2016,"Drama,Thriller"
7.1,2159,Paradise,2016,"Drama,War"
7.0,1740,Killing for Love,2016,"Crime,Documentary"
7.8,1919,The Automat,2021,"Documentary,History"
7.4,245019,Darkest Hour,2017,"Biography,Drama,History"
6.7,3632,Oru Vadakkan Selfie,2015,"Comedy,Thriller"
6.9,14614,This Beautiful Fantastic,2016,"Comedy,Drama,Romance"
7.5,14456,The Distinguished Citizen,2016,"Comedy,Drama"
7.3,122923,Patriots Day,2016,"Action,Crime,Drama"
6.6,30866,The Book of Henry,2017,"Crime,Drama,Thriller"
7.6,5114,For the Love of Spock,2016,"Biography,Documentary"
8.0,42280,Endless Corridor,2014,"Documentary,History"
7.2,91419,Christopher Robin,2018,"Adventure,Comedy,Drama"
6.9,2286,Comment c'est loin,2015,"Comedy,Drama,Music"
7.0,2263,Kunjiramayanam,2015,Comedy
7.0,3945,The High Sun,2015,"Drama,Romance,War"
7.1,59014,Can You Ever Forgive Me?,2018,"Biography,Comedy,Crime"
7.2,8196,S/O Satyamurthy,2015,"Action,Comedy,Drama"
6.9,11764,The Resistance Banker,2018,"Biography,Drama,War"
7.4,6961,Heartstone,2016,"Drama,Romance"
7.3,5265,Kaili Blues,2015,"Drama,Mystery"
6.7,73771,Purple Hearts,2022,"Drama,Music,Romance"
7.7,13832,Boruto: Naruto the Movie,2015,"Action,Adventure,Animation"
6.8,2632,Chronicles of Evil,2015,"Crime,Drama,Mystery"
7.4,2673,Ingrid Bergman: In Her Own Words,2015,"Biography,Documentary"
7.1,10790,Like Crazy,2016,"Comedy,Drama"
6.7,64084,Battle of the Sexes,2017,"Biography,Comedy,Drama"
6.9,2208,The Wasted Times,2016,"Crime,Drama"
6.8,73217,Storks,2016,"Adventure,Animation,Comedy"
6.8,3315,Shepherds and Butchers,2016,"Crime,Drama,Mystery"
6.9,84954,Roofman,2025,"Biography,Crime,Drama"
6.8,2276,The Dawns Here Are Quiet...,2015,"Drama,War"
7.2,4313,Born in China,2016,Documentary
6.6,277253,The Fate of the Furious,2017,"Action,Crime,Thriller"
6.7,5038,Our Lovers,2016,"Comedy,Drama,Romance"
8.3,3311,Gleason,2016,"Biography,Documentary"
7.3,114930,Shot Caller,2017,"Crime,Drama,Thriller"
8.4,807830,Spider-Man: Into the Spider-Verse,2018,"Action,Adventure,Animation"
8.1,35919,Masaan,2015,Drama
6.9,2492,Schweinskopf al dente,2016,"Comedy,Crime"
6.7,2197,The Chosen Ones,2015,Drama
6.8,2337,Orange,2015,"Comedy,Drama,Romance"
8.4,8697,Sachin - A Billion Dreams,2017,"Documentary,Sport"
7.3,7811,The Keeper,2018,"Biography,Drama,Romance"
7.0,1577,In the Forests of Siberia,2016,"Adventure,Drama"
6.6,4756,God Willing,2015,Comedy
6.8,1880,Bin Roye,2015,"Drama,Romance"
6.7,5158,Monkey King: Hero Is Back,2015,"Action,Adventure,Animation"
6.8,25454,Denial,2016,"Biography,Drama"
6.8,26414,It's Only the End of the World,2016,Drama
6.7,2538,Coin Locker Girl,2015,"Action,Crime,Drama"
7.1,4102,I Am Bolt,2016,"Biography,Documentary,Sport"
6.8,36856,Harriet,2019,"Action,Biography,Drama"
6.7,404655,Kingsman: The Golden Circle,2017,"Action,Adventure,Comedy"
6.7,17429,Please Stand By,2017,"Comedy,Drama"
8.5,3145,Belaseshe,2015,"Drama,Family"
7.9,6679,The Day Will Come,2016,Drama
6.6,1907,Apprentice,2016,Drama
6.7,3348,Hellstorm,2015,"Documentary,History,War"
7.1,2014,Land and Shade,2015,Drama
6.9,18047,Christine,2016,"Biography,Drama"
6.6,22723,Lords of Chaos,2018,"Biography,Drama,Horror"
7.1,42626,On the Basis of Sex,2018,"Biography,Drama,History"
7.4,1626,Yellow Flowers on the Green Grass,2015,Drama
7.0,38683,Loving,2016,"Biography,Drama,Romance"
7.1,2530,A Bride for Rip Van Winkle,2016,"Drama,Mystery,Romance"
6.7,1618,Løvekvinnen,2016,Drama
8.3,28677,Premam,2015,"Comedy,Drama,Musical"
6.8,109813,Collateral Beauty,2016,"Drama,Romance"
6.7,2156,The Idol,2015,"Biography,Comedy,Drama"
7.3,127778,The Death of Stalin,2017,"Comedy,Drama,History"
7.0,1722,Arabian Nights: Volume 2 - The Desolate One,2015,"Drama,Romance"
7.4,3521,Jawani Phir Nahi Ani,2015,"Adventure,Comedy,Musical"
6.9,2080,Fahim,2019,"Biography,Comedy,Drama"
7.0,9576,Bad Cat,2016,"Action,Adventure,Animation"
6.6,1539,Northern Limit Line,2015,"Action,Drama,History"
6.6,2832,The Emigrants,2021,"Drama,History"
6.8,11527,Neruda,2016,"Biography,Crime,Drama"
7.8,155264,Hunt for the Wilderpeople,2016,"Adventure,Comedy,Drama"
6.7,210858,Bumblebee,2018,"Action,Adventure,Sci-Fi"
7.1,3839,Demonte Colony,2015,"Horror,Thriller"
6.9,4579,Mr. Six,2015,"Action,Crime,Drama"
7.1,13958,The Young Offenders,2016,"Adventure,Comedy,Crime"
6.6,1936,The Swedish Theory of Love,2015,Documentary
6.7,5854,MFKZ,2017,"Action,Animation,Comedy"
6.8,17112,The Exception,2016,"Drama,History,Romance"
6.6,4400,From Afar,2015,"Drama,Romance"
7.5,14476,Srimanthudu,2015,"Action,Drama"
8.2,240949,Klaus,2019,"Adventure,Animation,Comedy"
6.9,2779,Apostasy,2017,Drama
7.3,11082,Divines,2016,"Crime,Drama"
6.6,47178,Fatherhood,2021,"Comedy,Drama"
7.0,25904,The Great Hack,2019,"Biography,Documentary,History"
6.6,4702,Bon Cop Bad Cop 2,2017,"Action,Comedy,Crime"
7.9,2898,Uriyadi,2016,"Action,Crime,Drama"
7.3,2146,A Kid,2016,Drama
7.9,2022,Christian Audigier the Vif,2017,"Biography,Documentary,Drama"
7.5,72543,The Mauritanian,2021,"Biography,Drama,Thriller"
6.6,5301,The Awakening of Motti Wolkenbruch,2018,"Comedy,Drama"
7.0,9387,Veteran,2015,"Action,Comedy,Crime"
7.1,5554,"Right Now, Wrong Then",2015,"Drama,Romance"
7.8,14064,In This Corner of the World,2016,"Animation,Drama,History"
6.7,13165,The Fury of a Patient Man,2016,"Crime,Drama,Thriller"
7.2,5307,The Happiest Day in the Life of Olli Maki,2016,"Biography,Drama,Romance"
7.8,152154,Flow,2024,"Adventure,Animation,Family"
6.8,2220,The Last Fiction,2018,"Action,Animation,Drama"
6.6,133646,Maleficent: Mistress of Evil,2019,"Adventure,Drama,Family"
7.4,2709,Her Love Boils Bathwater,2016,Drama
7.6,3390,Happy Hour,2015,Drama
7.0,1591,Late Shift,2016,"Adventure,Crime,Thriller"
6.6,40183,Midnight Sun,2018,"Drama,Romance"
8.0,5624,Indru Netru Naalai,2015,"Comedy,Sci-Fi,Thriller"
7.3,22293,The Best of Enemies,2019,"Biography,Drama,History"
6.8,7904,Lipstick Under My Burkha,2016,"Comedy,Drama"
7.2,15182,Te3n,2016,"Crime,Drama,Mystery"
7.2,1967,Waiting,2015,"Comedy,Drama"
6.6,2737,Saving Mr. Wu,2015,"Action,Crime,Drama"
6.9,10598,Tigers Are Not Afraid,2017,"Crime,Drama,Fantasy"
6.7,2320,The Journey,2016,"Biography,Drama,History"
7.3,5548,The Cakemaker,2017,"Drama,Romance"
7.1,59917,Sultan,2016,"Action,Drama,Romance"
7.8,8609,Uppi 2,2015,"Action,Mystery,Thriller"
7.4,5632,Sons of Rizk,2015,"Action,Comedy,Crime"
7.3,158097,Good Time,2017,"Crime,Drama,Thriller"
7.2,10933,Into the Inferno,2016,Documentary
7.8,292642,Hidden Figures,2016,"Biography,Drama,History"
8.5,4078,Angrej,2015,Romance
8.2,135907,Baahubali 2: The Conclusion,2017,"Action,Drama"
8.3,11982,Maheshinte Prathikaaram,2016,"Comedy,Drama,Romance"
6.8,3125,The Final Master,2015,"Action,Drama"
8.0,215967,The Invisible Guest,2016,"Crime,Drama,Mystery"
6.9,14963,Then Came You,2018,"Comedy,Drama,Romance"
7.5,214232,The Covenant,2023,"Action,Drama,Thriller"
6.9,6478,The Student,2016,Drama
6.7,2283,Elis,2016,"Biography,Drama,Music"
7.2,2394,The 24 Hour War,2016,"Documentary,History,Sport"
8.0,2938,Thithi,2015,Drama
7.5,4034,Zappa,2020,"Biography,Documentary,History"
7.2,22372,First They Killed My Father,2017,"Biography,Drama,History"
6.7,1955,Burn Your Maps,2016,"Adventure,Comedy,Drama"
8.0,7671,Ennu Ninte Moideen,2015,"Biography,Drama,Romance"
7.7,1736,Given,2016,"Adventure,Documentary,Family"
6.9,2181,Saint George,2016,"Crime,Drama"
7.1,5031,Frenzy,2015,"Crime,Drama,Mystery"
7.5,26565,Where to Invade Next,2015,"Comedy,Documentary"
7.1,30408,Megan Leavey,2017,"Action,Biography,Drama"
6.8,3711,Neon Bull,2015,Drama
7.1,3860,Keith Richards: Under the Influence,2015,"Documentary,Music"
6.6,47661,Elio,2025,"Adventure,Animation,Comedy"
7.7,34063,Kapoor & Sons,2016,"Comedy,Drama,Family"
7.7,77946,Perfect Strangers,2016,"Comedy,Drama,Thriller"
7.0,1547,Hurricane of Fun: The Making of Wet Hot,2015,Documentary
6.9,1864,The Illegal,2021,Drama
8.3,21563,Winter on Fire: Ukraine's Fight for Freedom,2015,"Documentary,History"
8.6,3945,Godhi Banna Sadharana Mykattu,2016,"Drama,Thriller"
6.9,12148,Goodbye Berlin,2016,"Comedy,Drama"
6.6,6786,Goldstone,2016,"Action,Crime,Mystery"
7.7,423147,Mission: Impossible - Fallout,2018,"Action,Adventure,Thriller"
7.1,12135,The Age of Shadows,2016,"Action,History,Thriller"
7.6,85545,Just Mercy,2019,"Biography,Crime,Drama"
6.7,8205,Little Men,2016,Drama
7.5,7773,Regular Show: The Movie,2015,"Action,Adventure,Animation"
6.6,1749,Aquarela,2018,Documentary
6.9,8612,MSG 2 the Messenger,2015,"Comedy,Drama,Fantasy"
7.4,367155,Lady Bird,2017,"Comedy,Drama"
8.3,5418,Pathemari,2015,Drama
7.1,7957,Center of My World,2016,"Drama,Romance"
8.1,43834,Talvar,2015,"Crime,Drama,Mystery"
7.0,2746,Heart of a Dog,2015,Documentary
7.5,5500,Amazing Grace,2018,"Documentary,Music"
7.3,15644,Graduation,2016,"Crime,Drama"
6.9,2795,Thoongaa Vanam,2015,"Action,Crime,Thriller"
6.9,2247,Silicon Cowboys,2016,"Documentary,History"
7.3,2528,Memories of the Wind,2015,Drama
7.3,2828,Heneral Luna,2015,"Action,Biography,History"
7.1,13547,May God Save Us,2016,"Crime,Drama,Thriller"
6.7,4407,The Lighthouse of the Whales,2016,"Biography,Drama,Romance"
7.0,2609,Anarkali,2015,"Drama,Musical,Romance"
6.7,4995,The Student and Mister Henri,2015,"Comedy,Drama"
7.2,1911,Rajkahini,2015,"Drama,History"
6.6,2123,Mohalla Assi,2015,"Comedy,Drama"
6.6,23924,The Command,2018,"Action,Adventure,Drama"
6.9,97296,Raw,2016,"Drama,Horror"
7.0,2813,Detective Conan: The Darkest Nightmare,2016,"Action,Adventure,Animation"
6.9,6564,Museo,2018,"Crime,Drama"
7.2,18056,Till,2022,"Biography,Crime,Drama"
7.0,3019,Two Countries,2015,"Comedy,Drama"
7.2,6834,Bet on Revenge,2017,"Adventure,Drama,History"
7.7,3282,Heart Attack,2015,"Comedy,Drama,Romance"
6.9,40521,Everybody Knows,2018,"Crime,Drama,Mystery"
7.4,6734,Our Times,2015,"Comedy,Romance"
7.1,9484,Riphagen,2016,"Biography,Drama,War"
6.9,75791,The Sisters Brothers,2018,"Drama,Western"
6.9,1583,Very Big Shot,2015,"Action,Crime,Drama"
6.7,18791,Don't Think Twice,2016,"Comedy,Drama"
7.3,628016,Split,2016,"Horror,Thriller"
8.1,4427,Hitting the Apex,2015,"Documentary,Sport"
6.7,10466,Kara Bela,2015,"Action,Adventure,Comedy"
7.0,6887,Strangled,2016,"Crime,Drama,Horror"
7.4,354811,Moonlight,2016,Drama
6.7,8971,Viceroy's House,2017,"Biography,Drama,History"
6.6,1501,Saahasam Swaasaga Saagipo,2016,Romance
7.9,26999,24,2016,"Action,Drama,Sci-Fi"
8.1,28016,Maanaadu,2021,"Action,Adventure,Sci-Fi"
6.7,11645,Rebel in the Rye,2017,"Biography,Drama,Romance"
8.4,24340,Thani Oruvan,2015,"Action,Crime,Drama"
7.7,2125,You Are My Sunday,2016,"Comedy,Drama"
8.4,15837,Visaaranai,2015,"Crime,Drama,Thriller"
6.9,1624,The Black Hen,2015,"Action,Drama,History"
7.7,5053,Bhale Bhale Magadivoy,2015,"Comedy,Romance"
7.3,4509,My Mother's Wound,2016,"Drama,Mystery"
7.2,2462,Junun,2015,"Documentary,Music"
6.6,35376,The Red Sea Diving Resort,2019,"Drama,History,Thriller"
7.1,83287,The Square,2017,"Comedy,Drama"
7.4,22433,Ordinary Angels,2024,"Biography,Drama"
7.6,2426,Justin Timberlake + the Tennessee Kids,2016,"Documentary,Music"
6.6,1769,Illegitimate,2016,Drama
7.2,3621,Birdboy: The Forgotten Children,2015,"Animation,Drama,Horror"
8.2,9869,The New Classmate,2015,"Drama,Family"
6.8,1863,King Candy,2015,"Biography,Crime,Drama"
7.4,3477,Out of My Mind,2024,Drama
7.8,821886,Dunkirk,2017,"Action,Drama,History"
8.1,1678,Gujjubhai the Great,2015,Comedy
7.0,18897,Handsome Devil,2016,"Comedy,Drama,Sport"
8.3,2207,Kendasampige,2015,"Romance,Thriller"
6.6,171239,Hush,2016,"Horror,Thriller"
6.6,10193,The Last Word,2017,"Comedy,Drama"
8.1,613454,"Three Billboards Outside Ebbing, Missouri",2017,"Comedy,Crime,Drama"
6.6,101602,Mary Poppins Returns,2018,"Adventure,Comedy,Family"
7.5,18891,Frantz,2016,"Drama,History,Romance"
7.3,3051,McLaren,2017,"Biography,Documentary,Drama"
6.7,1565,The Accidental Detective,2015,"Action,Comedy,Crime"
6.7,2873,Collector,2016,"Drama,Thriller"
6.6,3862,Banking on Bitcoin,2016,"Documentary,History,News"
6.9,16868,Our Souls at Night,2017,"Drama,Romance"
7.4,2086,Maya,2015,"Horror,Thriller"
7.0,1814,Fanny's Journey,2016,"Drama,War"
8.0,7205,Oopiri,2016,"Comedy,Drama"
6.9,3978,Dalida,2016,"Biography,Drama,Music"
7.1,273435,Nosferatu,2024,"Fantasy,Horror,Mystery"
7.3,1617,Buoyancy,2019,"Crime,Drama"
7.8,832144,Get Out,2017,"Horror,Mystery,Thriller"
7.1,193961,Sicario: Day of the Soldado,2018,"Action,Crime,Drama"
8.1,1705,Rammstein in Amerika,2015,"Documentary,Music"
7.2,4020,The Teacher,2016,"Comedy,Drama"
7.1,4291,Promise at Dawn,2017,"Biography,Drama,Romance"
6.7,4198,Goodbye Mr. Loser,2015,"Comedy,Drama,Fantasy"
6.7,1584,While We Live,2017,Drama
7.2,7527,The Tiger,2015,"Action,Adventure,Drama"
7.9,2897,A Billion Lives,2016,Documentary
6.7,1757,I'll Find You,2019,"Drama,Music,Romance"
8.3,246694,Dangal,2016,"Action,Biography,Drama"
7.0,1675,The Cage,2015,Drama
6.6,4301,Lommbock,2017,Comedy
6.7,13417,Delibal,2015,"Drama,Romance"
7.3,30458,Two Is a Family,2016,"Comedy,Drama"
8.1,15267,Charlie,2015,"Adventure,Drama,Romance"
6.7,3044,Amar Akbar Anthony,2015,"Comedy,Crime,Drama"
7.6,7818,The Fear of 13,2015,"Biography,Crime,Documentary"
7.5,260498,The Favourite,2018,"Biography,Comedy,Drama"
6.7,20758,Blade of the Immortal,2017,"Action,Drama,History"
7.7,4439,Kizumonogatari Part 2: Nekketsu,2016,"Action,Animation,Drama"
7.9,4549,Kizumonogatari Part 3: Reiketsu,2017,"Action,Animation,Drama"
7.0,1606,May Who?,2015,"Comedy,Fantasy,Romance"
8.4,3676,Chhello Divas: A New Beginning,2015,Comedy
7.0,3387,Dogs,2016,"Drama,Thriller"
7.5,7523,100 Meters,2016,"Biography,Comedy,Drama"
7.3,7112,A Bag of Marbles,2017,"Biography,Drama,History"
7.2,96795,Papillon,2017,"Adventure,Biography,Crime"
7.0,502639,Ant-Man and the Wasp,2018,"Action,Adventure,Comedy"
8.1,6810,Tight Dress,2016,Drama
6.8,3758,Heal the Living,2016,Drama
7.0,4611,Paris 05:59: Théo & Hugo,2016,"Drama,Romance"
7.8,3322,Dancer,2016,"Biography,Documentary"
7.5,12085,Nannaku Prematho,2016,"Action,Drama,Thriller"
7.7,2036,I Believe in Miracles,2015,"Documentary,History,Sport"
7.4,2421,The Heaven None Missed,2015,"Drama,Romance"
7.8,213619,Isle of Dogs,2018,"Adventure,Animation,Comedy"
7.6,2786,The Kingmaker,2019,"Biography,Documentary,History"
7.3,189375,Raya and the Last Dragon,2021,"Action,Adventure,Animation"
6.6,270005,Mother!,2017,"Drama,Horror,Mystery"
6.6,14288,My Scientology Movie,2015,Documentary
6.6,27693,Super Dark Times,2017,"Crime,Drama,Thriller"
6.9,35905,Lee,2023,"Biography,Drama,History"
6.6,3525,Cold War II,2016,"Action,Crime,Drama"
6.7,1647,Team Spirit,2016,"Biography,Drama,Thriller"
7.9,62900,Togo,2019,"Adventure,Biography,Drama"
7.9,8648,Tower,2016,"Animation,Crime,Documentary"
7.0,2264,Notes on Blindness,2016,"Documentary,Drama"
7.1,17126,Wild Rose,2018,"Drama,Music"
6.6,53851,Peter Rabbit,2018,"Adventure,Animation,Comedy"
7.4,5929,Sarbjit,2016,"Biography,Drama"
7.7,8773,Aligarh,2015,"Biography,Crime,Drama"
7.2,2254,"Scream, Queen! My Nightmare on Elm Street",2019,"Documentary,Horror"
6.7,12121,The Pirates of Somalia,2017,"Biography,Drama"
6.8,3708,Planet Single,2016,"Comedy,Romance"
7.2,5739,Naanum Rowdy Thaan,2015,"Action,Comedy,Drama"
6.8,2864,The Death of Louis XIV,2016,"Biography,Drama,History"
7.4,5464,Under the Sun,2015,Documentary
7.0,16905,At the End of the Tunnel,2016,"Crime,Drama,Thriller"
7.8,3535,Kanche,2015,"Action,Drama,War"
6.9,1693,Shudhu Tomari Jonyo,2015,"Drama,Romance"
6.8,41377,The Dry,2020,"Crime,Drama,Mystery"
7.1,37859,Mrs. Harris Goes to Paris,2022,"Comedy,Drama"
6.6,4870,Tony Robbins: I Am Not Your Guru,2016,Documentary
7.0,4495,Western,2017,Drama
6.9,9016,The Climb,2017,"Comedy,Drama,Romance"
7.3,2059,SOMM: Into the Bottle,2015,Documentary
7.5,135668,"Love, Simon",2018,"Comedy,Drama,Romance"
7.0,31663,Rustom,2016,"Crime,Drama,Thriller"
7.3,1607,What Lies Upstream,2017,"Documentary,Mystery"
6.8,1687,One Week Friends,2017,"Comedy,Drama,Romance"
7.8,68707,"I, Daniel Blake",2016,Drama
7.1,3018,Mr. Burton,2025,"Biography,Drama"
7.5,20545,Young Woman and the Sea,2024,"Biography,Drama,Romance"
6.8,165400,The Ministry of Ungentlemanly Warfare,2024,"Action,Comedy,War"
7.6,1972,Kumari 21F,2015,"Drama,Romance"
7.4,1572,Soldier's Lullaby,2018,"Drama,War"
6.9,3128,Harmonium,2016,Drama
7.0,3574,Afterimage,2016,"Biography,Drama,History"
7.7,69218,The Salesman,2016,"Drama,Thriller"
8.7,2843,Katyar Kaljat Ghusali,2015,"Drama,Musical"
6.6,2396,Text for You,2016,"Comedy,Drama,Romance"
6.8,1941,Another Mother's Son,2017,"Biography,Drama,War"
6.6,1911,My Future Love,2016,"Comedy,Drama,Romance"
8.0,45841,Wolfwalkers,2020,"Action,Adventure,Animation"
7.0,1945,Ho Mann Jahaan,2015,"Drama,Music,Musical"
7.5,4309,Kadhalum Kadandhu Pogum,2016,"Comedy,Drama,Romance"
7.9,3387,A Plastic Ocean,2016,Documentary
7.8,13239,South Wind,2018,"Crime,Drama,Thriller"
6.7,6646,Panfilov's 28 Men,2016,"Action,Drama,War"
6.6,54720,Operation Finale,2018,"Biography,Drama,History"
7.0,1561,Diving Into the Unknown,2016,Documentary
7.8,13985,Oasis: Supersonic,2016,"Biography,Documentary,Music"
7.7,1936,Su Su Sudhi Vathmeekam,2015,Drama
7.0,2496,Console Wars,2020,Documentary
7.5,2442,Dawson City: Frozen Time,2016,"Documentary,History"
7.4,101313,The Wailing,2016,"Drama,Horror"
7.1,1564,Digimon Adventure tri. Part 2: Determination,2016,"Action,Adventure,Animation"
7.4,22268,Aquarius,2016,Drama
7.9,14334,The Other Me,2016,"Crime,Drama,Mystery"
6.9,4517,White Fang,2018,"Adventure,Animation,Drama"
7.2,14906,The Other Side of Hope,2017,"Comedy,Drama"
6.7,3302,Kiss and Cry,2017,"Biography,Drama,Music"
7.0,1567,The Fourth Phase,2016,"Action,Adventure,Documentary"
6.8,6825,Tom of Finland,2017,"Biography,Drama"
7.3,17433,61 Days,2016,"Drama,History"
7.2,3379,The Death and Life of Marsha P. Johnson,2017,"Biography,Documentary"
7.0,3178,Heal,2017,Documentary
7.6,3688,Hepta: El-Mohadarah El-Akhirah,2016,"Drama,Romance"
7.0,1563,Pororoca,2017,Drama
7.3,96267,Paterson,2016,"Comedy,Drama,Romance"
6.6,1620,150 Milligrams,2016,"Biography,Drama"
6.8,6191,Back to Burgundy,2017,"Comedy,Drama"
7.1,9111,One Piece Film: Gold,2016,"Action,Adventure,Animation"
6.8,6266,The Bachelors,2017,"Comedy,Drama,Romance"
7.6,23203,Sanam Teri Kasam,2016,"Drama,Musical,Romance"
7.4,12270,See You Up There,2017,"Comedy,Crime,Drama"
6.9,2456,At War with Love,2016,"Comedy,Drama,Romance"
6.8,2321,Our Time,2018,Drama
6.7,6054,Generation Wealth,2018,Documentary
6.9,1978,Ten Years,2015,Drama
6.6,3138,Earthquake,2009,Drama
6.7,2144,Adi Kapyare Kootamani,2015,"Comedy,Horror"
7.9,3908,Maalik,2016,"Action,Crime,Drama"
7.0,13918,Lo and Behold: Reveries of the Connected World,2016,Documentary
7.5,1650,Mapplethorpe: Look at the Pictures,2016,"Biography,Documentary"
7.4,2660,Michael Jackson's Journey from Motown to Off the Wall,2016,"Documentary,Music"
8.9,24075,O.J.: Made in America,2016,"Biography,Crime,Documentary"
6.8,1882,The Diary of Anne Frank,2016,"Drama,War"
7.2,7526,Audrie & Daisy,2016,"Crime,Documentary"
7.0,6588,Holy Hell,2016,"Documentary,Drama"
7.6,1790,Jim: The James Foley Story,2016,"Biography,Documentary,War"
7.4,23114,Tickled,2016,"Crime,Documentary,Mystery"
6.9,1762,Newtown,2016,"Documentary,History"
7.6,10853,Weiner,2016,Documentary
7.3,1738,Sky Ladder: The Art of Cai Guo-Qiang,2016,Documentary
6.7,2798,Becoming Zlatan ...,2015,"Biography,Documentary,Sport"
7.3,2084,Pasanga 2,2015,Drama
7.6,25299,Neerja,2016,"Biography,Drama,Thriller"
7.2,8793,Sami Blood,2016,"Drama,History"
7.3,1665,6.9 on the Richter Scale,2016,Comedy
6.7,14596,Where Am I Going?,2016,Comedy
6.6,4165,Detective Chinatown,2015,"Action,Comedy,Mystery"
6.8,96932,All the Money in the World,2017,"Biography,Crime,Drama"
7.4,14377,After the Storm,2016,"Comedy,Drama"
6.7,10417,Pulimurugan,2016,Action
7.3,29212,Marshall,2017,"Biography,Crime,Drama"
7.3,15788,Jersey,2022,"Drama,Sport"
7.1,45222,Nyad,2023,"Biography,Drama,History"
6.6,18128,Happy End,2017,Drama
6.6,188198,Happy Death Day,2017,"Comedy,Horror,Mystery"
7.6,13014,Irudhi Suttru,2016,"Drama,Sport"
7.7,1880,Vazvishenie,2017,"Comedy,Drama,History"
8.4,401077,Your Name.,2016,"Animation,Drama,Fantasy"
7.7,28423,Never Look Away,2018,"Biography,Drama,Romance"
8.8,8196,Natsamrat,2016,"Drama,Family"
8.3,16531,Sairat,2016,"Drama,Romance"
7.0,5165,Journeyman,2017,"Drama,Sport"
6.9,2943,Sgt. Stubby: An American Hero,2018,"Adventure,Animation,Family"
6.7,4476,Burden,2018,"Biography,Drama,History"
7.6,4965,Action Hero Biju,2016,"Action,Comedy,Thriller"
6.8,2853,Three Months,2022,"Comedy,Drama"
7.1,2778,Snapshots,2018,Drama
8.2,147768,A Silent Voice: The Movie,2016,"Animation,Drama"
6.8,1635,Vettah,2016,"Crime,Mystery,Thriller"
7.5,2940,Actor in Law,2016,"Comedy,Drama,Romance"
7.5,15849,Twin Peaks: The Missing Pieces,2014,"Drama,Horror,Mystery"
6.9,5961,Kali,2016,"Action,Drama,Thriller"
8.1,4038,One Step Behind the Seraphim,2017,Drama
8.4,5031,The Yellow Tie,2025,"Adventure,Biography,Drama"
7.4,5942,"My Tomorrow, Your Yesterday",2016,"Drama,Fantasy,Romance"
8.0,2329,Satyavati,2016,Crime
6.8,1954,Power of Grayskull: The Definitive History of He-Man and the Masters of the Universe,2017,"Documentary,History"
7.1,14948,Lean on Pete,2017,"Adventure,Drama,Sport"
6.7,3296,The Midwife,2017,Drama
8.8,31113,Mirror Game,2016,"Crime,Mystery,Thriller"
6.9,2126,Crd,2016,"Drama,Romance"
7.7,318687,Wind River,2017,"Crime,Drama,Mystery"
7.7,188066,Sound of Metal,2019,"Drama,Music"
7.1,1871,24 Weeks,2016,Drama
7.0,4450,The Art of Loving: Story of Michalina Wislocka,2017,"Biography,Comedy,Drama"
6.8,9260,The Extraordinary Journey of the Fakir,2018,"Adventure,Comedy,Drama"
7.5,3667,Cameraperson,2016,"Biography,Documentary,History"
8.9,1631,Paint Drying,2016,Documentary
7.3,3954,Anuraga Karikkin Vellam,2016,"Comedy,Family,Romance"
6.7,3013,Wild Mouse,2017,"Comedy,Crime,Drama"
7.7,3288,Jacob's Kingdom of Heaven,2016,"Biography,Drama,Family"
7.4,4499,U Turn,2016,"Crime,Horror,Mystery"
7.3,59267,Detroit,2017,"Crime,Drama,History"
7.1,2598,Feminists: What Were They Thinking?,2018,Documentary
7.4,1974,"Love, Gilda",2018,Documentary
6.6,2123,Saint Judy,2018,"Biography,Drama"
7.3,61255,Official Secrets,2019,"Biography,Crime,Drama"
7.7,19552,Diego Maradona,2019,"Biography,Documentary,Sport"
7.4,1982,Fastball,2016,"Documentary,Sport"
6.7,9615,Woman Walks Ahead,2017,"Biography,Drama,History"
6.7,28321,Colette,2018,"Biography,Drama,History"
7.0,177833,Logan Lucky,2017,"Action,Comedy,Crime"
7.4,26748,Theri,2016,"Action,Crime,Drama"
6.7,3848,A Violent Prosecutor,2016,"Action,Comedy,Crime"
6.6,279154,Life,2017,"Horror,Sci-Fi,Thriller"
7.7,11082,Zero Days,2016,Documentary
7.5,9897,303,2018,"Comedy,Drama,Romance"
6.6,3229,Moby Doc,2021,"Biography,Documentary,Music"
6.7,1661,Don't Call Me Son,2016,Drama
6.6,8986,Sarrainodu,2016,"Action,Drama"
7.4,3218,Krishna Gaadi Veera Prema Gaadha,2016,"Comedy,Romance,Thriller"
7.9,5502,Kammatti Paadam,2016,"Action,Crime,Drama"
6.9,2457,The Etruscan Smile,2018,"Comedy,Drama"
6.9,1957,Jil Jung Juk,2016,"Action,Comedy,Crime"
7.2,33509,Kaabil,2017,"Action,Crime,Drama"
8.1,19803,Life and a Day,2016,Drama
6.6,7454,The White Crow,2018,"Biography,Drama"
6.8,1911,The Guv'nor,2016,"Biography,Crime,Documentary"
7.6,80033,Hotel Mumbai,2018,"Action,Drama,History"
7.5,151236,The Big Sick,2017,"Comedy,Drama,Romance"
7.6,753388,Deadpool 2,2018,"Action,Adventure,Comedy"
6.8,2520,Standing in the Dust,2016,"Action,Biography,Drama"
6.6,3114,A Dragon Arrives!,2016,"Drama,Horror,Mystery"
6.8,3094,BoBoiBoy: The Movie,2016,"Action,Adventure,Animation"
7.1,3016,Magnus,2016,"Biography,Documentary,Sport"
6.8,9793,Husband Material,2018,"Comedy,Drama,Romance"
7.6,2059,Black Butler: Book of the Atlantic,2017,"Animation,Fantasy,Horror"
8.0,4130,Iraivi,2016,"Crime,Drama"
7.2,1877,Strike a Pose,2016,"Documentary,Music"
6.6,7400,Kahaani 2,2016,"Mystery,Thriller"
7.2,108422,Hostiles,2017,"Drama,Western"
6.8,3855,Kaçma Birader,2016,Comedy
6.7,4700,Good Manners,2017,"Fantasy,Horror"
6.9,2393,Tales of an Immoral Couple,2016,Comedy
7.1,3629,Sethupathi,2016,"Action,Crime,Drama"
8.2,1766,Tickling Giants,2016,Documentary
7.0,37679,Border,2018,"Crime,Drama,Fantasy"
7.1,1655,The Redeemed and the Dominant: Fittest on Earth,2016,"Documentary,Sport"
8.1,6621,Kshanam,2016,Thriller
8.9,6204,The Unnamed,2016,Drama
7.1,2020,My Stupid Boss,2016,Comedy
6.7,5554,7 Years,2016,Drama
7.8,3867,"Houston, We Have a Problem!",2016,
7.1,2099,The First Monday in May,2016,Documentary
7.6,3064,Pichaikkaran,2016,"Action,Drama"
7.1,50544,The Goat Life,2024,"Adventure,Drama"
7.7,4664,Dou Kyu Sei: Classmates,2016,"Animation,Drama,Music"
6.7,1501,Happy Wedding,2016,Comedy
7.5,5907,Dhaka Attack,2017,"Action,Thriller"
7.2,23910,Private Life,2018,"Comedy,Drama"
6.9,56999,The Meyerowitz Stories,2017,"Comedy,Drama"
7.5,311547,Killers of the Flower Moon,2023,"Crime,Drama,History"
7.2,1698,It's Not the Time of My Life,2016,Drama
7.0,2802,Jailbreak Pact,2020,"Drama,Thriller"
6.6,6007,Don't Blame the Kid,2016,"Comedy,Romance"
6.8,10501,The Nile Hilton Incident,2017,"Crime,Drama,Mystery"
7.1,2468,The Dumpling Affair,2017,"Comedy,Crime,Drama"
6.7,59803,To the Bone,2017,Drama
7.2,31148,What the Health,2017,Documentary
7.3,10238,Sword Art Online the Movie: Ordinal Scale,2017,"Action,Adventure,Animation"
7.7,3490,The Constitution,2016,"Comedy,Drama"
6.6,1896,Missing You,2016,"Crime,Thriller"
7.3,4954,Oppam,2016,"Action,Thriller"
8.3,2233,Life Begins Now,2017,"Drama,Romance"
7.0,12299,The African Doctor,2016,"Biography,Comedy,Drama"
6.7,3809,Kodi,2016,"Action,Drama,Thriller"
8.1,8928,Maanagaram,2017,"Action,Thriller"
7.2,39645,Wish Dragon,2021,"Adventure,Animation,Comedy"
6.8,5243,Whitney: Can I Be Me,2017,"Biography,Documentary,Music"
6.7,54699,The Good Liar,2019,"Crime,Drama,Mystery"
8.3,2678,Ardaas,2016,Drama
6.7,18984,A Futile and Stupid Gesture,2018,"Biography,Comedy"
8.0,52554,Pink,2016,"Crime,Drama,Thriller"
7.1,2447,Who Killed Cock Robin?,2017,"Crime,Mystery,Thriller"
7.5,263101,"I, Tonya",2017,"Biography,Comedy,Drama"
7.5,44030,The Hate U Give,2018,"Crime,Drama"
7.3,478976,The Shape of Water,2017,"Drama,Fantasy,Romance"
7.3,5556,All About Me,2018,"Biography,Comedy,Drama"
7.1,5410,Tehran Taboo,2017,"Animation,Drama"
7.2,1884,The Invisibles,2017,"Biography,Documentary,Drama"
6.7,1728,Mood of the Day,2016,"Comedy,Romance"
7.9,5528,Truth and Justice,2019,Drama
6.7,24437,Kingsglaive: Final Fantasy XV,2016,"Action,Adventure,Animation"
6.9,2804,Punjab Nahi Jaungi,2017,"Comedy,Romance"
7.2,2573,Patients,2016,"Comedy,Drama"
7.8,14499,Faces Places,2017,"Adventure,Documentary"
7.2,7716,Team Foxcatcher,2016,"Biography,Crime,Documentary"
7.1,2038,Kattappanayile Rithwik Roshan,2016,"Comedy,Drama,Romance"
7.4,6558,Clash,2016,"Drama,Thriller,War"
7.8,5470,Laal Rang,2016,"Comedy,Crime,Drama"
6.7,5366,Confidential Assignment,2017,"Action,Comedy,Drama"
7.3,247092,Doctor Sleep,2019,"Drama,Fantasy,Horror"
6.6,26580,"Juliet, Naked",2018,"Comedy,Drama,Music"
7.5,31713,On Body and Soul,2017,"Drama,Fantasy,Mystery"
6.9,66846,Tully,2018,"Comedy,Drama,Mystery"
8.3,3871,Joker,2016,"Comedy,Drama"
7.4,89336,Mid90s,2018,"Comedy,Drama"
7.3,2236,Unforgettable,2016,"Drama,Romance"
8.0,1521,Street Gang: How We Got to Sesame Street,2021,"Documentary,Family,History"
6.8,18755,Beast,2017,"Crime,Drama,Mystery"
6.7,2180,Just to Be Sure,2017,"Comedy,Drama"
7.2,2460,Just Like Our Parents,2017,Drama
7.2,2103,Close-Knit,2017,Drama
7.6,41983,God's Own Country,2017,"Drama,Romance"
7.1,2429,White Boy,2017,"Crime,Documentary"
7.1,28614,A Fantastic Woman,2017,Drama
6.9,2430,Coyote,2017,"Action,Drama,Thriller"
6.6,2639,Lover for a Day,2017,Drama
7.6,1750,Pick of the Litter,2018,Documentary
6.8,2763,The King,2017,"Action,Crime,Drama"
7.1,43442,The Burial,2023,"Drama,History"
6.6,49691,Thoroughbreds,2017,"Comedy,Crime,Drama"
7.6,148574,The Florida Project,2017,Drama
6.6,6628,The Crew,2016,"Action,Adventure,Drama"
7.1,83817,Brawl in Cell Block 99,2017,"Crime,Drama,Thriller"
7.3,17548,Psycho Raman,2016,"Crime,Drama,Thriller"
7.0,3566,ZG80,2016,"Action,Comedy,Sport"
7.3,12269,Mardaani 2,2019,"Action,Crime,Drama"
6.8,2035,Your Lie in April,2016,"Drama,Music,Romance"
7.3,2880,Indian Horse,2017,"Drama,Sport"
6.9,1578,Manithan,2016,"Crime,Drama,Thriller"
6.8,1642,Clinton Cash,2016,Documentary
6.9,1900,Kensuke's Kingdom,2023,"Adventure,Animation"
7.0,2456,Men 30 Sanah,2016,"Crime,Drama,Thriller"
6.7,1572,Inseparables,2016,"Comedy,Drama"
6.8,4594,A Aa,2016,"Comedy,Drama,Romance"
6.6,6364,Godard Mon Amour,2017,"Biography,Comedy,Drama"
7.3,2378,What's Up with Cinta 2,2016,"Drama,Romance"
6.9,95361,Sorry to Bother You,2018,"Comedy,Drama,Fantasy"
7.2,13395,Mom,2017,"Crime,Drama,Thriller"
8.5,2756,Pashupati Prasad,2016,"Comedy,Drama,Romance"
6.6,4810,The Giant,2017,"Drama,History"
7.0,1575,The Girl Without Hands,2016,"Animation,Drama,Fantasy"
6.9,13888,C'est la vie!,2017,"Comedy,Drama,Romance"
7.5,12372,Two Lottery Tickets,2016,Comedy
6.7,2460,A Man and a Woman,2016,"Drama,Romance"
7.6,312385,Train to Busan,2016,"Action,Horror,Thriller"
6.7,2191,Tadka,2022,"Comedy,Drama,Romance"
7.1,1787,Loveling,2018,"Comedy,Drama"
6.9,67982,I Don't Feel at Home in This World Anymore,2017,"Comedy,Crime,Drama"
6.7,11235,Film Stars Don't Die in Liverpool,2017,"Biography,Drama,Romance"
6.6,2162,Layla M.,2016,Drama
7.6,16341,Madaari,2016,"Drama,Thriller"
7.9,1726,Black Butler: Book of Murder,2014,"Action,Adventure,Animation"
7.0,217724,The Killing of a Sacred Deer,2017,"Drama,Horror,Mystery"
7.2,26742,Breathe,2017,"Biography,Drama,Romance"
6.8,3280,Never Hike Alone,2017,"Horror,Thriller"
7.3,3240,Capital in the Twenty-First Century,2019,Documentary
7.1,38001,In the Fade,2017,"Crime,Drama,Mystery"
6.8,1588,Hotel Coolgardie,2016,Documentary
7.8,363191,Call Me by Your Name,2017,"Drama,Romance"
7.4,360262,Uncut Gems,2019,"Crime,Drama,Thriller"
6.9,36652,Borg vs. McEnroe,2017,"Biography,Drama,Sport"
7.2,6482,Sour Grapes,2016,"Crime,Documentary"
7.2,15559,Memoir of a Murderer,2017,"Action,Crime,Mystery"
6.6,2979,Master,2016,"Action,Crime"
7.3,8364,Whitney,2018,"Biography,Documentary,Drama"
6.7,136185,You Were Never Really Here,2017,"Crime,Drama,Thriller"
6.8,3530,Phobia,2016,"Drama,Horror,Mystery"
6.6,13377,Small Town Crime,2017,"Action,Crime,Drama"
7.2,3016,Belushi,2020,"Biography,Documentary"
7.0,46945,Leo,2023,"Adventure,Animation,Comedy"
7.9,36397,Hindi Medium,2017,"Comedy,Drama"
6.8,1931,The Truth Beneath,2016,"Crime,Drama,Mystery"
6.6,2564,Mumon: The Land of Stealth,2017,"Action,Romance"
7.1,1746,A Wedding,2016,Drama
8.9,5254,Dominion,2018,Documentary
7.0,3917,Studio 54,2018,"Documentary,History,Music"
6.7,51995,Summer of 84,2018,"Crime,Drama,Horror"
7.4,163467,Phantom Thread,2017,"Drama,Romance"
8.2,5810,One More Time with Feeling,2016,"Documentary,Music"
7.7,2720,Praktan,2016,"Comedy,Drama"
7.2,26202,Toilet: A Love Story,2017,"Comedy,Drama,Romance"
6.7,2742,Tel Aviv on Fire,2018,"Comedy,Drama,Romance"
7.4,4517,My Happy Family,2017,Drama
7.7,1964,This Changes Everything,2018,Documentary
6.8,50592,Escape from Pretoria,2020,"Action,Biography,Crime"
7.9,24911,I Am Not Your Negro,2016,"Documentary,History"
7.5,1723,Budhia Singh: Born to Run,2016,"Biography,Drama,Sport"
7.3,18923,Brigsby Bear,2017,"Comedy,Drama"
7.2,3966,Tread,2019,"Crime,Documentary"
7.0,2943,"I, Timon",2017,"Drama,Thriller"
8.1,112982,The Mountain II,2016,"Action,Drama,War"
6.8,63573,Spies in Disguise,2019,"Action,Adventure,Animation"
6.6,23005,The Party,2017,"Comedy,Drama"
7.1,4573,1945,2017,Drama
7.1,3143,Gentleman,2016,"Mystery,Romance,Thriller"
6.6,6227,Band Aid,2017,"Comedy,Drama,Music"
6.8,40226,Victoria & Abdul,2017,"Biography,Comedy,Drama"
7.1,3354,The Divine Order,2017,"Comedy,Drama"
6.6,36393,Paddington in Peru,2024,"Adventure,Comedy,Family"
8.2,12588,Pelli Choopulu,2016,"Comedy,Drama,Romance"
7.4,32569,A Hidden Life,2019,"Biography,Drama,Romance"
7.1,3061,Shikari,2016,"Action,Crime,Drama"
6.8,1910,Dance Academy: The Movie,2017,Drama
7.0,5381,The Last Movie Star,2017,Drama
7.8,2580,The Work,2017,Documentary
7.1,4527,How Viktor 'The Garlic' Took Alexey 'The Stud' to the Nursing Home,2017,"Crime,Drama"
7.2,1723,Annmariya Kalippilanu,2016,"Comedy,Drama"
7.1,1819,The Woman Who Left,2016,Drama
6.8,3907,Ice,2018,"Drama,Romance,Sport"
6.7,5886,Serial Cook,2017,"Comedy,Crime,Drama"
7.0,208213,Ralph Breaks the Internet,2018,"Adventure,Animation,Comedy"
7.9,1551,Appa,2016,Drama
7.2,2000,One Last Deal,2018,Drama
7.1,1757,"My Sailor, My Love",2022,Drama
7.4,4544,The Big Bad Fox and Other Tales,2017,"Adventure,Animation,Comedy"
7.6,2477,Kuttrame Thandanai,2016,"Crime,Drama,Mystery"
7.3,28680,Lucky,2017,"Comedy,Drama,Western"
8.3,15159,Aruvi,2016,Drama
7.3,10088,The Whiskey Bandit,2017,"Action,Biography,Crime"
6.8,2367,Memoirs of a Murderer,2017,"Drama,Mystery,Thriller"
7.0,6584,Bodied,2017,"Comedy,Drama,Music"
7.0,5943,Esteros,2016,"Drama,Romance"
7.5,1503,David Crosby: Remember My Name,2019,"Documentary,Music"
6.7,51202,Marrowbone,2017,"Drama,Horror,Mystery"
8.1,2861,Guppy,2016,"Comedy,Drama"
7.2,3445,Survival Family,2016,"Adventure,Comedy,Family"
6.6,3412,Ezra,2017,"Horror,Mystery,Thriller"
8.2,39543,13th,2016,"Crime,Documentary,History"
6.8,4650,I Can Quit Whenever I Want: Masterclass,2017,"Action,Comedy,Crime"
6.8,3752,I Can Quit Whenever I Want: Ad Honorem,2017,"Action,Comedy"
7.1,9273,Summer 1993,2017,"Drama,Family"
8.0,9184,Thondi Muthalum Driksakshiyum,2017,"Crime,Drama,Thriller"
6.8,1729,Yourself and Yours,2016,"Comedy,Drama"
6.8,12277,Tunnel,2016,"Drama,Thriller"
7.2,23130,Blue Jay,2016,"Drama,Romance"
6.7,1732,Doraemon: Great Adventure in the Antarctic Kachi Kochi,2017,"Adventure,Animation,Comedy"
7.3,5473,No Game No Life: Zero,2017,"Adventure,Animation,Drama"
6.7,3804,Asura,2016,"Action,Crime,Thriller"
7.4,6898,A Death in the Gunj,2016,"Drama,Thriller"
6.9,2678,I Am Not Madame Bovary,2016,"Comedy,Drama"
6.9,3711,Marlina the Murderer in Four Acts,2017,"Drama,Thriller,Western"
7.1,18008,Gantz: O,2016,"Action,Animation,Drama"
7.0,4640,More,2017,"Crime,Drama"
6.8,33941,Wildlife,2018,Drama
8.2,29736,Before the Flood,2016,"Documentary,News"
7.2,55441,The Professor and the Madman,2019,"Biography,Drama,History"
7.5,2785,Dharma Durai,2016,Drama
7.1,41524,Padmaavat,2018,"Drama,History,War"
7.4,5248,The Last Family,2016,"Biography,Drama"
7.6,2686,Glory,2016,Drama
7.3,2950,Mystify: Michael Hutchence,2019,"Biography,Documentary,Music"
7.4,47781,Dear Zindagi,2016,"Drama,Romance"
7.2,9516,Janatha Garage,2016,"Action,Drama"
7.1,2521,The Last Princess,2016,"Action,Biography,Drama"
7.0,436600,Superman,2025,"Action,Adventure,Sci-Fi"
6.6,11093,The Balkan Line,2019,"Action,War"
7.8,3659,The Ivory Game,2016,Documentary
6.9,27652,Amanda Knox,2016,"Crime,Documentary"
7.1,3057,Abacus: Small Enough to Jail,2016,Documentary
6.8,15378,The Mustang,2019,Drama
8.1,1852,Lumière!,2016,"Documentary,History"
7.5,1746,Mission Control: The Unsung Heroes of Apollo,2017,"Documentary,History"
8.4,24722,Vada Chennai,2018,"Action,Crime,Drama"
6.8,1589,Janaan,2016,"Drama,Musical,Romance"
6.6,52311,Ingrid Goes West,2017,"Comedy,Drama,Horror"
8.3,6969,Aloko Udapadi,2017,"Drama,History"
6.7,3286,The Factory,2018,"Crime,Drama,Thriller"
6.7,16727,The Angel,2018,"Action,Biography,Drama"
7.1,9587,The Battleship Island,2017,"Action,Drama,History"
7.2,179798,The Little Mermaid,2023,"Adventure,Family,Fantasy"
6.7,7068,Batman: Return of the Caped Crusaders,2016,"Action,Adventure,Animation"
7.3,3264,In Between,2016,Drama
7.2,31186,Jolly LLB 2,2017,"Comedy,Crime,Drama"
7.0,7178,Tikli and Laxmi Bomb,2017,Drama
7.1,8669,Sour Apples,2016,"Drama,History"
7.0,2759,The Glassworker,2024,"Animation,Drama,Romance"
6.6,5969,Three Seconds,2017,"Biography,Drama,Sport"
6.9,27337,Life Itself,2018,"Comedy,Drama,Romance"
6.9,1712,Reinventing Marvin,2017,Drama
7.2,24691,Columbus,2017,Drama
7.4,5089,The Net,2016,Drama
6.8,8224,The Great Father,2017,"Action,Crime,Drama"
7.1,2607,Hotel Salvation,2016,"Comedy,Drama"
7.3,2786,Aanandam,2016,"Adventure,Comedy,Drama"
7.5,11445,Custody,2017,"Drama,Thriller"
7.4,2143,Midnight Family,2019,Documentary
6.6,5789,Ordinary Love,2019,"Drama,Romance"
6.7,4961,Chasing the Dragon,2017,"Action,Biography,Crime"
7.3,16632,The Edge of Democracy,2019,"Documentary,History"
6.9,30951,Last Flag Flying,2017,"Comedy,Drama,War"
8.7,53158,Kill Bill: The Whole Bloody Affair,2004,"Action,Crime,Thriller"
7.7,8992,Dhruva,2016,"Action,Crime,Drama"
6.8,3727,Charlatan,2020,"Biography,Drama,History"
7.2,2373,The Magic Pill,2017,Documentary
7.2,3318,Food Choices,2016,Documentary
7.0,7501,MSG the Warrior: Lion Heart,2016,"Adventure,Fantasy,Sci-Fi"
6.7,17022,The Children Act,2017,Drama
7.2,2146,Mad World,2016,Drama
6.8,21383,Skin,2018,"Biography,Crime,Drama"
7.3,1521,Lupin the Third: Goemon's Blood Spray,2017,"Action,Adventure,Animation"
7.0,135859,Greyhound,2020,"Action,Drama,History"
7.1,68220,First Reformed,2017,"Drama,Mystery,Thriller"
6.7,4801,Princess Cyd,2017,"Drama,Romance"
6.9,4274,Sunday's Illness,2018,Drama
7.3,3552,Soulmate,2016,"Drama,Romance"
8.2,8539,Kirik Party,2016,"Comedy,Drama,Romance"
7.0,2899,Gook,2017,Drama
7.3,2765,Ekvtime: Man of God,2018,"Biography,Drama,History"
6.6,3783,Jomon's Gospels,2017,"Comedy,Drama"
6.8,23290,Toc Toc,2017,Comedy
7.1,5337,Man of God,2021,"Biography,Drama"
6.8,19960,Monos,2019,"Adventure,Drama,Thriller"
6.6,17238,Light of My Life,2019,"Drama,Sci-Fi,Thriller"
7.5,16200,Lucifer,2019,"Action,Crime,Drama"
7.9,2490,Batman & Bill,2017,"Animation,Documentary,Mystery"
7.5,7675,Hatred,2016,"Drama,War"
6.7,3759,Gringo: The Dangerous Life of John McAfee,2016,"Crime,Documentary"
8.0,3514,Aandavan Kattalai,2016,Drama
7.1,3717,Let Me Eat Your Pancreas,2017,"Drama,Romance"
7.1,3205,Soni,2018,"Crime,Drama"
6.8,77171,I See You,2019,"Horror,Mystery,Thriller"
7.3,5355,Little Forest,2018,Drama
7.2,5696,Blizzard of Souls,2019,"Action,Drama,History"
7.8,1656,Fade to Black,2017,Documentary
7.3,6269,Mr & Mme Adelman,2017,"Comedy,Drama,Romance"
7.1,3789,Njandukalude Naattil Oridavela,2017,"Comedy,Drama,Family"
6.9,2847,Munthirivallikal Thalirkkumbol,2017,"Comedy,Romance"
6.7,1894,The Family I Had,2017,"Crime,Documentary"
6.9,16586,Perfect Strangers,2017,"Comedy,Drama"
7.2,2519,The Ride,2018,Drama
6.9,3468,I'm a Killer,2016,"Crime,Drama,Mystery"
7.3,2794,Ramaleela,2017,"Drama,Thriller"
6.8,294476,The Lion King,2019,"Adventure,Animation,Drama"
7.7,32565,Secret Superstar,2017,"Drama,Music"
6.6,40480,Disobedience,2017,Drama
8.0,1569,The Shame,1982,"Crime,Drama"
7.5,3552,Becoming Bond,2017,"Biography,Comedy,Documentary"
6.9,33419,The Night Comes for Us,2018,"Action,Crime,Thriller"
7.1,2089,Olappeeppi,2016,"Drama,Family"
6.6,2638,"Ana, My Love",2017,"Drama,Romance"
7.0,1747,Pr' Hostar,2016,Comedy
7.6,11636,Bhavesh Joshi Superhero,2018,"Action,Drama"
7.0,30645,Professor Marston & the Wonder Women,2017,"Biography,Drama,History"
6.7,3695,The Fire Inside,2024,"Biography,Drama,Sport"
7.4,17765,120 BPM (Beats Per Minute),2017,Drama
6.9,317991,Aladdin,2019,"Adventure,Comedy,Family"
6.6,40325,The Aeronauts,2019,"Action,Adventure,Drama"
7.9,1791,Dark Wind,2017,Drama
7.4,485906,John Wick: Chapter 3 - Parabellum,2019,"Action,Crime,Thriller"
8.2,55882,Vikram Vedha,2017,"Action,Crime,Drama"
7.3,1717,Do You Trust This Computer?,2018,Documentary
7.6,179345,Roma,2018,Drama
8.1,6509,The Great Beauty,2015,Documentary
7.4,3583,37 Seconds,2019,Drama
8.2,8339,HyperNormalisation,2016,Documentary
8.1,2205,Miss Saigon: 25th Anniversary,2016,"Drama,Musical,Romance"
7.1,7494,November,2017,"Drama,Fantasy,Horror"
6.9,196217,Wonka,2023,"Adventure,Comedy,Family"
7.4,2450,Mr. Donkey,2016,Comedy
7.9,7117,Angamaly Diaries,2017,"Action,Comedy,Thriller"
7.7,3178,One Day,2016,"Drama,Romance"
6.6,2842,"Standing Up, Falling Down",2019,"Comedy,Drama"
7.3,15623,Gold,2018,"Drama,History,Sport"
6.9,3650,Luck-Key,2016,"Action,Comedy,Crime"
6.7,2550,Only God Can Judge Me,2017,"Crime,Drama,Thriller"
6.9,4248,This Crazy Heart,2017,"Comedy,Drama"
7.7,1584,Poorna,2017,"Action,Adventure,Biography"
6.6,46058,Smallfoot,2018,"Adventure,Animation,Comedy"
6.9,2342,The Treasure,2017,"Action,Adventure,Drama"
6.8,3547,Saving Capitalism,2017,Documentary
7.3,6948,Imaikkaa Nodigal,2018,"Crime,Drama,Thriller"
7.0,1611,Friends by Chance,2017,"Comedy,Drama"
7.0,1572,What We Started,2017,"Documentary,Music"
6.8,17578,A Shaun the Sheep Movie: Farmageddon,2019,"Adventure,Animation,Comedy"
6.6,6769,The Trip to Spain,2017,"Adventure,Comedy,Drama"
6.6,3664,Ava,2017,"Drama,Romance"
7.3,1504,Omnipresent,2017,Drama
6.9,1798,The Coming War on China,2016,"Documentary,History"
7.2,1605,Kammara Sambhavam,2018,"Action,Comedy,Drama"
7.2,4422,Mountain,2017,Documentary
7.0,4612,Ted - Show Me Love,2018,"Biography,Drama,Music"
7.5,15160,Trapped,2016,"Drama,Thriller"
7.2,7618,"No Date, No Signature",2017,"Drama,Mystery,Thriller"
6.7,1558,Lovely Trash,2013,"Drama,Fantasy"
6.8,3072,My Brother Khosrow,2016,Drama
7.4,1592,Ex Libris,2017,Documentary
7.0,53572,American Animals,2018,"Biography,Crime,Drama"
8.0,5216,Parava,2017,"Action,Comedy,Drama"
6.9,4981,I Am Not a Witch,2017,"Comedy,Drama"
6.7,2775,The Guardians,2017,"Drama,War"
7.6,6230,Something Useful,2017,Drama
7.8,1824,If I Leave Here Tomorrow: A Film About Lynyrd Skynyrd,2018,"Biography,Documentary,History"
7.4,22300,The Rider,2017,"Drama,Western"
6.8,39219,Calibre,2018,"Drama,Thriller"
7.5,3230,Godha,2017,"Comedy,Drama,Sport"
6.8,5933,Under the Tree,2017,"Comedy,Drama,Thriller"
8.1,4922,The Farthest,2017,"Documentary,History"
7.0,22167,The Man Who Invented Christmas,2017,"Biography,Comedy,Drama"
6.7,3910,Midday Adventures,2017,"Action,Drama,History"
6.6,2293,Roza of Smyrna,2016,"Drama,Romance"
7.8,3344,Earth: One Amazing Day,2017,"Documentary,Family"
7.4,8723,"Ruben Brandt, Collector",2018,"Action,Animation,Crime"
7.7,2895,Elvis Presley: The Searcher,2018,"Biography,Documentary,Music"
7.2,1884,Miss Virginia,2019,Drama
6.8,3987,A Moment in the Reeds,2017,"Drama,Romance"
6.6,27822,The Miseducation of Cameron Post,2018,"Comedy,Drama"
7.4,2290,Ekkadiki Pothavu Chinnavada,2016,"Comedy,Fantasy,Romance"
6.9,6690,In the Aisles,2018,"Drama,Romance"
7.5,585714,Deadpool & Wolverine,2024,"Action,Adventure,Comedy"
7.1,494884,Free Guy,2021,"Action,Adventure,Comedy"
7.4,26493,Kesari,2019,"Action,Drama,History"
7.1,2379,My Generation,2017,"Documentary,History"
6.8,87319,A Ghost Story,2017,"Drama,Fantasy,Mystery"
7.2,176132,Vice,2018,"Biography,Comedy,Drama"
7.6,2119,Aramm,2017,Drama
7.4,1940,Breath,2016,"Drama,Family,Fantasy"
7.3,2605,Vanishing Time: A Boy Who Returned,2016,"Drama,Fantasy"
6.9,3320,11M: Terror in Madrid,2022,Documentary
7.1,2134,The Bears' Famous Invasion of Sicily,2019,"Adventure,Animation,Family"
7.3,43462,The Banker,2020,"Biography,Drama"
6.6,2899,A Horrible Woman,2017,"Drama,Romance"
6.8,33459,"Don't Worry, He Won't Get Far on Foot",2018,"Biography,Comedy,Drama"
6.8,10863,Patti Cake$,2017,"Drama,Music"
6.7,106895,I Am Mother,2019,"Drama,Mystery,Sci-Fi"
7.9,7087,Bingo: The King of the Mornings,2017,"Biography,Comedy,Drama"
7.2,173285,The Post,2017,"Biography,Drama,History"
6.7,1774,The Miracles of the Namiya General Store,2017,"Drama,Fantasy"
7.5,16141,The Ghazi Attack,2017,"Action,Drama,Thriller"
6.7,9718,Pandora,2016,"Action,Drama,Thriller"
6.9,40117,Thelma,2017,"Drama,Fantasy,Horror"
7.6,37904,Loveless,2017,Drama
7.0,2302,Perfect Strangers,2016,"Comedy,Drama"
6.6,66472,Adrift,2018,"Action,Adventure,Biography"
8.0,8229,Take Off,2017,"Action,Drama,Thriller"
8.2,48914,Ayla: The Daughter of War,2017,"Biography,Drama,History"
6.8,13755,Penguin Bloom,2020,"Biography,Drama,Family"
7.3,664346,Spider-Man: Far from Home,2019,"Action,Adventure,Comedy"
8.8,1801,The Flip Side: A Truth That Could Not Reach You,2015,Documentary
6.6,8618,An Inconvenient Sequel: Truth to Power,2017,Documentary
7.0,47227,Abominable,2019,"Adventure,Animation,Comedy"
6.9,2372,School of Life,2017,"Comedy,Drama,Family"
8.2,2615,What We Left Behind: Looking Back at Star Trek: Deep Space Nine,2018,"Documentary,Sci-Fi"
8.0,5982,Chasing Coral,2017,Documentary
7.4,4444,City of Ghosts,2017,"Documentary,War"
7.9,58458,Icarus,2017,"Documentary,Sport"
6.8,2218,The Wound,2017,"Drama,Romance"
7.3,1736,Joshua: Teenager vs. Superpower,2017,Documentary
7.4,3106,Last Men in Aleppo,2017,"Documentary,War"
6.6,2790,Menashe,2017,Drama
7.4,3084,Oklahoma City,2017,"Crime,Documentary,History"
7.2,463226,The Suicide Squad,2021,"Action,Adventure,Comedy"
7.5,7495,"The Night Is Short, Walk on Girl",2017,"Adventure,Animation,Comedy"
6.8,19563,Mary and the Witch's Flower,2017,"Adventure,Animation,Family"
6.7,23861,Vivo,2021,"Adventure,Animation,Comedy"
6.6,3398,Inuyashiki,2018,"Action,Drama,Mystery"
6.8,3509,The Wild Boys,2017,"Adventure,Comedy,Drama"
6.8,3578,Oh Lucy!,2017,"Comedy,Drama,Romance"
7.1,173136,Creed II,2018,"Action,Drama,Sport"
7.4,4584,Code Geass: Lelouch of the Re;Surrection,2019,"Action,Adventure,Animation"
8.2,4241,Newsies: The Broadway Musical,2017,Musical
6.7,31121,Missing Link,2019,"Adventure,Animation,Comedy"
7.9,10218,Raajakumara,2017,"Action,Drama"
7.5,3027,The Grizzlies,2018,"Biography,Drama,Sport"
7.8,2635,Check Store Next Door,2016,"Comedy,Drama"
7.5,3007,David Bowie: The Last Five Years,2017,"Documentary,Music"
8.2,19169,Dhuruvangal Pathinaaru,2016,"Crime,Drama,Mystery"
6.8,1612,Hey Jude,2018,"Comedy,Drama,Romance"
7.5,13981,Birds of Passage,2018,"Crime,Drama"
7.3,4949,My Annoying Brother,2016,"Comedy,Drama,Sport"
7.1,2460,Wrath of Silence,2017,"Crime,Drama,Mystery"
7.7,10884,Invisible Life,2019,Drama
6.8,137021,Bombshell,2019,"Biography,Drama"
6.8,1682,I am Jane Doe,2017,Documentary
7.4,71937,Downton Abbey,2019,"Drama,Romance"
6.8,7635,Fabricated City,2017,"Action,Crime"
6.8,4812,My Best Friend,2018,"Drama,Romance"
7.0,9067,Unacknowledged,2017,Documentary
7.8,3247,Mufti,2017,"Action,Drama,Thriller"
7.3,2422,The Elder One,2019,"Crime,Drama,Romance"
6.7,9032,The Third Murder,2017,"Crime,Drama,Mystery"
7.2,2831,1985,2018,Drama
7.2,186154,The Ballad of Buster Scruggs,2018,"Comedy,Drama,Musical"
6.8,5514,On the Beach at Night Alone,2017,"Drama,Romance"
6.6,3821,V.I.P.,2017,"Action,Crime,Thriller"
7.0,1756,Shatamanam Bhavati,2017,Drama
6.8,2491,High Strung Free Dance,2018,"Music,Romance"
6.7,30911,Moxie,2021,"Comedy,Drama"
7.1,7861,Becoming Astrid,2018,"Biography,Drama,History"
7.0,1861,Will You Be There?,2016,"Drama,Fantasy,Romance"
7.4,6207,Becoming Warren Buffett,2017,"Biography,Documentary"
6.7,1577,Taksim Hold'em,2017,"Comedy,Drama"
7.3,13725,Mommy Dead and Dearest,2017,"Crime,Documentary"
6.6,4010,Blaze,2018,"Biography,Drama,Music"
7.7,4772,Bal Ganesh,2007,"Animation,Family"
7.3,21023,I Can Only Imagine,2018,"Biography,Drama,Family"
6.8,3027,Lu Over the Wall,2017,"Adventure,Animation,Comedy"
7.6,67990,Sanju,2018,"Biography,Comedy,Drama"
6.8,1539,Sin,2019,"Biography,Drama,History"
7.6,2297,Eating Our Way to Extinction,2021,Documentary
6.7,5374,Le brio,2017,"Comedy,Drama"
6.9,2745,The Day After,2017,"Drama,Romance"
7.1,4919,Zana,2019,"Drama,Horror,Mystery"
6.8,1636,3 Days in Quiberon,2018,Drama
7.3,102896,Sing 2,2021,"Adventure,Animation,Comedy"
6.9,4093,Hind Ka Napak Ko Jawab,2017,"Action,Thriller"
7.5,2264,Directions,2017,Drama
6.9,4342,Berlin Alexanderplatz,2020,"Crime,Drama,Thriller"
6.8,2042,Ajji,2017,"Crime,Drama"
7.2,98465,Five Feet Apart,2019,"Drama,Romance"
7.5,13011,Clouds,2020,"Biography,Drama,Music"
8.6,1511,Scream for Me Sarajevo,2017,"Documentary,Music,War"
6.7,1638,Great Minds,2017,"Comedy,Drama"
7.6,22532,Newton,2017,"Comedy,Drama"
6.9,3481,Quién te cantará,2018,"Drama,Music,Mystery"
7.5,42502,Mersal,2017,"Action,Crime,Fantasy"
7.8,2115,JoJo's Bizarre Adventure: Phantom Blood,2007,"Action,Adventure,Animation"
7.2,1632,Fittest on Earth: A Decade of Fitness,2017,Documentary
6.9,62816,Dragged Across Concrete,2018,"Action,Crime,Drama"
7.7,8094,1987: When the Day Comes,2017,"Drama,History,Thriller"
6.6,1511,Destiny: The Tale of Kamakura,2017,"Crime,Drama,Fantasy"
6.6,48172,Migration,2023,"Adventure,Animation,Comedy"
7.1,3135,In Syria,2017,"Drama,War"
7.4,2727,Eric Clapton: Life in 12 Bars,2017,"Biography,Documentary,Music"
7.5,236919,Upgrade,2018,"Action,Sci-Fi,Thriller"
6.7,2504,Euthanizer,2017,"Drama,Horror,Thriller"
7.0,1841,Mr. Long,2017,"Action,Crime,Drama"
7.7,8863,McQueen,2018,"Biography,Documentary"
7.0,93750,Fighting with My Family,2019,"Biography,Comedy,Drama"
6.6,5647,The Kindness of Strangers,2019,Drama
7.7,5542,Debi,2018,"Drama,Horror,Mystery"
7.2,13141,Salyut-7: The True Story of the Soviet 'Apollo 13',2017,"Adventure,Drama,History"
7.5,65876,Cold War,2018,"Drama,Music,Romance"
6.9,2913,Fairy Tail: Dragon Cry,2017,"Action,Adventure,Animation"
7.1,70529,The White Tiger,2021,"Crime,Drama"
7.2,2905,Human Flow,2017,Documentary
6.6,10141,Blame!,2017,"Action,Animation,Drama"
7.4,6571,The Silent Revolution,2018,"Drama,History"
7.6,2363,Ryuichi Sakamoto: Coda,2017,"Documentary,Music"
7.4,7917,102 Not Out,2018,"Comedy,Drama"
7.3,150209,The Boy and the Heron,2023,"Adventure,Animation,Drama"
7.5,15552,Hichki,2018,"Comedy,Drama"
7.3,3412,Kuttram 23,2017,"Action,Thriller"
6.7,1943,Ray & Liz,2018,Drama
7.3,2229,Eternal Winter,2018,"Drama,History,Romance"
7.5,1521,The Orange Years: The Nickelodeon Story,2018,Documentary
7.0,4727,Solo,2017,"Action,Drama,Musical"
6.7,6569,Clara,2018,"Drama,Sci-Fi"
7.9,1766,Story of an Egg,2017,"Comedy,Drama"
6.9,1689,Ferrari: Race to Immortality,2017,"Documentary,Sport"
7.0,1923,The Blood of Wolves,2018,"Crime,Drama"
7.0,2233,Listen,2020,Drama
8.0,31157,The Wild Pear Tree,2018,Drama
7.1,180162,Bad Times at the El Royale,2018,"Crime,Drama,Mystery"
7.5,666192,A Quiet Place,2018,"Drama,Horror,Sci-Fi"
7.2,1782,Sunday Holiday,2017,"Comedy,Drama"
7.0,3753,Youth,2017,"Drama,Romance,War"
7.5,2826,Nabab,2017,"Comedy,Romance,Thriller"
6.7,5150,What They Had,2018,Drama
7.6,1650,Carnage,2017,Comedy
7.1,2567,A Life of Speed: The Juan Manuel Fangio Story,2020,"Biography,Documentary,Sport"
7.2,8753,Spacewalker,2017,"Drama,History"
6.9,12959,Transit,2018,"Drama,Sci-Fi"
8.7,4132,On vam ne Dimon,2017,Documentary
6.9,89021,Outlaw King,2018,"Action,Biography,Drama"
7.4,1627,Pennywise: The Story of It,2021,"Documentary,Horror"
6.8,9645,Ladies in Black,2018,"Comedy,Drama,Romance"
6.6,7370,Mavka: The Forest Song,2023,"Adventure,Animation,Comedy"
6.6,3254,The Freshmen,2018,"Comedy,Drama"
7.2,17323,Ittefaq,2017,"Mystery,Thriller"
7.3,2261,Wajib - The Wedding Invitation,2017,"Comedy,Drama"
6.9,41960,Arif V 216,2018,"Comedy,Sci-Fi"
7.8,7722,AlphaGo,2017,"Documentary,Sport"
6.8,14212,The Photographer of Mauthausen,2018,"Biography,Drama,History"
6.7,6713,Elisa & Marcela,2019,"Biography,Drama,Romance"
6.7,1758,Diane,2018,Drama
7.2,6816,Bad Seeds,2018,Comedy
7.7,658038,Everything Everywhere All at Once,2022,"Action,Adventure,Comedy"
6.8,2746,Babumoshai Bandookbaaz,2017,"Action,Comedy,Crime"
7.1,3044,Kavan,2017,"Action,Thriller"
7.3,7994,Get Me Roger Stone,2017,"Biography,Documentary"
7.0,300673,The Super Mario Bros. Movie,2023,"Adventure,Animation,Comedy"
7.3,3180,Born a King,2019,"Drama,History"
6.8,2814,Ramen Shop,2018,Drama
7.3,10590,Trance,2020,"Drama,Thriller"
7.1,5255,Come As You Are,2019,"Comedy,Drama"
7.8,2642,The Elephant Queen,2018,"Documentary,Family"
7.3,704549,Tenet,2020,"Action,Sci-Fi,Thriller"
8.3,10583,Scenes from a Marriage,1974,Drama
6.9,3641,Bhaagamathie,2018,"Horror,Thriller"
7.7,4682,Kuroko's Basketball: Last Game,2017,"Animation,Drama,Sport"
6.9,1724,212 Warrior,2018,"Action,Adventure,Comedy"
6.8,1520,New Trial,2017,"Crime,Drama"
7.9,1997,Hitsville: The Making of Motown,2019,"Documentary,Music"
7.4,2551,Power Paandi,2017,"Action,Drama,Musical"
6.6,5552,Love in Kilnerry,2019,Comedy
7.4,2616,Breaking the Limits,2017,"Biography,Drama,Sport"
7.4,7215,I Am Heath Ledger,2017,"Biography,Documentary"
7.1,3520,"Remi, Nobody's Boy",2018,"Adventure,Drama,Family"
7.5,69708,The Guilty,2018,"Crime,Drama,Thriller"
6.7,3934,Pity,2018,Drama
7.5,2555,8 Thottakkal,2017,Thriller
6.7,5601,Loro 1,2018,"Biography,Drama"
8.0,1948,Rabb Da Radio,2017,Drama
6.6,1768,Poramon 2,2018,"Drama,Romance"
8.5,1186221,Parasite,2019,"Drama,Thriller"
7.4,4643,Bombshell: The Hedy Lamarr Story,2017,"Biography,Documentary,History"
7.5,23445,Happy as Lazzaro,2018,"Drama,Fantasy,Mystery"
7.5,3039,Bad Poems,2018,"Comedy,Drama"
7.3,24361,The Captain,2017,"Drama,History,Thriller"
7.2,31817,Dogman,2018,"Crime,Drama,Thriller"
7.1,7238,Steel Rain,2017,"Action,Drama,Thriller"
6.7,61667,Hillbilly Elegy,2020,"Biography,Drama"
6.7,2059,This Is Not What I Expected,2017,"Comedy,Drama,Romance"
6.8,1632,Queen,2018,"Comedy,Crime,Mystery"
6.9,3792,And Breathe Normally,2018,Drama
7.2,3171,A Man of Integrity,2017,Drama
7.1,2975,Beauty and the Dogs,2017,"Crime,Drama,Thriller"
6.8,3484,Closeness,2017,Drama
6.8,2542,24 Frames,2017,Drama
6.6,18755,The Villainess,2017,"Action,Thriller"
6.7,3751,The Merciless,2017,"Action,Crime,Drama"
7.5,1589,Marona's Fantastic Tale,2019,"Animation,Drama,Family"
7.0,1856,Open Seas,2018,Drama
7.6,25707,Bad Genius,2017,"Comedy,Crime,Drama"
7.9,482039,Guardians of the Galaxy Vol. 3,2023,"Action,Adventure,Comedy"
7.0,5841,Tumhari Sulu,2017,"Comedy,Drama"
7.5,11800,A Twelve-Year Night,2018,"Adventure,Biography,Crime"
7.2,13130,Champions,2018,"Comedy,Drama,Family"
8.2,7404,LA 92,2017,"Crime,Documentary,History"
6.9,3185,The Ciambra,2017,"Crime,Drama"
6.7,50857,The Vast of Night,2019,"Drama,Mystery,Sci-Fi"
7.0,1970,Bloody Milk,2017,"Crime,Drama,Thriller"
7.0,1561,Gabriel and the Mountain,2017,"Adventure,Biography,Drama"
7.0,2585,Journey from Greece,2017,"Adventure,Drama,Music"
7.4,3934,Hello!,2017,"Action,Romance"
6.8,8849,About Endlessness,2019,"Comedy,Drama,Fantasy"
6.8,63880,Arctic,2018,"Adventure,Drama"
7.4,2416,Life Is Lovely,2017,"Comedy,Drama"
6.7,30452,Benedetta,2021,"Biography,Drama,Romance"
8.3,2555,Vasantha Vaasal,1996,"Action,Romance"
6.6,306337,Glass,2019,"Drama,Fantasy,Horror"
7.0,1914,United Nation Three Decades of Drum & Bass,2020,"Documentary,Music"
7.6,26809,Parmanu: The Story of Pokhran,2018,"Drama,History,Thriller"
8.5,3528,Love Today,1997,"Drama,Romance"
7.8,1571,Ninaithen Vandhai,1998,"Drama,Romance"
8.3,2862,Priyamudan,1998,"Romance,Thriller"
6.9,18719,Mr. Jones,2019,"Biography,Drama,Thriller"
6.8,3066,The First Day of My Life,2023,"Comedy,Drama,Fantasy"
7.6,3211,Shahjahan,2001,"Drama,Romance"
7.0,2067,Crystal Swan,2018,Drama
7.1,10847,Summerland,2020,"Drama,Romance,War"
7.7,1642,"Hare Krishna! The Mantra, the Movement and the Swami Who Started It",2017,Documentary
7.3,2072,Yomeddine,2018,"Adventure,Comedy,Drama"
7.3,2331,Junk Head,2017,"Action,Adventure,Animation"
7.4,3804,Filmworker,2017,"Biography,Documentary"
7.2,2203,The Judgement,2021,"Biography,Crime,Drama"
6.6,4585,Benediction,2021,"Biography,Drama,History"
6.8,398141,Us,2019,"Horror,Mystery,Thriller"
7.3,52151,Palmer,2021,Drama
6.8,7315,Jai Lava Kusa,2017,"Action,Drama,Thriller"
7.0,20040,Shadow,2018,"Action,Adventure,Fantasy"
8.1,3404,Bobby Robson: More Than a Manager,2018,"Documentary,Sport"
6.7,41907,The Professor,2018,"Comedy,Drama"
7.9,38849,A Taxi Driver,2017,"Action,Drama,History"
6.8,101805,News of the World,2020,"Action,Adventure,Drama"
6.6,8707,Operation Red Sea,2018,"Action,Drama,Thriller"
7.1,2626,Sound of Hope: The Story of Possum Trot,2024,Drama
7.8,2226,Lahoriye,2017,Drama
6.7,5418,The Cake General,2018,"Comedy,Drama"
6.9,2457,Count Me In,2021,"Documentary,History,Music"
6.8,3452,A Day,2017,"Drama,Mystery,Thriller"
6.8,14822,The Girl in the Fog,2017,"Crime,Drama,Mystery"
6.8,2128,Boys Cry,2018,"Crime,Drama"
7.4,5688,They'll Love Me When I'm Dead,2018,"Biography,Documentary"
7.2,8448,Foxtrot,2017,"Drama,War"
7.0,19993,Mirai,2018,"Adventure,Animation,Drama"
6.7,4638,The Negotiation,2018,"Action,Crime,Thriller"
7.4,72432,Mirage,2018,"Drama,Fantasy,Mystery"
6.9,3375,The Originals,2017,"Drama,Mystery,Thriller"
6.6,5043,End of Sentence,2019,"Adventure,Drama"
6.6,11753,Bergman Island,2021,"Comedy,Drama,Romance"
6.6,122369,Mamma Mia! Here We Go Again,2018,"Comedy,Musical,Romance"
6.6,10229,Resistance,2020,"Biography,Drama,History"
6.7,2764,Pope Francis: A Man of His Word,2018,"Biography,Documentary"
7.4,1780,"Love, Chunibyo & Other Delusions the Movie: Take on Me",2018,"Animation,Comedy,Drama"
7.6,3786,Mayaanadhi,2017,"Drama,Romance"
7.4,22501,Journal 64,2018,"Crime,Mystery,Thriller"
7.3,5061,Manto,2018,"Biography,Drama"
6.7,106377,Midway,2019,"Action,Drama,History"
7.0,6923,The Great Battle,2018,"Action,Drama,History"
6.7,7239,Hunt,2022,"Action,Drama,Mystery"
7.3,4957,The Conductor,2018,"Biography,Drama,History"
6.7,9573,Puzzle,2018,"Drama,Mystery,Romance"
7.2,3180,The Lift Boy,2019,"Comedy,Drama"
6.9,44719,At Eternity's Gate,2018,"Biography,Drama,History"
7.3,1821,Udaharanam Sujatha,2017,"Drama,Family"
7.4,6796,Arrhythmia,2017,Drama
6.7,18957,The Kindergarten Teacher,2018,"Drama,Thriller"
6.9,3728,Sheikh Jackson,2017,Drama
6.6,1884,The Vanished,2018,"Crime,Mystery,Thriller"
6.9,10158,Sweet Country,2017,"Adventure,Crime,Drama"
7.5,4146,Pavarotti,2019,"Biography,Documentary,Music"
6.7,8372,Skater Girl,2021,"Drama,Family,Sport"
8.2,698515,Green Book,2018,"Biography,Comedy,Drama"
7.5,28799,Seeking True Love,2017,"Comedy,Romance"
6.7,2349,The Perfect Candidate,2019,"Comedy,Drama"
6.9,12280,Shubh Mangal Savdhan,2017,"Comedy,Romance"
7.2,13569,Blackmail,2018,"Comedy,Drama,Thriller"
6.7,90616,Good Boys,2019,"Adventure,Comedy"
7.1,4132,Omerta,2017,"Action,Biography,Crime"
6.6,6699,Creation of the Gods I: Kingdom of Storms,2023,"Action,Adventure,Drama"
7.4,20250,Bharath Ane Nenu,2018,"Action,Drama,Thriller"
6.8,1870,Mafia Inc,2019,"Crime,Drama"
7.6,4560,Williams,2017,"Biography,Documentary,Sport"
7.4,1823,Keys to the Heart,2018,"Comedy,Drama,Family"
7.0,4938,The Souvenir: Part II,2021,"Drama,Romance"
7.5,4606,Ninnu Kori,2017,"Comedy,Drama,Romance"
7.4,1996,Sad Hill Unearthed,2017,Documentary
6.9,2073,Ribbon,2017,"Drama,Family"
7.4,6149,Mario,2018,"Drama,Romance,Sport"
6.9,46479,Boy Erased,2018,"Biography,Drama"
7.0,2318,Maragadha Naanayam,2017,"Adventure,Comedy,Fantasy"
7.6,5527,The Great Buddha+,2017,"Comedy,Crime,Drama"
7.3,87302,Eighth Grade,2018,"Comedy,Drama"
7.5,11578,The Summit of the Gods,2021,"Adventure,Animation,Drama"
7.2,5375,Velaikkaran,2017,"Action,Drama,Thriller"
8.5,46109,96,2018,"Drama,Romance"
8.2,20203,Super Deluxe,2019,"Comedy,Crime,Drama"
7.0,18367,Kurup,2021,"Biography,Crime,Drama"
6.8,16381,Kedarnath,2018,"Drama,Romance"
6.8,6501,The Swordsman,2020,"Action,Drama,History"
6.7,191401,A Simple Favor,2018,"Comedy,Crime,Mystery"
7.5,3231,Swing Kids,2018,"Drama,Musical,War"
7.6,19195,The Insult,2017,"Crime,Drama,Thriller"
6.6,2474,Brotherhood of Blades 2,2017,"Action,Adventure,Drama"
7.3,11989,Midnight Runners,2017,"Action,Comedy"
7.4,63435,Forgotten,2017,"Crime,Mystery,Thriller"
8.3,60675,Ratsasan,2018,"Crime,Drama,Mystery"
8.2,19815,Theeran Adhigaram Ondru,2017,"Action,Crime,Thriller"
7.0,13766,The Place,2017,"Drama,Mystery,Thriller"
7.1,1946,After the Screaming Stops,2018,"Documentary,Music"
6.6,134486,The Accountant 2,2025,"Action,Crime,Drama"
7.0,1667,The Crimes That Bind,2018,"Mystery,Thriller"
7.0,2060,Michael Inside,2017,Drama
6.6,8855,Blue Miracle,2021,"Adventure,Biography,Drama"
7.2,3160,Liz and the Blue Bird,2018,"Animation,Drama,Fantasy"
7.1,10386,The Candidate,2018,"Drama,Mystery,Thriller"
6.6,5609,Believer,2018,"Action,Crime,Thriller"
7.3,3342,Resistance Is Life,2017,Documentary
7.7,37655,Raazi,2018,"Action,Drama,Thriller"
7.9,3665,Kavaludaari,2019,"Crime,Drama,Mystery"
7.1,6246,Asako I & II,2018,"Drama,Romance"
7.5,1761,"Lots of Kids, a Monkey and a Castle",2017,Documentary
7.3,10918,On My Skin: The Last Seven Days of Stefano Cucchi,2018,"Biography,Drama"
7.5,15099,Balloon,2018,"Drama,History,Thriller"
7.1,55358,If Beale Street Could Talk,2018,"Drama,Romance"
6.6,1671,Tremors,2019,Drama
7.6,973228,Once Upon a Time in... Hollywood,2019,"Comedy,Drama"
7.2,3143,Silent Night,2017,"Comedy,Drama"
6.6,21297,Next Gen,2018,"Action,Adventure,Animation"
7.7,9710,Sir,2018,"Drama,Romance"
6.9,269751,The Black Phone,2021,"Horror,Mystery,Thriller"
7.3,188410,Onward,2020,"Adventure,Animation,Comedy"
6.8,11466,Sui Dhaaga: Made in India,2018,"Comedy,Drama"
7.1,1527,2040,2019,Documentary
6.7,6289,Keep an Eye Out,2018,Comedy
6.9,1822,County Lines,2019,"Crime,Drama"
6.9,12515,Hearts Beat Loud,2018,"Comedy,Drama,Music"
7.4,6673,Fidaa,2017,"Comedy,Drama,Romance"
7.2,22425,Along With the Gods: The Two Worlds,2017,"Action,Adventure,Drama"
6.8,4180,The Fortress,2017,"Action,Drama,History"
7.3,191532,The Zone of Interest,2023,"Drama,History,War"
7.6,3243,Meesaya Murukku,2017,"Biography,Comedy,Drama"
6.6,2714,My Neighbor Adolf,2022,"Comedy,Drama"
7.5,3112,The Cave,2019,"Documentary,War"
7.3,1562,Iravukku Aayiram Kangal,2018,"Action,Crime,Thriller"
7.6,6245,Irumbu Thirai,2018,"Action,Crime,Thriller"
8.0,9599,The Brawler,2017,"Drama,Sport"
6.8,160378,Ballerina,2025,"Action,Adventure,Crime"
6.8,5718,Project Gutenberg,2018,"Action,Crime,Mystery"
6.7,2221,"Nico, 1988",2017,"Biography,Drama,Music"
7.6,6226,Thupparivaalan,2017,"Action,Crime,Thriller"
7.3,4094,"Cyrano, My Love",2018,"Comedy,Drama,History"
6.9,12453,El Angel,2018,"Biography,Crime,Drama"
7.1,2718,Angels Wear White,2017,Drama
7.2,2242,Gundermann,2018,"Biography,Drama,History"
7.8,6326,Jane,2017,"Biography,Documentary"
6.9,2461,Through the Fire,2018,Drama
7.6,46407,Ludo,2020,"Action,Comedy,Drama"
7.4,6426,What Will People Say,2017,Drama
7.6,29137,Jim & Andy: The Great Beyond,2017,Documentary
7.0,7362,One of Us,2017,Documentary
7.1,6080,Super Size Me 2: Holy Chicken!,2017,Documentary
7.1,4123,The China Hustle,2017,Documentary
6.6,3453,The Final Year,2017,Documentary
7.0,4425,Ronnie Coleman: The King,2018,Documentary
7.8,32978,Pad Man,2018,"Comedy,Drama"
7.0,12906,Heavy Trip,2018,"Comedy,Music"
7.2,4578,Maayavan,2017,"Mystery,Sci-Fi,Thriller"
7.2,6571,25 km/h,2018,"Adventure,Comedy,Drama"
7.3,6261,The Velvet Underground,2021,"Documentary,Music"
8.2,4333,R.I.P.,2018,"Comedy,Drama"
6.9,4613,The Fall of the American Empire,2018,"Comedy,Crime,Drama"
6.8,4235,Kayamkulam Kochunni,2018,"Action,Drama,History"
6.7,1755,Default,2018,"Drama,History"
8.1,37590,I Want to Eat Your Pancreas,2018,"Animation,Drama,Romance"
7.4,34407,Blindspotting,2018,"Comedy,Crime,Drama"
6.6,2733,The Swindlers,2017,"Action,Crime"
7.1,1744,The Ideal Palace,2018,"Biography,Drama"
7.2,2634,Maktub,2017,"Comedy,Drama"
7.5,3400,Joan Didion: The Center Will Not Hold,2017,"Biography,Documentary"
7.8,2495,Kurangu Bommai,2017,"Drama,Thriller"
6.7,6706,Outside In,2017,Drama
7.8,35381,Minnal Murali,2021,"Action,Comedy,Drama"
6.9,8270,Freaks Out,2021,"Adventure,Drama,Fantasy"
6.9,2850,Lara,2019,"Drama,Music"
6.9,5371,Anando Brahma,2017,"Comedy,Horror"
7.4,12144,Woman at War,2018,"Adventure,Comedy,Drama"
6.8,41150,22 July,2018,"Crime,Drama,History"
7.4,86933,Burning,2018,"Crime,Drama,Mystery"
7.2,9401,Sye Raa Narasimha Reddy,2019,"Action,Adventure,Drama"
7.1,2572,The Carter Effect,2017,"Documentary,Sport"
8.3,1716088,Joker,2019,Drama
8.1,22466,The Dawn Wall,2017,"Adventure,Biography,Documentary"
7.0,14257,Gaga: Five Foot Two,2017,"Documentary,Music"
6.7,8539,The Eight Hundred,2020,"Action,Drama,History"
7.9,30365,Arjun Reddy,2017,"Drama,Romance"
6.9,2019,Minuscule 2: Mandibles from Far Away,2018,"Adventure,Animation,Comedy"
7.0,11651,Ash Is Purest White,2018,"Crime,Drama,Romance"
7.3,21399,Butterflies,2018,"Comedy,Drama"
8.2,5995,Cuba and the Cameraman,2017,Documentary
7.2,219139,Triangle of Sadness,2022,"Comedy,Drama"
7.1,2365,The Bill Murray Stories: Life Lessons Learned from a Mythical Man,2018,Documentary
6.6,8080,Pari,2018,"Fantasy,Horror,Mystery"
7.1,2643,Buñuel in the Labyrinth of the Turtles,2018,"Animation,Biography,Drama"
6.6,43872,The Art of Self-Defense,2019,"Action,Comedy,Crime"
7.4,11153,Maquia: When the Promised Flower Blooms,2018,"Adventure,Animation,Drama"
7.5,2639,I Can Speak,2017,"Comedy,Drama"
7.2,8572,Leto,2018,"Biography,Drama,History"
6.6,3060,Days of the Bagnold Summer,2019,"Comedy,Drama,Music"
6.6,5883,Abhrahaminte Santhathikal,2018,"Action,Crime,Thriller"
7.5,316681,BlacKkKlansman,2018,"Biography,Comedy,Crime"
7.1,2783,Aadu 2,2017,Comedy
7.1,2250,My Father,2017,Drama
7.6,7400,Avicii: True Stories,2017,"Biography,Documentary,Music"
7.8,9224,Dying to Survive,2018,"Comedy,Drama"
7.4,24027,Raid,2018,"Crime,Drama,Thriller"
7.1,22925,Khuda Haafiz,2020,"Action,Crime,Drama"
7.4,3422,Tea With the Dames,2018,Documentary
7.2,2329,Maria By Callas,2017,"Biography,Documentary,Music"
7.1,7751,Checkered Ninja,2018,"Action,Adventure,Animation"
6.6,4560,Fork in the Road,2017,Drama
6.7,66963,Always Be My Maybe,2019,"Comedy,Romance"
8.0,15423,"Summer of Soul (...Or, When the Revolution Could Not be Televised)",2021,"Documentary,History,Music"
6.9,2098,Luca,2019,"Drama,Mystery,Romance"
6.7,11615,"Paul, Apostle of Christ",2018,"Adventure,Biography,Drama"
8.8,11015,C/o Kancharapalem,2018,Drama
8.2,31440,Rangasthalam,2018,"Action,Drama"
6.8,2137,Unforgiven,2018,Drama
7.1,172158,The Devil All the Time,2020,"Crime,Drama,Thriller"
7.2,11775,Qarib Qarib Single,2017,"Comedy,Romance"
7.3,137091,Instant Family,2018,"Comedy,Drama"
7.5,214533,A Man Called Otto,2022,"Comedy,Drama"
6.7,24122,Teen Titans GO! To the Movies,2018,"Action,Adventure,Animation"
6.6,40614,War,2019,"Action,Adventure,Thriller"
7.6,3921,The Last Note,2017,"Drama,History,War"
7.6,5798,Quincy,2018,"Biography,Documentary"
7.8,22652,The Game Changers,2018,"Documentary,Sport"
6.7,109181,Anna,2019,"Action,Adventure,Thriller"
6.9,24446,The Wolf's Call,2019,"Action,Thriller"
6.7,16590,Daddio,2023,Drama
7.5,1666,Photocopy,2017,Drama
8.4,16731,Mahanati,2018,"Biography,Drama"
7.0,24525,The Bob's Burgers Movie,2022,"Adventure,Animation,Comedy"
8.7,48221,777 Charlie,2022,"Adventure,Comedy,Drama"
7.2,16931,The Outlaws,2017,"Action,Crime,Thriller"
7.5,20123,Shaadi Mein Zaroor Aana,2017,"Comedy,Drama,Romance"
6.7,3065,Aval,2017,Horror
7.3,6027,Shirkers,2018,Documentary
6.8,40060,Munich: The Edge of War,2021,"Biography,Drama,History"
6.9,13246,Sink or Swim,2018,"Comedy,Drama,Sport"
8.0,11143,Minding the Gap,2018,"Documentary,Sport"
6.7,1909,Dead Pigs,2018,"Comedy,Drama"
7.0,9438,How About Adolf?,2018,Comedy
7.3,4079,"The Bold, the Corrupt, and the Beautiful",2017,"Drama,Mystery,Thriller"
7.8,1663,Gultoo,2018,"Crime,Drama"
6.9,2353,The Good Girls,2018,Drama
7.9,42663,Super 30,2019,"Biography,Drama"
7.1,3970,Carmen & Lola,2018,"Drama,Romance"
6.8,18748,Nothing to Hide,2018,"Comedy,Drama"
7.0,3925,Amanda,2018,Drama
7.2,2081,Little Tickles,2018,"Comedy,Drama"
6.7,64823,The Call of the Wild,2020,"Adventure,Drama,Family"
7.1,46286,Ron's Gone Wrong,2021,"Adventure,Animation,Comedy"
7.1,6901,Conor McGregor: Notorious,2017,"Biography,Documentary,Sport"
7.5,43280,'83,2021,"Drama,History,Sport"
7.3,2900,Of Fathers and Sons,2017,"Documentary,War"
7.6,3181,Koode,2018,"Drama,Fantasy"
6.8,1763,Before the Frost,2018,Drama
7.1,5156,Beats,2019,"Comedy,Crime,Drama"
7.3,1649,Bad Reputation,2018,"Biography,Documentary,Music"
7.2,4666,Europa: The Last Battle,2017,"Documentary,History,War"
6.8,17445,Attack,2022,"Action,Sci-Fi,Thriller"
6.8,4308,Lady J,2018,"Drama,Romance"
6.7,4180,Only You,2018,"Drama,Romance"
6.9,1884,Ajvar,2019,Drama
7.6,53220,The Boy Who Harnessed the Wind,2019,"Biography,Drama,History"
6.8,4562,Sorry Angel,2018,"Comedy,Drama,Romance"
7.5,3021,The Swallows of Kabul,2019,"Animation,Drama"
7.6,2165,Niet schieten,2018,"Crime,Drama"
7.1,2586,Squad,2017,Drama
7.2,2981,In Safe Hands,2018,Drama
7.7,2179,Too Funny to Fail: The Life & Death of the Dana Carvey Show,2017,Documentary
6.7,25695,Ben Is Back,2018,Drama
6.8,5250,Skate Kitchen,2018,Drama
7.4,1718,Swathanthryam Ardharathriyil,2018,"Action,Crime,Thriller"
6.8,58812,Judy,2019,"Biography,Drama,Music"
6.8,8444,Who You Think I Am,2019,"Comedy,Drama,Romance"
7.0,2484,At War,2018,Drama
6.7,212096,The Old Guard,2020,"Action,Fantasy,Thriller"
7.1,1756,Aravindante Athidhikal,2018,"Comedy,Drama"
6.6,56601,Saint Maud,2019,"Drama,Horror,Mystery"
7.0,1653,Minsara Kanna,1999,"Drama,Romance"
7.6,1697,Chase,2022,"Crime,Mystery,Thriller"
8.2,2249,Love Ni Bhavai,2017,"Comedy,Drama,Romance"
7.7,5081,Unda,2019,"Action,Comedy,Thriller"
8.1,5735,Sudani from Nigeria,2018,"Comedy,Drama,Sport"
7.1,27358,Sonu Ke Titu Ki Sweety,2018,"Comedy,Romance"
7.1,1535,Born Strong,2017,"Documentary,Sport"
6.6,1790,Theevandi,2018,Comedy
6.8,7622,Hope Gap,2019,"Drama,Romance"
6.7,2697,Mrs Lowry & Son,2019,"Biography,Drama,History"
7.5,1794,Summer Survivors,2018,Drama
7.6,138893,Sound of Freedom,2023,"Biography,Crime,Drama"
7.0,5321,Ride Like a Girl,2019,"Biography,Drama,Sport"
7.6,1698,"Hallelujah: Leonard Cohen, a Journey, a Song",2021,"Biography,Documentary,Music"
7.1,8477,My Masterpiece,2018,"Comedy,Drama"
6.6,16293,Luce,2019,"Drama,Mystery,Thriller"
6.7,22969,A Dog's Way Home,2019,"Adventure,Drama,Family"
7.2,22601,Mulk,2018,Drama
6.7,2887,Patrick,2019,"Comedy,Drama,Mystery"
7.0,4206,Come on My Son,2018,Drama
7.2,1757,When It Melts,2023,Drama
6.8,1739,After the Rain,2018,"Drama,Romance,Sport"
6.8,91304,Boss Level,2020,"Action,Adventure,Comedy"
8.5,4833,Come from Away,2021,"Comedy,Drama,Musical"
7.6,29141,Between Family,2017,Comedy
6.6,20230,Plus One,2019,"Comedy,Drama,Romance"
7.9,374216,Marriage Story,2019,"Drama,Romance"
7.6,45274,Three Identical Strangers,2018,"Biography,Documentary,Drama"
7.3,1510,The Trial,2018,"Documentary,History"
7.0,2426,Yuli,2018,"Biography,Drama,History"
7.6,194183,Searching,2018,"Drama,Mystery,Thriller"
6.7,22458,The Golden Glove,2019,"Crime,Drama,Horror"
6.8,24037,Brittany Runs a Marathon,2019,"Comedy,Drama"
6.8,6130,Why Don't You Just Die!,2018,"Action,Comedy,Crime"
8.0,1613,1968,2018,"History,Sport"
6.9,4814,We the Animals,2018,Drama
8.3,28243,Won't You Be My Neighbor?,2018,"Biography,Documentary,History"
7.5,1697,Howard,2018,"Biography,Documentary,Music"
7.8,1702,MalliRaava,2017,"Drama,Romance"
6.6,2969,The Goldfish,2019,Comedy
7.3,1542,Seeing Allred,2018,"Biography,Documentary"
7.1,1934,The Cleaners,2018,Documentary
7.9,3076,Jane Fonda in Five Acts,2018,"Biography,Documentary"
7.6,15671,RBG,2018,"Biography,Documentary"
7.9,10412,Robin Williams: Come Inside My Mind,2018,"Biography,Comedy,Documentary"
7.3,6481,Soorma,2018,"Biography,Drama,Sport"
7.5,8169,Cyborgs: Heroes Never Die,2017,"Action,Drama,War"
6.6,2519,The Third Wife,2018,Drama
6.6,33099,Devotion,2022,"Action,Adventure,Biography"
6.7,10040,A Call to Spy,2019,"Biography,Crime,Drama"
7.6,21220,October,2018,"Drama,Romance"
7.2,4219,Tholi Prema,2018,Romance
6.7,24073,Sarkar,2018,"Action,Drama"
7.3,1801,The Legend of Muay Thai: 9 Satra,2018,"Action,Adventure,Animation"
7.5,1506,Omnipresence of Rhythm,2018,"Drama,Music"
7.9,41066,Badhaai Ho,2018,"Comedy,Drama"
7.1,15287,Viswasam,2019,"Action,Drama"
6.6,2048,The Invisible Witness,2018,"Drama,Thriller"
7.1,14662,The Traitor,2019,"Biography,Crime,Drama"
6.6,9213,Turtles All the Way Down,2024,"Drama,Mystery,Romance"
6.6,76149,Woman of the Hour,2023,"Crime,Drama,Mystery"
6.7,8592,The Long Game,2023,"Drama,History,Sport"
7.0,20831,Thunder Road,2018,"Comedy,Drama"
8.6,18881,Resurrection,2018,"Drama,Family"
7.0,184005,Nightmare Alley,2021,"Crime,Drama,Thriller"
7.3,16026,My Hero Academia: Two Heroes,2018,"Action,Adventure,Animation"
7.6,35063,Mortal World,2018,"Action,Comedy,Crime"
6.8,1651,Tall Tales,2019,"Drama,Romance,Thriller"
7.8,13010,Goodachari,2018,"Action,Thriller"
7.5,2124,Retablo,2017,Drama
7.4,1770,Sajjan Singh Rangroot,2018,"Action,Biography,Drama"
7.3,10744,Aravindha Sametha,2018,"Action,Drama"
6.6,2786,The Girl with a Bracelet,2019,"Crime,Drama"
7.3,29912,Never Rarely Sometimes Always,2020,Drama
6.7,1734,Our Struggles,2018,Drama
8.1,88265,Free Solo,2018,"Adventure,Documentary,Sport"
7.4,9782,Spoiler Alert,2022,"Biography,Comedy,Drama"
7.2,2474,The Most Beautiful Girl in the World,2018,"Comedy,Music,Romance"
6.8,6779,Photograph,2019,"Drama,Romance"
7.3,465967,Hereditary,2018,"Drama,Horror,Mystery"
6.8,1622,The German Lesson,2019,Drama
8.5,2036,Western Ghats,2018,"Drama,Romance"
6.7,9404,"Naa Peru Surya, Naa Illu India",2018,"Action,Drama"
7.6,6541,Awe!,2018,"Drama,Fantasy,Horror"
6.9,261520,Ready or Not,2019,"Comedy,Horror,Mystery"
6.8,1839,Conviction,2018,Drama
7.2,1882,Jawani Phir Nahi Ani 2,2018,Comedy
6.9,7755,While at War,2019,"Drama,History,War"
7.2,1692,Ek Je Chhilo Raja,2018,"Drama,Mystery,Thriller"
8.1,10022,Thadam,2019,"Crime,Drama,Mystery"
7.6,4189,Kaali,2018,"Action,Drama"
7.4,3545,Kaadan,2021,"Action,Drama,Fantasy"
7.1,48357,Marighella,2019,"Action,Biography,Drama"
6.7,8436,Profile,2018,"Mystery,Thriller"
7.6,21903,Müslüm,2018,"Biography,Drama,Music"
6.6,1566,Induced Labor,2018,"Comedy,Drama"
8.1,112611,K.G.F: Chapter 1,2018,"Action,Crime,Drama"
6.8,7134,Fyre Fraud,2019,Documentary
7.1,4383,Dilan 1990,2018,"Drama,Romance"
7.0,5154,Feast of the Seven Fishes,2019,"Comedy,Drama,Romance"
6.7,253869,Enola Holmes,2020,"Adventure,Crime,Drama"
7.1,9771,Love Per Square Foot,2018,"Comedy,Romance"
6.8,11195,Stranger in My Pocket,2018,"Comedy,Drama"
6.6,3422,The Heiresses,2018,Drama
7.8,4801,My Thoughts Are Silent,2019,"Comedy,Drama"
7.7,4679,Har Kisse Ke Hisse: Kaamyaab,2018,Drama
7.4,2076,The Window,2018,"Drama,Mystery"
7.0,8902,Dating Amber,2020,"Comedy,Drama,Romance"
7.4,401557,Nobody,2021,"Action,Crime,Drama"
7.1,7513,Chekka Chivantha Vaanam,2018,"Action,Drama,Thriller"
7.6,8534,Sheeple,2018,"Crime,Drama,Thriller"
8.2,41047,They Shall Not Grow Old,2018,"Documentary,History,War"
7.2,1629,Ága,2018,Drama
6.7,1597,Grass,2018,Drama
7.6,36000,One Cut of the Dead,2017,"Comedy,Drama,Horror"
7.6,20765,Karwaan,2018,"Adventure,Comedy,Drama"
7.2,7952,The Endless Trench,2019,"Drama,History"
7.1,4635,On Your Wedding Day,2018,"Comedy,Drama,Romance"
7.9,2791,Tagaru,2018,"Action,Crime"
8.3,6958,Attack on Titan: The Roar of Awakening,2018,"Action,Animation,Fantasy"
6.7,9358,In from the Side,2022,"Drama,Romance,Sport"
8.1,1531,The Foundation of Criminal Excellence,2018,"Action,Comedy,Crime"
7.0,170159,The Mule,2018,"Crime,Drama,Thriller"
7.2,17269,Utoya: July 22,2018,"Drama,Thriller"
7.7,37738,Dragon Ball Super: Broly,2018,"Action,Adventure,Animation"
6.8,8579,The King of Kings,2025,"Animation,Biography,Family"
6.6,9518,Eye for an Eye,2019,"Crime,Drama,Thriller"
6.9,1632,The Twentieth Century,2019,"Biography,Comedy,Drama"
6.6,323477,Jumanji: The Next Level,2019,"Action,Adventure,Comedy"
7.2,13635,Apollo 10½: A Space Age Childhood,2022,"Adventure,Animation,Drama"
7.6,144153,The Mitchells vs. the Machines,2021,"Adventure,Animation,Comedy"
7.7,7233,Operation Odessa,2018,"Crime,Documentary"
7.4,307383,The Lighthouse,2019,"Drama,Fantasy,Horror"
7.3,181560,The King,2019,"Biography,Drama,History"
7.3,4098,Kolamavu Kokila,2018,"Comedy,Crime,Drama"
7.1,1610,Katheyondu Shuruvagide,2018,"Comedy,Romance"
7.8,9468,Avane Srimannarayana,2019,"Action,Adventure,Comedy"
7.2,1892,Play,2019,"Comedy,Romance"
6.7,12985,Asterix: The Secret of the Magic Potion,2018,"Adventure,Animation,Comedy"
8.1,1699,The Russian Five,2018,"Documentary,Sport"
7.3,166437,Hustle,2022,"Comedy,Drama,Sport"
6.8,20866,Worth,2020,"Biography,Drama,History"
7.6,10216,Laila Majnu,2018,"Drama,Romance"
6.7,5089,Last and First Men,2020,"Fantasy,Mystery,Sci-Fi"
7.8,9408,An Elephant Sitting Still,2018,"Crime,Drama"
6.7,3283,Kadaikutty Singam,2018,"Action,Drama"
7.3,3533,Yowis Ben,2018,"Comedy,Music,Romance"
7.4,1627,The Diary of Diana B,2019,"Biography,Drama,History"
7.5,1820,Parwaaz Hai Junoon,2018,"Action,Romance,War"
7.4,1590,Uma,2018,Drama
7.4,6447,Us and Them,2018,"Drama,Romance"
6.7,146447,Send Help,2026,"Adventure,Horror,Thriller"
7.2,16584,Paddleton,2019,"Comedy,Drama"
7.0,6329,House Owner,2019,Drama
6.6,1679,Kaalidas,2019,"Action,Crime,Mystery"
7.6,9162,Kannum Kannum Kollaiyadithaal,2020,"Comedy,Drama,Romance"
7.5,2305,Sammohanam,2018,"Drama,Romance"
7.0,4343,Teefa In Trouble,2018,"Action,Comedy,Crime"
7.2,15877,Words on Bathroom Walls,2020,"Drama,Romance"
6.8,4950,Taxiwala,2018,"Comedy,Horror,Thriller"
6.9,1882,Bhaijaan Elo Re,2018,"Action,Adventure,Comedy"
6.7,9872,The Hill,2023,"Biography,Drama,Sport"
6.8,2744,"Gospod postoi, imeto i' e Petrunija",2019,Drama
7.3,9910,The Man Who Feels No Pain,2018,"Action,Comedy,Drama"
7.9,2512,Gajaman,2023,"Animation,Comedy,Romance"
6.7,2109,Brother of the Year,2018,"Comedy,Drama,Romance"
6.6,1815,The Shadow Play,2018,"Crime,Drama,Mystery"
7.1,3880,Hello Guru Prema Kosame,2018,"Comedy,Romance"
7.9,96222,Shoplifters,2018,"Crime,Drama,Thriller"
8.4,2005,Untamed Romania,2018,Documentary
7.1,4696,Penguin Highway,2018,"Adventure,Animation,Family"
6.8,186447,Yesterday,2019,"Comedy,Fantasy,Music"
7.1,2059,Penguins,2019,"Documentary,Family"
7.1,1854,Vijay Superum Pournamiyum,2019,"Comedy,Drama"
6.6,4067,The Chase,2017,"Crime,Drama,Mystery"
7.1,6911,Noah Land,2019,Drama
8.0,4342,Fate/stay night [Heaven's Feel] II. lost butterfly,2019,"Action,Adventure,Animation"
8.0,3786,Fate/stay night [Heaven's Feel] III. spring song,2020,"Action,Adventure,Animation"
7.7,8518,Be with You,2018,"Drama,Fantasy,Romance"
7.1,2831,Roll Red Roll,2018,"Crime,Documentary"
6.9,83938,The Woman King,2022,"Action,Drama,History"
7.2,8933,By the Grace of God,2018,"Crime,Drama"
6.7,1566,White Plastic Sky,2023,"Animation,Drama,Romance"
6.9,176286,Turning Red,2022,"Action,Adventure,Animation"
6.7,1647,Doraemon: Nobita's Treasure Island,2018,"Adventure,Animation,Comedy"
8.0,2536,The Silence of Others,2018,Documentary
6.8,21684,Flamin' Hot,2023,"Biography,Drama,History"
8.1,1536,Momentum Generation,2018,Documentary
7.6,3306,The Bleeding Edge,2018,Documentary
8.2,117647,Andhadhun,2018,"Comedy,Crime,Mystery"
7.9,13657,Sonchiriya,2019,"Action,Crime,Drama"
7.5,48284,Stree,2018,"Comedy,Horror"
7.5,5998,Saand Ki Aankh,2019,"Biography,Drama"
8.0,39443,The Tashkent Files,2019,"Drama,Mystery,Thriller"
7.5,38862,Tanhaji: The Unsung Warrior,2020,"Action,Biography,Drama"
8.3,138157,Dil Bechara,2020,"Comedy,Drama,Romance"
6.9,81987,The Bad Guys,2022,"Adventure,Animation,Comedy"
7.1,10847,Along With the Gods: The Last 49 Days,2018,"Action,Adventure,Drama"
6.7,2849,Dark Figure of Crime,2018,"Crime,Drama,Thriller"
7.1,19640,To Leslie,2022,Drama
7.8,35130,Badla,2019,"Crime,Drama,Mystery"
7.7,8034,Active Measures,2018,Documentary
8.1,21607,Section 375,2019,"Crime,Drama,Mystery"
7.3,3209,The Accountant of Auschwitz,2018,"Biography,Crime,Documentary"
7.2,43209,Honey Boy,2019,Drama
6.6,2306,Dreamfactory,2019,"Comedy,Drama,Romance"
6.7,2084,King Petar the First,2018,"Biography,Drama,History"
7.1,2776,Monica and Friends: Bonds,2019,"Adventure,Family"
7.4,6226,The Wolf House,2018,"Animation,Drama,Fantasy"
8.6,20660,Pariyerum Perumal,2018,Drama
6.6,9766,Flavors of Youth,2018,"Animation,Drama,Romance"
7.8,226209,RRR,2022,"Action,Adventure,Drama"
6.7,2657,9,2019,"Fantasy,Horror,Sci-Fi"
7.1,10978,Long Day's Journey Into Night,2018,"Drama,Mystery,Romance"
6.7,6749,Overcomer,2019,"Drama,Family,Sport"
7.5,5349,Varathan,2018,"Action,Drama,Thriller"
7.4,3598,Microhabitat,2017,"Drama,Romance"
6.6,13214,Deerskin,2019,"Comedy,Drama,Horror"
6.7,5442,Wolf,2018,"Action,Thriller,War"
7.1,46371,Bad Education,2019,"Biography,Comedy,Crime"
6.8,1666,Carry On Jatta 2,2018,Comedy
6.6,4409,Fire Will Come,2019,"Crime,Drama"
6.6,3586,Modest Heroes,2018,"Adventure,Animation,Family"
7.0,328294,The Platform,2019,"Horror,Mystery,Sci-Fi"
6.6,2098,Papi Chulo,2018,"Comedy,Drama"
7.2,57371,The Report,2019,"Biography,Crime,Drama"
8.2,76767,Tumbbad,2018,"Drama,Fantasy,Horror"
6.7,2662,Vitalina Varela,2019,Drama
6.6,157408,The Hunt,2020,"Action,Horror,Thriller"
7.0,2347,Rosie,2018,Drama
7.2,18154,Girl,2018,Drama
7.4,12629,Fantastic Fungi,2019,Documentary
6.9,1632,The Last Guest,2017,"Action,Adventure,Animation"
7.0,3194,An Impossible Love,2018,"Biography,Drama,Romance"
6.7,5327,The Mystery of Henri Pick,2019,"Comedy,Drama,Mystery"
7.0,3090,Happy New Year,2018,"Comedy,Drama"
6.9,7248,Love at Second Sight,2019,"Comedy,Drama,Fantasy"
6.9,28719,Blinded by the Light,2019,"Comedy,Drama,Music"
8.4,126109,Capernaum,2018,Drama
7.4,2107,I Work at the Cemetery,2021,"Comedy,Crime,Drama"
6.9,13020,Vakeel Saab,2021,"Action,Drama,Thriller"
7.0,5620,3 Faces,2018,Drama
6.6,5273,Donbass,2018,Drama
7.0,1875,Ambili,2019,"Adventure,Comedy,Drama"
6.8,3703,Rafiki,2018,"Drama,Romance"
7.7,6507,Njan Prakashan,2018,"Comedy,Drama"
6.8,1557,Genesis,2018,Drama
6.7,2769,Away,2019,"Adventure,Animation,Family"
7.4,7439,The Spy Gone North,2018,"Drama,Thriller"
8.2,85010,Uri: The Surgical Strike,2019,"Action,Drama,History"
7.5,67568,Pain and Glory,2019,Drama
8.0,3725,At the Heart of Gold: Inside the USA Gymnastics Scandal,2019,"Crime,Documentary,Sport"
6.9,7887,Krack,2021,"Action,Drama"
7.1,2591,Ayka,2018,Drama
7.1,6157,Sauvage/Wild,2018,Drama
6.9,36326,Jerry & Marge Go Large,2022,"Biography,Comedy,Drama"
6.7,3879,438 Days,2019,"Drama,Thriller"
6.8,1592,A Perfectly Normal Family,2020,"Drama,Family"
7.1,2660,Okko's Inn,2018,"Adventure,Animation,Drama"
6.6,2785,Terra Willy,2019,"Adventure,Animation,Comedy"
7.0,2298,The Chambermaid,2018,Drama
7.2,327284,A Quiet Place Part II,2020,"Drama,Horror,Sci-Fi"
7.1,11382,Maharshi,2019,"Action,Drama"
7.0,3202,Loro 2,2018,Biography
6.7,6649,The Last Vermeer,2019,"Drama,War"
6.6,1826,The August Virgin,2019,Drama
7.5,7264,Mosul,2019,"Documentary,War"
7.6,28428,Sorry We Missed You,2019,Drama
6.6,5135,Young Ahmed,2019,Drama
6.9,6217,It Must Be Heaven,2019,"Comedy,Drama"
6.9,90768,Climax,2018,"Drama,Horror,Music"
7.1,2980,No Safe Spaces,2019,"Documentary,News,War"
7.7,1909,Birbal Trilogy: Case 1 - Finding Vajramuni,2019,"Crime,Thriller"
6.6,3441,Stage Mother,2020,"Comedy,Drama,Music"
7.9,1631,Haami,2018,"Drama,Family"
7.1,3160,Adanga Maru,2018,"Action,Crime,Drama"
7.8,462784,The Gentlemen,2019,"Action,Comedy,Crime"
7.2,1948,Miss Granny,2018,"Comedy,Drama,Fantasy"
7.1,74960,The Apprentice,2024,"Biography,Drama,History"
7.2,82381,The Courier,2020,"Drama,History,Mystery"
7.0,17270,Queen of Hearts,2019,Drama
7.5,33495,A Dog's Journey,2019,"Adventure,Comedy,Drama"
7.3,11710,Dear Comrade,2019,"Action,Drama,Romance"
7.3,2887,Bungo Stray Dogs: Dead Apple,2018,"Animation,Mystery"
7.2,4927,Pataakha,2018,"Action,Comedy,Drama"
8.1,1933,Farzand,2018,"Action,Drama,History"
8.1,3626,The Great Indian Road Movie,2019,"Adventure,Drama,Family"
7.2,20831,Babyteeth,2019,"Comedy,Drama,Romance"
7.2,2246,Anthropocene: The Human Epoch,2018,Documentary
7.9,6744,Tina,2021,"Biography,Documentary,Music"
7.6,147602,The Two Popes,2019,"Biography,Drama"
6.7,2938,An Unexpected Love,2018,"Comedy,Romance"
6.9,1782,Out in the Open,2019,"Adventure,Drama,Thriller"
8.5,22022,Kumbalangi Nights,2019,"Comedy,Drama,Romance"
7.9,21322,Flee,2021,"Animation,Biography,Documentary"
6.8,3927,Murina,2021,Drama
6.6,2084,The Space Between the Lines,2019,"Drama,Romance"
7.2,8823,A Fortunate Man,2018,"Drama,Romance"
6.7,1587,The Domain,2019,Drama
7.3,8127,Dear Ex,2018,"Comedy,Drama,Romance"
7.2,4177,The Weasel's Tale,2019,"Comedy,Drama"
6.7,3193,Pihu,2016,"Drama,Horror,Thriller"
6.8,1559,So What Is Love,2019,Comedy
7.6,4708,Kanaa,2018,"Drama,Sport"
7.1,2955,Shéhérazade,2018,"Drama,Romance,Thriller"
7.6,4932,Chintu Ka Birthday,2020,"Comedy,Drama,War"
6.8,1818,Bhonsle,2018,Drama
7.0,1941,Hidden Away,2020,"Biography,Drama"
6.9,10035,12 Mighty Orphans,2021,"Drama,History,Sport"
7.2,16527,The Inventor: Out for Blood in Silicon Valley,2019,"Crime,Documentary"
6.7,1763,Taxi Blues,2019,"Action,Comedy,Romance"
8.0,4940,Ee Nagaraniki Emaindi,2018,"Comedy,Drama"
7.6,1865,Still Human,2018,Drama
6.8,2354,Sauerkrautkoma,2018,"Comedy,Crime"
8.3,141864,Hamilton,2020,"Biography,Drama,History"
6.8,23767,Good Newwz,2019,"Comedy,Drama"
7.3,2424,I Do Not Care If We Go Down in History as Barbarians,2018,"Comedy,Drama"
6.6,53603,Happiest Season,2020,"Comedy,Romance"
7.3,8651,The Warden,2019,"Drama,History,Mystery"
7.2,68441,Dolemite Is My Name,2019,"Biography,Comedy,Drama"
7.1,2632,Hope You Die Next Time:-),2018,"Drama,Thriller"
7.8,16767,System Crasher,2019,Drama
6.7,57195,The Way Back,2020,"Drama,Sport"
6.7,6691,Romeo Akbar Walter,2019,"Action,Drama,Thriller"
6.8,1978,Aurora,2019,"Comedy,Drama,Romance"
8.0,7893,Joseph,2018,"Crime,Drama,Mystery"
7.4,3470,Innocent Witness,2019,"Crime,Drama,Mystery"
7.2,23084,The Witch: Part 1 - The Subversion,2018,"Action,Mystery,Sci-Fi"
8.2,781677,1917,2019,"Drama,War"
6.6,2197,Perfect Strangers,2018,Comedy
7.2,78921,Teenage Mutant Ninja Turtles: Mutant Mayhem,2023,"Action,Adventure,Animation"
7.7,17906,Geetha Govindam,2018,"Comedy,Drama,Romance"
6.9,4363,Fremont,2023,Drama
7.1,1996,My Old School,2022,"Biography,Documentary"
8.7,3418,"Sarkari. Hi. Pra. Shale Kasaragodu, Koduge: Ramanna Rai",2018,Drama
6.8,7664,My Penguin Friend,2024,"Adventure,Drama,Family"
7.7,6621,The Sparks Brothers,2021,"Biography,Comedy,Documentary"
8.0,129402,Portrait of a Lady on Fire,2019,"Drama,Romance"
8.1,8212,Kiss the Ground,2020,Documentary
7.2,21596,Fahrenheit 11/9,2018,Documentary
8.0,42208,"Quo Vadis, Aida?",2020,"Drama,History,War"
6.6,26605,After Yang,2021,"Drama,Sci-Fi"
6.7,114670,Run,2020,"Drama,Horror,Mystery"
6.6,1763,Invisibles,2018,"Comedy,Drama"
6.6,8249,Everybody's Talking About Jamie,2021,"Biography,Comedy,Drama"
7.5,75977,The Farewell,2019,"Comedy,Drama"
6.7,5625,The Climb,2019,"Comedy,Drama"
8.1,6523,Disclosure,2020,Documentary
8.1,1761,Strokes of Genius,2018,"Documentary,Sport"
7.4,3979,June,2019,"Drama,Family,Musical"
6.8,7772,The East,2020,"Drama,Thriller,War"
7.0,1630,Putin's Witnesses,2018,Documentary
6.8,1907,Valan: Valley of Angels,2019,"Crime,Drama"
7.7,24324,Corpus Christi,2019,Drama
6.9,8672,Scrapper,2023,"Comedy,Drama"
6.9,6951,Blue Jean,2022,"Drama,History"
7.5,38975,Waves,2019,"Drama,Romance,Sport"
8.3,14983,Violet Evergarden: The Movie,2020,"Animation,Drama,Fantasy"
7.4,12506,The Specials,2019,"Comedy,Drama"
6.6,3066,Devadas,2018,"Action,Comedy,Drama"
8.1,3826,Qismat,2018,"Drama,Romance"
6.9,3717,RX 100,2018,Action
6.6,3469,The Fable,2019,"Action,Comedy"
6.7,2015,To the Ends of the Earth,2019,Drama
6.7,81491,21 Bridges,2019,"Action,Adventure,Crime"
7.7,2663,Chi La Sow,2018,"Comedy,Romance"
6.8,3243,Sibel,2018,Drama
6.7,6368,The Last Blockbuster,2020,Documentary
6.6,6718,Blackbird,2019,Drama
7.5,129688,"tick, tick... BOOM!",2021,"Biography,Comedy,Drama"
7.3,9664,Jallikattu,2019,"Action,Crime,Drama"
7.1,37509,Queen & Slim,2019,"Crime,Drama,Romance"
6.7,1869,Hotel by the River,2018,Drama
7.1,5249,Circus of Books,2019,"Biography,Documentary,History"
6.9,4771,U Turn,2018,"Crime,Horror,Mystery"
8.6,13401,Toma,2021,"Biography,Drama,Music"
7.3,6155,Majili,2019,"Drama,Romance"
7.3,7195,Clergy,2018,Drama
7.3,15589,The Collini Case,2019,"Crime,Drama,Thriller"
7.4,40865,The Swimmers,2022,"Biography,Drama,Sport"
6.7,1757,Baantjer het begin,2019,"Action,Crime,Drama"
6.9,11316,Chaman Bahaar,2020,"Comedy,Drama"
7.3,1935,Eduardo and Monica,2020,"Comedy,Drama,Romance"
6.8,2520,Axone,2019,"Comedy,Drama"
8.4,2222,KD (A) Karuppudurai,2019,"Comedy,Drama"
7.2,1935,Ashke,2018,"Drama,Romance"
7.9,3223,Rewind,2019,"Biography,Documentary"
6.7,1882,Anons,2017,"Comedy,Drama"
7.5,2784,The Great Buster,2018,"Biography,Comedy,Documentary"
8.1,29008,Apollo 11,2019,"Documentary,History"
6.8,10408,Matthias & Maxime,2019,"Drama,Romance"
6.9,3219,The Hows of Us,2018,"Comedy,Drama,Romance"
7.1,494079,Midsommar,2019,"Drama,Horror,Mystery"
6.7,45089,Freaks,2018,"Drama,Fantasy,Mystery"
6.8,2882,Consequences,2018,Drama
6.7,10036,Ema,2019,"Drama,Music,Romance"
6.8,2283,The Most Beautiful Boy in the World,2021,"Biography,Documentary,History"
7.2,3001,Meeting Gorbachev,2018,"Biography,Documentary,History"
7.2,1883,Screwball,2018,"Documentary,History"
6.8,17225,T-34,2018,"Action,War"
7.3,3168,Remember Us,2018,Drama
6.6,24523,Avengement,2019,"Action,Crime,Thriller"
7.2,1623,In Search of the Last Action Heroes,2019,Documentary
7.1,169971,The French Dispatch,2021,"Comedy,Drama,Romance"
6.9,2850,Mitron,2018,Comedy
7.6,1567,Salman Society,2023,Drama
6.9,3795,Straight Up,2019,"Comedy,Romance"
6.7,12243,Guava Island,2019,"Comedy,Drama,Music"
7.6,68174,Transformers One,2024,"Action,Adventure,Animation"
7.2,13362,Batla House,2019,"Action,Crime,Drama"
7.8,2742,Maiden,2018,"Biography,Documentary,Sport"
7.0,4324,Echo in the Canyon,2018,"Documentary,Music"
6.7,1760,No Hard Feelings,2020,"Drama,Romance"
7.3,3592,The Miracle 2: Love,2019,"Drama,History"
6.6,17816,Passing,2021,"Drama,Mystery,Thriller"
7.1,2422,El Pepe: A Supreme Life,2018,"Biography,Documentary"
6.6,4025,Tigertail,2020,Drama
7.6,10850,The Sky Is Pink,2019,"Drama,Romance"
7.1,2044,The Killing of Kenneth Chamberlain,2019,"Drama,Thriller"
6.8,2219,Kavacha,2019,Thriller
7.2,19145,Angrezi Medium,2020,"Comedy,Drama"
6.8,80624,DC League of Super-Pets,2022,"Action,Adventure,Animation"
6.9,9022,Game Over,2019,"Drama,Horror,Mystery"
6.6,1527,Joy,2018,Drama
7.5,7875,One Child Nation,2019,"Documentary,History"
7.7,8803,Crip Camp,2020,"Documentary,History"
6.6,2078,Kakshi: Amminippilla,2019,"Comedy,Drama,Family"
6.8,292660,Extraction,2020,"Action,Crime,Thriller"
7.7,5952,Virus,2019,"Drama,Thriller"
7.9,886553,Knives Out,2019,"Comedy,Crime,Drama"
7.5,1899,Reversing Roe,2018,Documentary
8.5,30170,Jersey,2019,"Drama,Sport"
7.1,1862,The Panama Papers,2018,Documentary
7.4,4457,House of Hummingbird,2018,Drama
6.9,2867,Rimini,2022,"Comedy,Drama,Music"
7.1,3469,One Second,2020,"Comedy,Drama,History"
7.2,15212,Petta,2019,"Action,Drama"
7.6,15781,And Then We Danced,2019,"Drama,Romance"
8.0,9923,The Biggest Little Farm,2018,"Documentary,Family"
6.8,3992,Memory: The Origins of Alien,2019,"Biography,Documentary,History"
7.0,26458,The Kid Detective,2020,"Comedy,Crime,Drama"
6.6,20546,Chhalaang,2020,"Comedy,Drama,Sport"
6.8,8227,Panga,2020,"Drama,Sport"
7.0,46089,Kabir Singh,2019,"Drama,Romance"
7.4,26254,Jhund,2022,"Biography,Drama,Sport"
6.7,8258,Bob Biswas,2021,"Action,Crime,Drama"
6.9,2213,Intimate Strangers,2018,"Comedy,Drama,Thriller"
7.2,4895,Seventeen,2019,Drama
6.8,1533,Hoaxed,2019,Documentary
8.0,20598,Honeyland,2019,Documentary
8.1,6672,Sir Alex Ferguson: Never Give In,2021,"Biography,Documentary,Sport"
7.2,161560,The Brutalist,2024,Drama
6.6,9283,Impetigore,2019,"Horror,Mystery,Thriller"
8.3,16977,2018,2023,"Action,Drama,Thriller"
7.7,4789,Ravening,2019,"Drama,Fantasy,Horror"
6.8,3753,The Return of Godzilla,1984,"Action,Drama,Horror"
7.5,2060,ZZ Top: That Little Ol' Band from Texas,2019,"Biography,Documentary,Music"
7.1,5884,Saint Frances,2019,"Comedy,Drama"
7.9,1891,Ejen Ali: The Movie,2019,"Action,Adventure,Animation"
7.1,1723,Homestay,2018,"Drama,Fantasy,Thriller"
6.8,8432,The Immortal,2019,"Crime,Drama,Thriller"
7.6,3345,Father,2020,Drama
6.6,3435,Charm City Kings,2020,Drama
6.9,1754,LKG,2019,Comedy
7.2,40295,Living,2022,Drama
8.3,73912,Chhichhore,2019,"Comedy,Drama,Romance"
7.2,5818,Laal Kaptaan,2019,"Action,Adventure,Drama"
6.6,19678,Doctor G,2022,"Comedy,Drama"
7.6,8929,Last Breath,2019,"Documentary,Drama"
7.5,17119,Dinner in America,2020,"Comedy,Drama,Music"
7.2,7712,"Live Twice, Love Once",2019,"Comedy,Drama"
7.4,5922,Rocks,2019,Drama
7.6,122857,Dark Waters,2019,"Biography,Drama,History"
6.8,2534,Son Rise,2019,Documentary
6.7,8200,Dogs Don't Wear Pants,2019,"Drama,Romance"
7.1,3976,Effigy: Poison and the City,2019,"Crime,History"
6.8,1608,The Best Years of a Life,2019,Drama
6.7,2990,Monster,2019,"Comedy,Drama,Family"
7.2,2036,Those Who Remained,2019,Drama
7.0,6438,The Seven Deadly Sins: Prisoners of the Sky,2018,"Action,Adventure,Animation"
7.9,3628,Coldplay: A Head Full of Dreams,2018,"Documentary,Music"
8.3,23831,The Rescue,2021,"Action,Documentary,Mystery"
7.4,13846,Sharmaji Namkeen,2022,"Comedy,Drama,Family"
6.8,5459,Kingdom,2019,"Action,History,War"
6.7,82510,The Lost Daughter,2021,Drama
7.1,3789,Notebook,2019,Romance
7.0,3875,When Hitler Stole Pink Rabbit,2019,"Biography,Drama,History"
7.3,1617,55,2020,"Crime,Romance,Thriller"
7.1,1789,Kolaigaran,2019,"Action,Crime,Drama"
7.5,4357,Andhaghaaram,2020,"Horror,Mystery,Thriller"
7.2,2518,Queen Marie of Romania,2019,Drama
6.7,3786,Breaking Fast,2020,"Comedy,Drama,Romance"
6.6,397886,Black Panther: Wakanda Forever,2022,"Action,Adventure,Drama"
7.4,1787,Ice on Fire,2019,Documentary
6.6,79615,The Eyes of Tammy Faye,2021,"Biography,Drama,Romance"
7.0,6099,Promare,2019,"Action,Adventure,Animation"
8.2,14437,Champion,2018,"Biography,Drama,Romance"
6.6,42743,Cherry,2021,"Biography,Crime,Drama"
7.9,3722,"Take the Ball, Pass the Ball: The Making of the Greatest Team in the World",2018,"Documentary,Sport"
7.2,5915,Limbo,2020,"Comedy,Drama"
8.5,4575,Burn the Stage: The Movie,2018,"Documentary,Music"
7.1,2968,Chitralahari,2019,"Comedy,Drama,Romance"
6.6,2944,White Lie,2019,Drama
7.3,19355,The Shadow in My Eye,2021,"Drama,History,War"
7.4,22039,La belle époque,2019,"Comedy,Drama,Fantasy"
7.3,11058,Constantine: City of Demons,2018,"Action,Animation,Fantasy"
7.2,25183,Minamata,2020,Drama
7.6,5679,Held for Ransom,2019,"Biography,Drama,Thriller"
8.3,90552,Vikram,2022,"Action,Crime,Thriller"
6.6,2325,Close to the Horizon,2019,"Drama,Romance"
7.3,38981,"Are You There God? It's Me, Margaret.",2023,"Comedy,Drama,Family"
6.7,3286,I Am Woman,2019,"Biography,Drama,Music"
7.6,2160,Woodstock: Three Days That Defined a Generation,2019,"Documentary,History,Music"
7.3,2491,The Strong Ones,2019,"Drama,Romance"
6.9,5480,Ride Your Wave,2019,"Animation,Comedy,Drama"
6.7,73515,Three Thousand Years of Longing,2022,"Drama,Fantasy,Romance"
6.7,2277,Mending the Line,2022,Drama
7.6,2108,Moromete Family: On the Edge of Time,2018,Drama
6.8,1508,"Cryptopia: Bitcoin, Blockchains and the Future of the Internet",2020,Documentary
6.9,4236,Fireball: Visitors from Darker Worlds,2020,Documentary
7.9,3583,Make Us Dream,2018,"Biography,Documentary,Sport"
6.7,4933,Quick,2019,"Crime,Drama,Thriller"
6.8,100929,Monkey Man,2024,"Action,Crime,Thriller"
6.7,72763,Emma.,2020,"Comedy,Drama,Romance"
7.0,2376,Eakam,2021,"Adventure,Drama,Fantasy"
6.6,7158,Unstoppable,2018,"Action,Comedy,Crime"
7.1,24766,First Cow,2019,"Drama,Western"
8.0,4411,A Man Called Ahok,2018,"Biography,Drama"
6.6,2940,Mother,2019,"Drama,Thriller"
7.8,7465,Konosuba!: God's Blessing on This Wonderful World! - Legend of Crimson,2019,"Action,Adventure,Animation"
6.7,7365,The Survivor,2021,"Biography,Drama,History"
7.3,350121,El Camino,2019,"Crime,Drama,Thriller"
7.6,3010,A Regular Woman,2019,"Crime,Drama"
7.0,18778,Dream Girl,2019,"Comedy,Romance"
6.6,20884,Mission Mangal,2019,"Drama,History"
7.1,33529,Mosul,2019,"Action,Drama,Thriller"
6.7,27462,Bigil,2019,"Action,Drama,Sport"
8.6,62466,Rocketry: The Nambi Effect,2022,"Biography,Drama"
7.2,4920,Driving Licence,2019,"Action,Comedy,Drama"
8.0,1610,Zoku Owarimonogatari,2018,"Animation,Fantasy"
8.0,4439,Uyare,2019,Drama
6.9,2223,A Cool Fish,2018,"Comedy,Crime,Drama"
6.7,2706,The Best Is Yet to Come,2019,"Comedy,Drama"
6.6,3035,High Ground,2020,"Action,Drama,Thriller"
7.0,66196,The Sea Beast,2022,"Action,Adventure,Animation"
7.0,6501,White Snake,2019,"Action,Adventure,Animation"
6.6,50118,The Wonder,2022,"Drama,Mystery,Thriller"
7.0,1761,Echo,2019,Drama
6.6,3925,Margrete: Queen of the North,2021,"Biography,Drama,History"
8.3,2799,Mulshi Pattern,2018,"Action,Crime,Drama"
7.9,4850,Struggle: The Life and Lost Art of Szukalski,2018,"Biography,Documentary"
7.2,7578,Driveways,2019,Drama
6.6,7904,Hum Chaar,2019,Drama
7.2,6014,Jungle Cry,2022,"Drama,Sport"
7.5,4461,Maara,2021,"Adventure,Mystery,Romance"
6.8,5365,The Man with the Answers,2021,"Drama,Romance"
6.9,3041,Aakashavaani,2021,Drama
6.7,41326,Let Him Go,2020,"Crime,Drama,Thriller"
7.2,1925,Eeb Allay Ooo!,2019,"Comedy,Drama"
7.3,3596,Oh Baby,2019,"Comedy,Drama,Fantasy"
8.1,1970,"Love, Antosha",2019,"Biography,Documentary"
7.4,25185,American Factory,2019,Documentary
7.5,2986,Cold Case Hammarskjöld,2019,"Documentary,History"
6.9,2375,The Booksellers,2019,Documentary
7.3,8615,Hail Satan?,2019,Documentary
7.4,10562,Knock Down the House,2019,Documentary
7.1,1576,Halston,2019,"Biography,Documentary"
7.0,2352,Marianne & Leonard: Words of Love,2019,"Biography,Documentary,Music"
6.7,3393,Untouchable,2019,"Biography,Crime,Documentary"
8.5,544412,Spider-Man: Across the Spider-Verse,2023,"Action,Adventure,Animation"
7.3,497007,Shang-Chi and the Legend of the Ten Rings,2021,"Action,Adventure,Fantasy"
7.3,3417,Digger,2020,Drama
7.6,101062,Pushpa: The Rise - Part 1,2021,"Action,Crime,Drama"
6.7,3310,The Best Years,2020,Drama
6.7,1592,Freies Land,2019,"Crime,Drama,Mystery"
6.6,5275,The Last Bus,2021,Drama
7.2,160326,Where the Crawdads Sing,2022,"Drama,Mystery,Romance"
7.2,54838,Fyre,2019,"Crime,Documentary,Music"
6.6,3571,The Auschwitz Report,2021,"Drama,History,War"
6.7,5273,Hello World,2019,"Animation,Comedy,Drama"
7.4,5343,A Tale of Three Sisters,2019,Drama
6.8,554672,Doctor Strange in the Multiverse of Madness,2022,"Action,Adventure,Fantasy"
7.3,18272,Bala,2019,Comedy
7.5,71751,Weathering with You,2019,"Animation,Drama,Fantasy"
7.2,3654,Aristotle and Dante Discover the Secrets of the Universe,2022,Drama
7.5,9998,One Piece: Stampede,2019,"Action,Adventure,Animation"
8.1,3231,Bell Bottom,2019,"Comedy,Drama,Thriller"
7.4,2296,Homeward,2019,Drama
8.0,4457,In Search of Darkness,2019,"Documentary,History,Horror"
7.5,3059,Ishq,2019,"Drama,Romance,Thriller"
8.8,2373,BTS World Tour 'Love Yourself' in Seoul,2018,"Documentary,Music"
7.4,4317,Pamfir,2022,"Action,Drama,Thriller"
6.9,7703,Ultraman: Rising,2024,"Action,Adventure,Animation"
8.4,37605,Asuran,2019,"Action,Drama"
7.4,217537,Palm Springs,2020,"Comedy,Fantasy,Mystery"
6.7,3152,Our Ladies,2019,"Comedy,Drama"
7.1,143707,Black Mirror: Bandersnatch,2018,"Drama,Fantasy,Mystery"
8.2,15793,Pocket Hercules: Naim Süleymanoglu,2019,"Biography,Drama,History"
7.1,18799,The Hater,2020,"Drama,Thriller"
7.5,2376,Digimon Adventure: Last Evolution Kizuna,2020,"Action,Adventure,Animation"
7.5,2324,Saga of Tanya the Evil: The Movie,2019,"Action,Adventure,Animation"
7.1,4120,Papicha,2019,Drama
9.2,2952,Harvest,2026,Drama
6.8,1992,Is It Wrong to Try to Pick Up Girls in a Dungeon - Arrow of the Orion,2019,"Action,Adventure,Animation"
7.0,1732,The King of Laughter,2021,Biography
8.0,7661,Android Kunjappan Ver 5.25,2019,"Comedy,Drama,Sci-Fi"
7.3,26945,Ala Vaikunthapurramuloo,2020,"Action,Comedy,Drama"
7.3,3042,Ardaas Karaan,2019,Drama
7.1,15813,Extreme Job,2019,"Action,Comedy,Crime"
6.7,1605,The Confidence Man JP: The Movie,2019,"Comedy,Crime"
7.5,2299,Horror Noire: A History of Black Horror,2019,Documentary
7.3,9974,Kaagaz,2021,"Biography,Comedy,Drama"
7.5,8714,Rolling Thunder Revue: A Bob Dylan Story by Martin Scorsese,2019,"Biography,Documentary,History"
7.4,21478,Mortal Kombat Legends: Scorpion's Revenge,2020,"Action,Adventure,Animation"
7.7,6173,"So Long, My Son",2019,Drama
7.6,17363,Better Days,2019,"Crime,Drama,Romance"
7.1,238308,Mission: Impossible - The Final Reckoning,2025,"Action,Adventure,Thriller"
7.6,331258,Mission: Impossible - Dead Reckoning Part One,2023,"Action,Adventure,Thriller"
7.3,18253,Our Friend,2019,"Drama,Romance"
8.7,1927,Chaal Jeevi Laiye,2019,Drama
7.7,1786,Human Nature,2019,Documentary
6.7,1953,Mickey and the Bear,2019,Drama
7.9,2196,Sillu Karuppatti,2019,"Drama,Romance"
6.8,5805,Adu,2020,Drama
8.5,13851,For Sama,2019,"Biography,Documentary,War"
7.5,4385,Everybody's Everything,2019,"Documentary,Music"
6.7,169725,Final Destination: Bloodlines,2025,"Horror,Thriller"
7.5,192970,King Richard,2021,"Biography,Drama,Sport"
7.5,257935,Promising Young Woman,2020,"Crime,Drama,Mystery"
6.6,1637,Loud Connection,2019,Comedy
7.6,5639,Israelism,2023,"Documentary,War"
7.0,201483,Last Night in Soho,2021,"Drama,Horror,Mystery"
6.7,8687,The Wild Goose Lake,2019,"Crime,Drama"
7.1,5800,Bait,2019,Drama
7.8,48856,Close,2022,Drama
6.7,21586,Cinayet Süsü,2019,"Comedy,Crime,Mystery"
7.6,5459,Gang Leader,2019,"Action,Comedy,Thriller"
7.7,11408,Nerkonda Paarvai,2019,"Action,Crime,Drama"
7.4,4932,Last Film Show,2021,Drama
6.9,47874,The Half of It,2020,"Comedy,Drama"
7.0,2895,You Will Die at 20,2019,Drama
7.1,82713,The King of Staten Island,2020,"Comedy,Drama"
6.7,2042,Paper Spiders,2020,Drama
7.1,1974,Jaanu,2020,"Drama,Romance"
6.6,2505,Slalom,2020,"Drama,Sport"
6.7,91953,Fear Street: Part Two - 1978,2021,"Drama,Horror,Mystery"
6.6,76816,Fear Street: Part Three - 1666,2021,"Horror,Mystery"
8.2,6851,Uncle Tom,2020,"Documentary,History"
7.2,2034,June Again,2020,Drama
7.0,3331,Sublet,2020,"Comedy,Drama,Romance"
7.0,9447,Little Fish,2020,"Drama,Romance,Sci-Fi"
6.9,1702,Doraemon: Nobita's Chronicle of the Moon Exploration,2019,"Action,Adventure,Animation"
7.2,3498,Friend Zone,2019,"Comedy,Romance"
6.6,21111,Narvik: Hitler's First Defeat,2022,"Drama,History,War"
7.4,15835,Persian Lessons,2020,"Drama,War"
8.0,5272,Brochevarevarura,2019,Comedy
7.0,6350,Beasts Clawing at Straws,2020,"Crime,Drama,Mystery"
6.9,3655,The Dude in Me,2019,"Action,Comedy,Fantasy"
7.1,510691,The Menu,2022,"Comedy,Horror,Thriller"
6.7,3021,Zombie for Sale,2019,"Comedy,Horror,Sci-Fi"
7.3,221165,Nomadland,2020,Drama
6.6,12642,Bloody Hell,2020,"Comedy,Horror,Mystery"
6.6,256571,The Tomorrow War,2021,"Action,Adventure,Drama"
6.9,3541,Master Cheng,2019,"Comedy,Drama,Romance"
7.4,115892,Judas and the Black Messiah,2021,"Biography,Crime,Drama"
6.8,1562,Porinju Mariyam Jose,2019,"Action,Comedy,Drama"
7.3,5114,The Blonde One,2019,"Drama,Romance"
6.7,10531,Athiran,2019,"Drama,Mystery,Romance"
6.7,2221,Big Boys Don't Cry,2020,"Biography,Crime,Drama"
6.6,6422,"A White, White Day",2019,"Drama,Mystery,Thriller"
7.5,38975,I Lost My Body,2019,"Animation,Drama,Fantasy"
7.6,2273,Vellam,2021,"Biography,Drama"
7.3,3125,Hope,2019,"Drama,Romance"
6.8,4530,When the Moon Was Full,2019,"Biography,Crime,Drama"
7.7,21309,Law of Tehran,2019,"Action,Crime,Drama"
6.8,1732,Wet Season,2019,"Drama,Romance"
6.8,6955,Sylvie's Love,2020,"Drama,Music,Romance"
7.2,3479,"Onoda: 10,000 Nights in the Jungle",2021,"Adventure,Drama,History"
7.2,4344,Two of Us,2019,"Drama,Romance"
6.8,4516,End of the Century,2019,Drama
7.5,1703,Sea of Time,2022,Drama
8.1,6391,The Bee Gees: How Can You Mend a Broken Heart,2020,"Biography,Documentary,Music"
6.8,1792,Tigers,2020,"Biography,Drama,Sport"
8.1,34489,Major,2022,"Action,Biography,Drama"
6.6,2366,Shiv Shastri Balboa,2022,"Comedy,Drama"
7.3,1755,The Asadas,2020,"Biography,Comedy,Drama"
6.7,2160,Gholamreza Takhti,2019,"Biography,Drama,Sport"
6.7,48727,They Cloned Tyrone,2023,"Comedy,Mystery,Sci-Fi"
7.0,2096,Halahal,2020,"Crime,Drama,Mystery"
8.3,10648,Rascal Does Not Dream of a Dreaming Girl,2019,"Animation,Drama,Fantasy"
7.7,2413,Chasing Happiness,2019,"Biography,Documentary,Music"
7.6,16585,Moonage Daydream,2022,"Biography,Documentary,Music"
7.0,7798,Dream Horse,2020,"Biography,Comedy,Drama"
6.6,3462,Mogul Mowgli,2020,"Drama,Music"
6.8,2556,Min pappa Marianne,2020,"Comedy,Drama"
8.4,52364,Kaithi,2019,"Action,Crime,Thriller"
7.0,5398,Herself,2020,Drama
7.4,3587,The Marriage Escape,2020,"Comedy,Drama"
