primaryTitle,startYear,numVotes,averageRating
Intolerance,1916,18102,7.6
Broken Blossoms,1919,11828,7.2
The Kid,1921,146663,8.2
The Phantom Carriage,1921,15938,8.0
The Last Laugh,1924,16641,8.0
Strike,1925,9583,7.6
Battleship Potemkin,1925,65496,7.9
The Gold Rush,1925,128824,8.1
Greed,1924,11655,8.0
Faust,1926,18523,8.1
The Lodger: A Story of the London Fog,1927,15229,7.3
Metropolis,1927,202490,8.2
Napoleon,1927,9839,8.2
Sunrise,1927,56977,8.1
The Unknown,1927,10371,7.7
Wings,1927,16474,7.5
Pandora's Box,1929,13014,7.7
The Cameraman,1928,14705,8.0
The Crowd,1928,10096,8.0
The Passion of Joan of Arc,1928,68958,8.1
"Steamboat Bill, Jr.",1928,17697,7.8
Blackmail,1929,13655,6.9
All Quiet on the Western Front,1930,72516,8.1
The Blue Angel,1930,17771,7.6
Little Caesar,1931,16127,7.1
L'Age d'Or,1930,15797,7.2
City Lights,1931,217699,8.5
Dracula,1931,65214,7.3
Frankenstein,1931,88425,7.7
The Public Enemy,1931,23732,7.6
Freaks,1932,55175,7.8
Grand Hotel,1932,22857,7.3
I Am a Fugitive from a Chain Gang,1932,15775,8.2
The Old Dark House,1932,14887,7.0
Scarface,1932,33664,7.7
Shanghai Express,1932,11897,7.3
Dinner at Eight,1933,9787,7.5
42nd Street,1933,13957,7.3
Gold Diggers of 1933,1933,10133,7.7
Zero de Conduite,1933,10105,7.2
L'Atalante,1934,18765,7.7
The Man Who Knew Too Much,1934,23698,6.7
Bride of Frankenstein,1935,59381,7.8
Mutiny on the Bounty,1935,26878,7.6
Dodsworth,1936,11194,7.7
Fury,1936,14850,7.8
The Great Ziegfeld,1936,9872,6.6
Modern Times,1936,287018,8.5
Mr. Deeds Goes to Town,1936,25151,7.8
My Man Godfrey,1936,28850,7.9
The Petrified Forest,1936,16014,7.5
Things to Come,1936,10260,6.6
Camille,1936,9580,7.3
Captains Courageous,1937,12060,7.9
Dead End,1937,9695,7.2
Grand Illusion,1937,41283,8.0
The Life of Emile Zola,1937,10093,7.1
Lost Horizon,1937,15833,7.6
Make Way for Tomorrow,1937,10708,8.1
Stage Door,1937,9893,7.7
A Star Is Born,1937,11978,7.3
Young and Innocent,1937,12199,6.8
Alexander Nevsky,1938,13259,7.4
Angels with Dirty Faces,1938,25007,7.8
A Christmas Carol,1938,10034,7.5
Jezebel,1938,16549,7.4
The Lady Vanishes,1938,61808,7.7
Pygmalion,1938,10575,7.7
Port of Shadows,1938,10943,7.7
You Can't Take It with You,1938,30588,7.8
Dark Victory,1939,13566,7.4
Gone with the Wind,1939,357671,8.2
"Goodbye, Mr. Chips",1939,12425,7.9
The Hunchback of Notre Dame,1939,13407,7.8
Mr. Smith Goes to Washington,1939,130180,8.1
Only Angels Have Wings,1939,17550,7.6
The Roaring Twenties,1939,17651,7.9
The Rules of the Game,1939,33559,7.9
Son of Frankenstein,1939,13525,7.1
Stagecoach,1939,59418,7.8
The Women,1939,16207,7.7
Wuthering Heights,1939,22973,7.5
Young Mr. Lincoln,1939,10013,7.5
Foreign Correspondent,1940,26285,7.4
The Grapes of Wrath,1940,107415,8.1
The Great Dictator,1940,259689,8.4
His Girl Friday,1940,68384,7.8
The Letter,1940,16001,7.5
The Mark of Zorro,1940,12039,7.5
Pride and Prejudice,1940,10137,7.3
Rebecca,1940,161847,8.0
The Shop Around the Corner,1940,44546,8.0
They Drive by Night,1940,10140,7.2
Waterloo Bridge,1940,11955,7.7
Citizen Kane,1941,495446,8.2
Dr. Jekyll and Mr. Hyde,1941,10856,6.8
Dumbo,1941,151336,7.2
High Sierra,1941,21181,7.5
How Green Was My Valley,1941,29442,7.7
The Little Foxes,1941,14259,7.9
The Maltese Falcon,1941,175043,7.9
Meet John Doe,1941,16518,7.6
Sergeant York,1941,20097,7.7
Sullivan's Travels,1941,31037,7.9
Suspicion,1941,45474,7.2
Bambi,1942,166446,7.3
Casablanca,1942,659023,8.5
Holiday Inn,1942,19583,7.3
The Magnificent Ambersons,1942,28889,7.6
Mrs. Miniver,1942,21477,7.6
"Now, Voyager",1942,20968,7.8
The Pride of the Yankees,1942,13000,7.6
Saboteur,1942,29858,7.1
The Talk of the Town,1942,10062,7.5
This Gun for Hire,1942,11726,7.3
Woman of the Year,1942,11950,7.1
Yankee Doodle Dandy,1942,18238,7.6
Le Corbeau,1943,11994,7.8
For Whom the Bell Tolls,1943,11205,6.8
Heaven Can Wait,1943,13526,7.3
I Walked with a Zombie,1943,15603,7.0
The Life and Death of Colonel Blimp,1943,18392,8.0
The Ox-Bow Incident,1943,27430,8.0
Sahara,1943,11122,7.5
Shadow of a Doubt,1943,75850,7.7
Day of Wrath,1943,12138,8.0
Double Indemnity,1944,182712,8.3
Gaslight,1944,38200,7.8
The Best Years of Our Lives,1946,76851,8.1
Going My Way,1944,14918,7.0
Jane Eyre,1943,10409,7.4
Laura,1944,56423,7.9
Lifeboat,1944,33972,7.6
Meet Me in St. Louis,1944,31311,7.5
Ministry of Fear,1944,9744,7.1
"Murder, My Sweet",1944,16490,7.5
To Have and Have Not,1944,41445,7.8
The Woman in the Window,1944,19709,7.6
And Then There Were None,1945,18753,7.3
The Bells of St. Mary's,1945,10632,7.2
Brief Encounter,1945,49041,8.0
Dead of Night,1945,15997,7.5
Detour,1945,22366,7.3
Children of Paradise,1945,22660,8.3
I Know Where I'm Going!,1945,11497,7.4
"Ivan the Terrible, Part I",1944,11862,7.6
Leave Her to Heaven,1945,17088,7.6
The Lost Weekend,1945,43549,7.8
Mildred Pierce,1945,31679,7.9
The Picture of Dorian Gray,1945,16205,7.5
Scarlet Street,1945,21542,7.7
Spellbound,1945,55710,7.5
They Were Expendable,1945,10332,7.2
Beauty and the Beast,1946,29997,7.9
The Big Sleep,1946,94757,7.9
The Blue Dahlia,1946,10666,7.1
Duel in the Sun,1946,10562,6.7
Gilda,1946,37645,7.6
Great Expectations,1946,28535,7.8
It's a Wonderful Life,1946,557515,8.6
The Killers,1946,26355,7.7
A Matter of Life and Death,1946,28153,8.0
My Darling Clementine,1946,28761,7.7
Notorious,1946,113214,7.9
Paisan,1946,10806,7.6
The Postman Always Rings Twice,1946,25069,7.4
"Rome, Open City",1945,34317,8.0
The Spiral Staircase,1946,12627,7.3
The Strange Love of Martha Ivers,1946,12474,7.4
The Stranger,1946,31129,7.3
The Bishop's Wife,1947,23950,7.6
Black Narcissus,1947,31698,7.7
Brute Force,1947,12834,7.5
Crossfire,1947,10980,7.2
Dark Passage,1947,24252,7.5
Dead Reckoning,1946,10084,7.0
Gentleman's Agreement,1947,19295,7.2
Germany Year Zero,1948,15464,7.8
The Ghost and Mrs. Muir,1947,21503,7.8
Kiss of Death,1947,10667,7.4
Miracle on 34th Street,1947,60007,7.9
Monsieur Verdoux,1947,20727,7.8
Nightmare Alley,1947,14745,7.7
Odd Man Out,1947,13229,7.6
Out of the Past,1947,45044,7.9
3 Godfathers,1948,11727,7.0
The Big Clock,1948,11048,7.6
Call Northside 777,1948,11565,7.4
The Fallen Idol,1948,10843,7.6
A Foreign Affair,1948,9561,7.3
Fort Apache,1948,21549,7.4
Hamlet,1948,20058,7.5
Key Largo,1948,47556,7.7
Bicycle Thieves,1948,192752,8.2
The Lady from Shanghai,1947,36912,7.5
Letter from an Unknown Woman,1948,15002,7.8
The Naked City,1948,17174,7.5
Oliver Twist,1948,15103,7.8
Red River,1948,38289,7.7
The Red Shoes,1948,44039,8.1
Rope,1948,166084,7.9
"Sorry, Wrong Number",1948,14384,7.3
They Live by Night,1948,10500,7.4
The Treasure of the Sierra Madre,1948,142326,8.2
Drunken Angel,1948,14961,7.6
All the King's Men,1949,18282,7.4
Late Spring,1949,21850,8.2
Criss Cross,1949,10907,7.4
The Fountainhead,1949,11881,7.0
The Heiress,1949,19182,8.1
A Letter to Three Wives,1949,11823,7.6
Stray Dog,1949,21104,7.8
Orpheus,1950,14657,7.8
Samson and Delilah,1949,10076,6.8
Sands of Iwo Jima,1949,12492,7.0
She Wore a Yellow Ribbon,1949,20957,7.2
The Third Man,1949,196777,8.1
Twelve O'Clock High,1949,15805,7.7
White Heat,1949,38821,8.1
All About Eve,1950,150167,8.2
The Asphalt Jungle,1950,33244,7.8
Born Yesterday,1950,13715,7.5
Broken Arrow,1950,10891,7.1
D.O.A.,1949,14290,7.2
Father of the Bride,1950,13642,7.1
Gun Crazy,1950,16757,7.6
Harvey,1950,61237,7.9
In a Lonely Place,1950,39623,7.9
Diary of a Country Priest,1951,13782,7.7
The Young and the Damned,1950,23844,8.2
Panic in the Streets,1950,9590,7.2
Rashomon,1950,198096,8.1
Rio Grande,1950,19554,7.0
Sunset Boulevard,1950,263031,8.4
Treasure Island,1950,10898,6.9
Where the Sidewalk Ends,1950,11240,7.5
Winchester '73,1950,23324,7.6
The African Queen,1951,87940,7.7
An American in Paris,1951,39660,7.1
Early Summer,1951,10811,8.0
Ace in the Hole,1951,42866,8.0
The Day the Earth Stood Still,1951,89194,7.7
Detective Story,1951,10607,7.5
Forbidden Games,1952,14285,8.0
A Place in the Sun,1951,27166,7.7
Quo Vadis,1951,18639,7.1
A Christmas Carol,1951,29292,8.1
Strangers on a Train,1951,148747,7.9
A Streetcar Named Desire,1951,119325,7.9
Angel Face,1952,10228,7.2
The Bad and the Beautiful,1952,17949,7.7
Bend of the River,1952,11054,7.2
Don't Bother to Knock,1952,9731,6.9
High Noon,1952,117113,7.9
Ikiru,1952,103448,8.3
Ivanhoe,1952,11405,6.7
Limelight,1952,24161,8.0
The Man in the White Suit,1951,11778,7.2
The Naked Spur,1953,14111,7.3
The Narrow Margin,1952,9989,7.6
The Quiet Man,1952,46218,7.7
Othello,1951,10266,7.5
Umberto D.,1952,30835,8.1
Viva Zapata!,1952,13539,7.2
The Big Heat,1953,33030,7.9
From Here to Eternity,1953,54700,7.6
The Hitch-Hiker,1953,12026,6.9
Hondo,1953,14140,7.0
How to Marry a Millionaire,1953,27054,6.8
I Confess,1953,25495,7.2
Julius Caesar,1953,14256,7.2
The Earrings of Madame De...,1953,12234,7.8
Mogambo,1953,10048,6.6
Niagara,1953,22642,7.0
Pickup on South Street,1953,17981,7.6
The Robe,1953,13023,6.7
Roman Holiday,1953,158391,8.0
The Wages of Fear,1953,74129,8.1
Shane,1953,48119,7.6
Summer with Monika,1953,17986,7.5
Stalag 17,1953,60416,7.9
Tokyo Story,1953,78479,8.1
Touchez pas au grisbi,1954,9720,7.6
Ugetsu,1953,28482,8.1
Journey to Italy,1954,14018,7.2
I Vitelloni,1953,23390,7.8
"20,000 Leagues Under the Sea",1954,39624,7.2
The Barefoot Contessa,1954,14593,6.9
The Caine Mutiny,1954,31219,7.7
The Dam Busters,1955,12378,7.4
Diabolique,1955,73729,8.1
Dial M for Murder,1954,206307,8.1
The Glenn Miller Story,1954,10613,7.3
Godzilla,1954,45886,7.6
Hobson's Choice,1954,10178,7.7
Johnny Guitar,1954,21759,7.6
On the Waterfront,1954,180208,8.1
Rear Window,1954,572127,8.4
River of No Return,1954,14333,6.6
Sabrina,1954,76458,7.6
Sansho the Bailiff,1954,20050,8.3
Senso,1954,10130,7.4
Seven Samurai,1954,404466,8.6
A Star Is Born,1954,21151,7.5
La Strada,1954,70265,8.0
Vera Cruz,1954,13124,7.0
The Wild One,1953,19255,6.7
All That Heaven Allows,1955,18734,7.6
Animal Farm,1954,22050,7.2
Bad Day at Black Rock,1955,27012,7.6
The Big Combo,1955,10093,7.3
Blackboard Jungle,1955,10658,7.4
Bob le Flambeur,1956,14353,7.5
The Desperate Hours,1955,11872,7.5
Rififi,1955,39596,8.1
East of Eden,1955,50954,7.8
Kiss Me Deadly,1955,23877,7.5
The Man from Laramie,1955,13308,7.3
The Man with the Golden Arm,1955,13503,7.3
Marty,1955,30925,7.6
Mister Roberts,1955,19788,7.6
Confidential Report,1955,10155,7.1
The Night of the Hunter,1955,109056,7.9
Oklahoma!,1955,15918,7.0
Ordet,1955,19085,8.2
Pather Panchali,1955,42080,8.2
Picnic,1955,10750,7.0
Rebel Without a Cause,1955,103929,7.6
Sissi,1955,11221,7.0
Summertime,1955,11502,7.1
To Catch a Thief,1955,87377,7.4
Anastasia,1956,10350,7.0
Aparajito,1956,20173,8.2
The Bad Seed,1956,17884,7.4
Giant,1956,44280,7.6
The Harder They Fall,1956,10440,7.5
Invasion of the Body Snatchers,1956,60325,7.7
The Killing,1956,106674,7.9
The King and I,1956,29744,7.4
Lust for Life,1956,13213,7.3
The Man Who Knew Too Much,1956,76683,7.4
Moby Dick,1956,23219,7.3
Somebody Up There Likes Me,1956,9768,7.5
The Ten Commandments,1956,85358,7.9
A Man Escaped,1956,30999,8.1
War and Peace,1956,11855,6.7
Written on the Wind,1956,15238,7.3
12 Angry Men,1957,997380,9.0
3:10 to Yuma,1957,24049,7.6
An Affair to Remember,1957,35949,7.4
Mother India,1957,10464,7.8
The Bridge on the River Kwai,1957,249982,8.1
The Enemy Below,1957,13490,7.4
A Face in the Crowd,1957,19383,8.1
Gunfight at the O.K. Corral,1957,19044,7.1
"Heaven Knows, Mr. Allison",1957,10532,7.3
The Incredible Shrinking Man,1957,22275,7.6
A King in New York,1957,9921,7.0
Throne of Blood,1957,60713,8.0
The Cranes Are Flying,1957,22889,8.3
Love in the Afternoon,1957,18509,7.1
White Nights,1957,10431,7.7
Nights of Cabiria,1957,57450,8.1
Old Yeller,1957,16845,7.2
Paths of Glory,1957,241784,8.4
The Seventh Seal,1957,216935,8.1
Wild Strawberries,1957,125375,8.1
Sweet Smell of Success,1957,40466,8.0
The Three Faces of Eve,1957,9706,7.2
Witness for the Prosecution,1957,163618,8.4
The Wrong Man,1956,34979,7.4
The Magician,1958,11956,7.5
Elevator to the Gallows,1958,32079,7.9
Auntie Mame,1958,13930,7.9
Bell Book and Candle,1958,14912,6.8
The Big Country,1958,24649,7.9
Cat on a Hot Tin Roof,1958,57379,7.9
The Defiant Ones,1958,20299,7.5
Horror of Dracula,1958,30122,7.2
The Fly,1958,28166,7.1
Houseboat,1958,10556,6.6
The Hidden Fortress,1958,46207,8.0
"The Long, Hot Summer",1958,13670,7.3
Man of the West,1958,10913,7.0
A Night to Remember,1958,19501,7.9
Ashes and Diamonds,1958,15146,7.7
Run Silent Run Deep,1958,14915,7.3
Separate Tables,1958,9913,7.3
South Pacific,1958,11110,6.8
Touch of Evil,1958,115371,7.9
The Young Lions,1958,9664,7.1
Anatomy of a Murder,1959,78358,8.0
The World of Apu,1959,20572,8.4
Ballad of a Soldier,1959,12391,8.2
Ben-Hur,1959,272712,8.1
The Diary of Anne Frank,1959,14663,7.4
Hiroshima Mon Amour,1959,39710,7.8
The Horse Soldiers,1959,13199,7.1
Imitation of Life,1959,20010,7.8
Last Train from Gun Hill,1959,9876,7.3
The Human Condition I: No Greater Love,1959,11559,8.5
North by Northwest,1959,370677,8.3
The Nun's Story,1959,12805,7.5
Good Morning,1959,12601,7.8
On the Beach,1959,16312,7.1
Black Orpheus,1959,13582,7.4
Pickpocket,1959,27753,7.5
The 400 Blows,1959,135236,8.0
Shadows,1958,13672,7.2
"Suddenly, Last Summer",1959,19226,7.4
Floating Weeds,1959,9852,7.9
Eyes Without a Face,1960,39518,7.6
Breathless,1960,96219,7.6
The Alamo,1960,19780,6.8
The Apartment,1960,222238,8.3
L'Avventura,1960,37306,7.7
La Dolce Vita,1960,86358,8.0
Elmer Gantry,1960,14630,7.7
Exodus,1960,12957,6.7
House of Usher,1960,17554,6.9
Inherit the Wind,1960,35814,8.1
The Virgin Spring,1960,34037,8.0
The Magnificent Seven,1960,111385,7.7
Mughal-E-Azam,1960,9695,8.1
La Notte,1961,26799,7.9
Peeping Tom,1960,44165,7.6
Purple Noon,1960,24319,7.7
Pollyanna,1960,12666,7.4
Psycho,1960,791512,8.5
Rocco and His Brothers,1960,25971,8.2
Saturday Night and Sunday Morning,1960,10103,7.5
Spartacus,1960,151946,7.9
Shoot the Piano Player,1960,21997,7.4
Le Trou,1960,24002,8.5
The Bad Sleep Well,1960,15672,7.9
Accattone,1961,11330,7.6
Last Year at Marienbad,1961,27227,7.6
Breakfast at Tiffany's,1961,205813,7.5
The Children's Hour,1961,21187,7.8
Two Women,1960,13900,7.7
The Comancheros,1961,10972,6.8
El Cid,1961,17340,7.2
The Guns of Navarone,1961,60470,7.5
The Hustler,1961,90341,7.9
The Innocents,1961,36440,7.7
Judgment at Nuremberg,1961,97922,8.3
Jules and Jim,1962,47163,7.6
King of Kings,1961,10111,7.0
Lover Come Back,1961,9785,7.1
The Misfits,1961,24758,7.2
Murder She Said,1961,9693,7.3
One-Eyed Jacks,1961,15317,7.1
The Pit and the Pendulum,1961,18786,7.0
A Raisin in the Sun,1961,10601,8.0
Splendor in the Grass,1961,23053,7.7
Through a Glass Darkly,1961,29629,7.9
A Woman Is a Woman,1961,20609,7.3
Viridiana,1961,28441,8.0
West Side Story,1961,128426,7.6
Yojimbo,1961,144199,8.2
Birdman of Alcatraz,1962,21440,7.8
Cape Fear,1962,35767,7.7
Cleo from 5 to 7,1962,32067,7.8
Days of Wine and Roses,1962,15157,7.8
Divorce Italian Style,1961,15851,7.9
Harakiri,1962,93248,8.6
Ivan's Childhood,1962,43843,8.0
Lawrence of Arabia,1962,344614,8.3
Lolita,1962,116799,7.5
The Loneliness of the Long Distance Runner,1962,10063,7.5
Lonely Are the Brave,1962,11097,7.5
The Longest Day,1962,63433,7.7
Mamma Roma,1962,11518,7.7
The Man Who Shot Liberty Valance,1962,89434,8.1
The Manchurian Candidate,1962,85110,7.9
The Miracle Worker,1962,21262,8.1
Mutiny on the Bounty,1962,19596,7.2
Knife in the Water,1962,25310,7.4
Ride the High Country,1962,16390,7.4
Sanjuro,1962,43579,8.0
An Autumn Afternoon,1962,12125,8.0
The Easy Life,1962,14640,8.2
To Kill a Mockingbird,1962,352418,8.2
My Life to Live,1962,37938,7.8
What Ever Happened to Baby Jane?,1962,68166,8.0
The Exterminating Angel,1962,38407,7.9
L'Eclisse,1962,24646,7.7
8½,1963,133430,8.0
The Birds,1963,221529,7.6
Cleopatra,1963,41620,7.0
The Fire Within,1963,11736,7.8
The Leopard,1963,34864,7.9
The Great Escape,1963,279242,8.2
Hud,1963,26219,7.8
Lilies of the Field,1963,15540,7.5
Lord of the Flies,1963,22220,6.8
Contempt,1963,39576,7.4
Winter Light,1963,29770,8.0
The Trial,1962,27131,7.6
The Servant,1963,16007,7.7
Shock Corridor,1963,14112,7.3
High and Low,1963,73002,8.4
The Silence,1963,22810,7.7
Zorba the Greek,1964,25779,7.6
Band of Outsiders,1964,29169,7.6
Becket,1964,17191,7.7
Red Desert,1964,19434,7.4
Fail Safe,1964,28239,8.0
The Fall of the Roman Empire,1964,11387,6.7
"Hush...Hush, Sweet Charlotte",1964,17605,7.5
Diary of a Chambermaid,1964,10612,7.3
The Killers,1964,10558,7.0
Kwaidan,1964,23146,7.9
Marnie,1964,57951,7.1
The Masque of the Red Death,1964,18535,6.9
Marriage Italian Style,1964,12773,7.4
My Fair Lady,1964,108342,7.7
The Naked Kiss,1964,9742,7.2
The Night of the Iguana,1964,14180,7.5
Onibaba,1964,26044,7.8
The Umbrellas of Cherbourg,1964,35442,7.8
A Fistful of Dollars,1964,255731,7.9
Blood and Black Lace,1964,15420,7.1
Seven Days in May,1964,17817,7.8
I Am Cuba,1964,12547,8.2
Woman in the Dunes,1964,25968,8.4
Shadows of Forgotten Ancestors,1965,9724,7.8
The Last Man on Earth,1964,23989,6.7
The Gospel According to St. Matthew,1964,15274,7.6
Zulu,1964,46645,7.7
Red Beard,1965,23663,8.3
Alphaville,1965,30296,6.9
The Battle of Algiers,1966,76621,8.1
Battle of the Bulge,1965,19257,6.8
Happiness,1965,12043,7.6
Bunny Lake Is Missing,1965,11323,7.3
Chimes at Midnight,1965,11282,7.6
The Cincinnati Kid,1965,19831,7.2
The Collector,1965,13300,7.5
Doctor Zhivago,1965,87811,7.9
The Flight of the Phoenix,1965,24390,7.5
Juliet of the Spirits,1965,15837,7.4
The Greatest Story Ever Told,1965,13546,6.6
Guide,1965,12989,8.4
The Hill,1965,16593,7.8
In Harm's Way,1965,11556,7.3
The Ipcress File,1965,19756,7.1
Loves of a Blonde,1965,10324,7.4
Major Dundee,1965,9644,6.7
The Shop on Main Street,1965,10542,8.2
Operation 'Y' & Other Shurik's Adventures,1965,16674,8.4
A Patch of Blue,1965,10340,8.0
The Pawnbroker,1964,11727,7.6
For a Few Dollars More,1965,302707,8.2
Pierrot le Fou,1965,40436,7.4
Repulsion,1965,61640,7.5
Shenandoah,1965,10585,7.3
Simon of the Desert,1965,11941,7.8
The Sons of Katie Elder,1965,19786,7.1
The Sound of Music,1965,293832,8.1
The Spy Who Came in from the Cold,1965,20876,7.5
Alfie,1966,16941,7.0
Andrei Rublev,1966,60985,8.0
Au hasard Balthazar,1966,25079,7.7
Blow-Up,1966,73122,7.4
"The Good, the Bad and the Ugly",1966,897240,8.8
The Chase,1966,15346,7.1
Cul-de-sac,1966,15051,7.0
The Sword of Doom,1966,13361,7.9
Django,1966,34486,7.2
Fahrenheit 451,1966,47754,7.2
Grand Prix,1966,12213,7.2
Harper,1966,12349,6.8
"Kidnapping, Caucasian Style",1967,15225,8.2
A Man for All Seasons,1966,40651,7.7
Masculine Feminine,1966,19200,7.3
Nevada Smith,1966,9958,6.9
Closely Watched Trains,1966,15160,7.6
Persona,1966,141657,8.0
The Professionals,1966,21067,7.3
The Sand Pebbles,1966,17949,7.5
The Face of Another,1966,12236,7.8
Torn Curtain,1966,31872,6.6
A Man and a Woman,1966,13789,7.5
Who's Afraid of Virginia Woolf?,1966,83547,8.0
Belle de Jour,1967,53846,7.6
The Taming of The Shrew,1967,9611,7.0
The Collector,1967,10985,7.3
Cool Hand Luke,1967,196974,8.0
El Dorado,1966,33762,7.5
The Graduate,1967,303307,8.0
Guess Who's Coming to Dinner,1967,53044,7.8
Hang 'Em High,1968,48783,7.0
Hombre,1967,15971,7.4
The Firemen's Ball,1967,13434,7.3
In Cold Blood,1967,31973,7.9
In the Heat of the Night,1967,92122,7.9
Samurai Rebellion,1967,15791,8.3
Branded to Kill,1967,11240,7.2
The Bride Wore Black,1968,11636,7.2
Mouchette,1967,14244,7.6
The Night of the Generals,1967,9601,7.2
Point Blank,1967,26894,7.2
Le Samouraï,1967,66872,8.0
"To Sir, with Love",1967,22147,7.6
Two for the Road,1967,15785,7.3
Viy,1967,11979,7.1
The War Wagon,1967,12121,6.8
Weekend,1967,16796,6.9
Stolen Kisses,1968,16701,7.5
The Boston Strangler,1968,12099,7.0
The Young Girls of Rochefort,1967,13928,7.7
Faces,1968,12861,7.4
Funny Girl,1968,27615,7.4
The Great Silence,1968,20724,7.7
The Lion in Winter,1968,37098,7.8
Witchfinder General,1968,13968,6.7
Oliver!,1968,44692,7.4
Romeo and Juliet,1968,37657,7.6
Rosemary's Baby,1968,260106,8.0
The Color of Pomegranates,1969,16990,7.5
Shame,1968,16608,8.0
The Cremator,1969,13090,8.0
The Swimmer,1968,16577,7.6
Targets,1968,13899,7.3
Teorema,1968,17130,7.0
The Thomas Crown Affair,1968,32342,6.9
Hour of the Wolf,1968,25276,7.5
War and Peace,1965,9808,8.3
If....,1968,26582,7.4
Army of Shadows,1969,29533,8.1
Battle of Britain,1969,27080,7.0
The Butcher,1970,10499,7.3
The Bridge at Remagen,1969,11883,6.7
Once Upon a Time in the West,1968,386640,8.5
The Damned,1969,11050,7.4
The Sicilian Clan,1969,10534,7.4
Death Rides a Horse,1967,11007,7.0
Easy Rider,1969,123245,7.2
The Wild Child,1970,9601,7.4
Kes,1969,26366,7.9
My Night at Maud's,1969,16205,7.8
Mackenna's Gold,1969,10816,6.7
Midnight Cowboy,1969,132309,7.8
The Passion of Anna,1969,11381,7.6
The Swimming Pool,1969,17202,7.1
The Prime of Miss Jean Brodie,1969,11293,7.6
Satyricon,1969,18270,6.8
"They Shoot Horses, Don't They?",1969,21932,7.8
True Grit,1969,54387,7.4
Two Mules for Sister Sara,1970,33185,7.0
The Bird with the Crystal Plumage,1970,27373,7.1
The Wild Bunch,1969,94559,7.9
Z,1969,34285,8.1
Airport,1970,25003,6.6
The Ballad of Cable Hogue,1970,11453,7.2
Catch-22,1970,27227,7.1
The Red Circle,1970,32052,7.9
Chisum,1970,12083,6.9
The Conformist,1970,39492,7.9
The Decameron,1971,13838,7.0
Bed & Board,1970,11680,7.4
Five Easy Pieces,1970,44882,7.3
Claire's Knee,1970,13705,7.4
Investigation of a Citizen Above Suspicion,1970,15639,8.0
Little Big Man,1970,40645,7.5
Love Story,1970,40575,6.9
M*A*S*H,1970,83418,7.3
A Man Called Horse,1970,10295,6.8
Patton,1970,113871,7.9
Performance,1970,12312,6.7
Rio Lobo,1970,15367,6.7
Ryan's Daughter,1970,11713,7.4
Scrooge,1970,14025,7.5
THX 1138,1971,57892,6.6
Tora! Tora! Tora!,1970,40098,7.5
Tristana,1970,13928,7.4
Valerie and Her Week of Wonders,1970,13673,7.0
Waterloo,1970,14757,7.3
Women in Love,1969,9822,7.1
Zabriskie Point,1970,18444,6.9
10 Rillington Place,1971,11022,7.5
Anand,1971,37779,8.1
The Beguiled,1971,21254,7.1
Big Jake,1971,16063,7.1
Carnal Knowledge,1971,17192,6.9
The Devils,1971,21591,7.7
Fiddler on the Roof,1971,52583,8.0
The French Connection,1971,151774,7.6
"Duck, You Sucker!",1971,40548,7.5
Harold and Maude,1971,85433,7.8
Johnny Got His Gun,1971,20004,7.8
The Last Picture Show,1971,57383,8.0
Le Mans,1971,13436,6.7
Macbeth,1971,16162,7.4
McCabe & Mrs. Miller,1971,30646,7.6
Death in Venice,1971,25140,7.3
Wake in Fright,1971,16554,7.5
The Panic in Needle Park,1971,22680,7.1
Play Misty for Me,1971,35474,6.9
Silent Running,1972,33909,6.6
Red Sun,1971,12864,6.8
Murmur of the Heart,1971,11728,7.5
Straw Dogs,1971,68665,7.4
Summer of '42,1971,10148,7.2
The Big Boss,1971,31955,6.9
El Topo,1970,33524,7.2
Two-Lane Blacktop,1971,14528,7.2
Walkabout,1971,29979,7.6
1776,1972,10319,7.6
Love in the Afternoon,1972,10521,7.6
The Bitter Tears of Petra von Kant,1972,12555,7.5
Cabaret,1972,64147,7.8
The Candidate,1972,13575,7.0
The Discreet Charm of the Bourgeoisie,1972,50842,7.7
The Cowboys,1972,17559,7.4
Deliverance,1972,129715,7.6
Gentlemen of Fortune,1971,14393,8.3
Fat City,1972,11829,7.2
Frenzy,1972,53686,7.4
The Godfather,1972,2246590,9.2
High Plains Drifter,1973,73910,7.4
Jeremiah Johnson,1972,40000,7.6
Fist of Fury,1972,37579,7.2
The Life and Times of Judge Roy Bean,1972,10322,6.8
The Poseidon Adventure,1972,54510,7.1
Roma,1972,14972,7.3
Slaughterhouse-Five,1972,14926,6.8
Solaris,1972,104852,7.9
Tales from the Crypt,1972,14775,6.8
Cries & Whispers,1972,40107,7.9
Alice in the Cities,1974,15295,7.8
American Graffiti,1973,106267,7.4
Badlands,1973,85151,7.7
Charley Varrick,1973,16068,7.5
The Day of the Jackal,1973,53411,7.8
Don't Look Now,1973,69071,7.1
Charlotte's Web,1973,23032,6.9
The Spirit of the Beehive,1973,22908,7.7
The Friends of Eddie Coyle,1973,13878,7.4
The Big Feast,1973,16160,7.0
Jesus Christ Superstar,1973,32925,7.4
The Last Detail,1973,31343,7.5
The Last of Sheila,1973,10293,7.2
The Long Goodbye,1973,44666,7.5
Mean Streets,1973,129202,7.1
Day for Night,1973,26577,8.0
Paper Moon,1973,58064,8.1
Papillon,1973,146589,8.0
Pat Garrett & Billy the Kid,1973,23416,7.2
Scarecrow,1973,22223,7.2
Serpico,1973,146871,7.7
The Sting,1973,304552,8.2
Theater of Blood,1973,13817,7.1
Three Wishes for Cinderella,1973,13718,7.6
Turkish Delight,1973,12847,7.1
Last Tango in Paris,1972,63070,6.8
The Way We Were,1973,31059,7.0
Westworld,1973,67978,6.9
Alice Doesn't Live Here Anymore,1974,30405,7.3
Amarcord,1973,51745,7.8
Fear Eats the Soul,1974,26206,8.0
Belladonna of Sadness,1973,9613,7.3
Bring Me the Head of Alfredo Garcia,1974,23513,7.4
Chinatown,1974,378853,8.1
The Conversation,1974,137030,7.7
Death Wish,1974,48586,6.9
Dersu Uzala,1975,36725,8.2
Let Sleeping Corpses Lie,1974,10627,6.7
Arabian Nights,1974,10049,6.6
The Front Page,1974,16702,7.3
The Godfather Part II,1974,1506938,9.0
The Holy Mountain,1973,53051,7.7
The Enigma of Kaspar Hauser,1974,20469,7.6
Lenny,1974,19744,7.5
The Longest Yard,1974,23432,7.1
Mr. Majestyk,1974,11561,6.7
Murder on the Orient Express,1974,75217,7.2
The Night Porter,1974,16625,6.6
The Odessa File,1974,13597,7.0
The Parallax View,1974,25005,7.1
Phantom of the Paradise,1974,26432,7.3
The Sugarland Express,1974,22455,6.7
The Towering Inferno,1974,53308,7.0
A Woman Under the Influence,1974,33833,8.0
The Mirror,1975,58203,7.9
Barry Lyndon,1975,207271,8.1
Breakheart Pass,1975,10461,6.7
Chupke Chupke,1975,14068,8.3
Deewaar,1975,13201,8.0
Dog Day Afternoon,1975,293529,8.0
"Farewell, My Lovely",1975,11059,7.0
French Connection II,1975,23329,6.7
Grey Gardens,1975,17034,7.5
Hard Times,1975,14579,7.2
The Story of Adele H,1975,9998,7.2
Jaws,1975,746706,8.1
"Jeanne Dielman, 23, quai du Commerce, 1080 Bruxelles",1975,17744,7.5
The Man Who Would Be King,1975,55811,7.7
Nashville,1975,31728,7.6
Night Moves,1975,21589,7.1
One Flew Over the Cuckoo's Nest,1975,1163505,8.6
Picnic at Hanging Rock,1975,46304,7.3
The Passenger,1975,29053,7.4
Rooster Cogburn,1975,14551,6.8
Tommy,1975,24632,6.6
The Wind and the Lion,1975,11200,6.8
The Yakuza,1974,11769,7.2
1900,1976,27957,7.6
In the Realm of the Senses,1976,25422,6.6
All the President's Men,1976,138849,7.9
The Bad News Bears,1976,27767,7.3
"Ugly, Dirty and Bad",1976,9877,7.7
Fellini's Casanova,1976,9625,7.0
Cría Cuervos,1976,12502,7.9
The Eagle Has Landed,1976,27512,6.9
Family Plot,1976,27040,6.8
The Front,1976,10406,7.3
Cross of Iron,1977,31803,7.4
The Killing of a Chinese Bookie,1976,16560,7.2
The Little Girl Who Lives Down the Lane,1976,20298,7.0
The Tenant,1976,51754,7.5
The Man Who Fell to Earth,1976,31532,6.6
Marathon Man,1976,76209,7.4
The Message,1976,54218,8.1
Midway,1976,23508,6.8
Mikey and Nicky,1976,9541,7.3
Mr. Klein,1976,10689,7.5
Network,1976,187020,8.1
Obsession,1976,13573,6.7
The Outlaw Josey Wales,1976,87580,7.8
The Message,1976,12094,8.9
Rocky,1976,698060,8.1
The Shootist,1976,29586,7.6
Stroszek,1977,16710,7.7
Taxi Driver,1976,1037260,8.2
The Ascent,1977,12520,8.2
3 Women,1977,20080,7.7
The American Friend,1977,21452,7.4
Black Sunday,1977,9951,6.8
A Bridge Too Far,1977,68379,7.4
That Obscure Object of Desire,1977,27135,7.8
Close Encounters of the Third Kind,1977,237833,7.6
The Duellists,1977,28782,7.4
A Special Day,1977,18836,8.1
The Goodbye Girl,1977,17798,7.4
Julia,1977,11459,7.0
Who's Singin' Over There?,1980,18037,8.7
The Last Wave,1977,12524,6.9
Looking for Mr. Goodbar,1977,10058,6.7
"New York, New York",1977,23934,6.6
Rolling Thunder,1977,14734,6.9
Saturday Night Fever,1977,95531,6.8
Slap Shot,1977,45571,7.2
Office Romance,1977,11792,8.2
Soldier of Orange,1977,13609,7.6
Sorcerer,1977,37363,7.7
Blue Collar,1978,12266,7.5
The Boys from Brazil,1978,34193,7.0
The Buddy Holly Story,1978,10937,7.3
Capricorn One,1978,27500,6.8
Coma,1978,23115,6.9
Coming Home,1978,16060,7.3
Days of Heaven,1978,69710,7.7
Death on the Nile,1978,44961,7.3
The Deer Hunter,1978,388343,8.1
Autumn Sonata,1978,42964,8.1
Interiors,1978,22593,7.2
Magic,1978,15741,6.8
Martin,1977,14173,6.9
Midnight Express,1978,95383,7.5
The 36th Chamber of Shaolin,1978,20645,7.6
Straight Time,1978,11456,7.4
Watership Down,1978,43738,7.5
The Wild Geese,1978,15865,6.8
And Justice for All,1979,46315,7.4
All That Jazz,1979,41042,7.8
Apocalypse Now,1979,775533,8.4
Being There,1979,82374,7.9
The Tin Drum,1979,28071,7.4
Breaking Away,1979,27769,7.7
The Champ,1979,9959,6.8
The China Syndrome,1979,36092,7.4
The Marriage of Maria Braun,1979,16363,7.7
Escape from Alcatraz,1979,165932,7.5
The Great Train Robbery,1978,22008,6.9
Hair,1979,44568,7.5
Hardcore,1979,17081,7.1
Kramer vs. Kramer,1979,167522,7.8
Manhattan,1979,153311,7.8
Moscow Does Not Believe in Tears,1980,15932,8.0
Norma Rae,1979,14159,7.3
Nosferatu the Vampyre,1979,49726,7.3
Opening Night,1977,14222,7.8
Quadrophenia,1979,22733,7.2
Rocky II,1979,252992,7.3
The Rose,1979,9902,7.0
Scum,1979,14694,7.5
Stalker,1979,157383,8.0
Tess,1979,20061,7.3
Time After Time,1979,21476,7.0
The Wanderers,1979,13571,7.3
Woyzeck,1979,11555,6.9
Breaker Morant,1980,15534,7.8
Atlantic City,1980,19843,7.3
Bad Timing,1980,10435,6.9
The Big Red One,1980,23014,7.1
Brubaker,1980,21605,7.2
Coal Miner's Daughter,1980,22410,7.5
The Last Metro,1980,17004,7.3
Dressed to Kill,1980,55988,7.0
The Elephant Man,1980,283398,8.2
Fame,1980,26603,6.6
Gloria,1980,13306,7.1
Heaven's Gate,1980,19288,6.7
Kagemusha: The Shadow Warrior,1980,41244,7.9
Lion of the Desert,1980,18985,8.2
The Long Good Friday,1980,30051,7.5
The Long Riders,1980,14855,6.9
My Bodyguard,1980,11786,7.1
The Ninth Configuration,1980,10213,6.7
Ordinary People,1980,62421,7.7
Raging Bull,1980,412740,8.1
The Shining,1980,1238062,8.4
Somewhere in Time,1980,36825,7.2
Stardust Memories,1980,25347,7.2
The Stunt Man,1980,11768,6.9
Absence of Malice,1981,16700,6.9
Blow Out,1981,77370,7.4
Body Heat,1981,44575,7.4
Das Boot,1981,289750,8.3
The Party,1980,11992,6.7
Chariots of Fire,1981,71454,7.1
Christiane F.,1981,35680,7.5
Diva,1981,15430,7.1
The Entity,1982,20593,6.7
Excalibur,1981,74396,7.3
The Woman Next Door,1981,9639,7.2
The Fox and the Hound,1981,111323,7.2
The French Lieutenant's Woman,1981,16917,6.9
Gallipoli,1981,44923,7.4
Gregory's Girl,1980,10132,7.1
Quest for Fire,1981,26646,7.3
Mephisto,1981,12659,7.7
Mommie Dearest,1981,20237,6.7
Ms .45,1981,15367,6.8
My Dinner with Andre,1981,31037,7.6
On Golden Pond,1981,37979,7.6
Pixote,1980,11027,7.9
Possession,1981,59521,7.2
The Postman Always Rings Twice,1981,28038,6.6
Prince of the City,1981,10751,7.4
The Professional,1981,19405,7.4
Ragtime,1981,11646,7.3
Reds,1981,26987,7.3
Taps,1981,22128,6.8
Thief,1981,51027,7.4
Victory,1981,36187,6.7
Annie,1982,53923,6.6
Blade Runner,1982,887843,8.1
Deathtrap,1982,18052,7.0
Diner,1982,23745,7.0
The Draughtsman's Contract,1982,12071,7.2
Evil Under the Sun,1982,24261,7.1
Fanny and Alexander,1982,71712,8.1
Fast Times at Ridgemont High,1982,125936,7.1
Fitzcarraldo,1982,43485,7.9
Gandhi,1982,246727,8.0
Honkytonk Man,1982,10330,6.6
The Last Unicorn,1982,33527,7.3
The Man from Snowy River,1982,10886,7.2
The Marathon Family,1982,18261,8.8
Missing,1982,24564,7.7
My Favorite Year,1982,11345,7.3
The Ballad of Narayama,1983,10049,7.8
An Officer and a Gentleman,1982,66817,7.1
Pink Floyd: The Wall,1982,90398,8.0
The Plague Dogs,1982,10166,7.7
Blind Chance,1987,12379,7.7
Rocky III,1982,231333,6.9
Sans Soleil,1983,13203,7.7
The Secret of NIMH,1982,49266,7.5
Sophie's Choice,1982,56226,7.5
Tootsie,1982,123507,7.4
The Verdict,1982,51140,7.7
White Dog,1982,11738,7.0
The World According to Garp,1982,31284,7.1
Yol,1982,15519,7.9
L'Argent,1983,13288,7.3
Bad Boys,1983,18950,7.2
Barefoot Gen,1983,10543,8.0
The Big Chill,1983,45812,7.1
The Dead Zone,1983,85281,7.1
Eddie and the Cruisers,1983,9833,6.9
Educating Rita,1983,15914,7.2
Gorky Park,1983,18431,6.7
The Hunger,1983,32293,6.6
Jaane Bhi Do Yaaro,1983,17987,8.3
The King of Comedy,1982,134852,7.8
Local Hero,1983,30148,7.3
Merry Christmas Mr. Lawrence,1983,22635,7.2
Mr. Mom,1983,31319,6.6
Never Cry Wolf,1983,9545,7.5
Nostalgia,1983,33488,7.9
The Outsiders,1983,110698,7.0
Pauline at the Beach,1983,12017,7.3
The Right Stuff,1983,68328,7.8
Risky Business,1983,109111,6.8
Rumble Fish,1983,41546,7.1
Scarface,1983,1028952,8.3
Silkwood,1983,24978,7.1
Tender Mercies,1983,14595,7.3
Terms of Endearment,1983,71140,7.4
To Be or Not to Be,1983,12999,6.9
Under Fire,1983,9811,7.0
Videodrome,1983,114054,7.2
WarGames,1983,122688,7.1
The Year of Living Dangerously,1982,25024,7.1
Yentl,1983,17570,6.6
Amadeus,1984,471711,8.4
Balkan Spy,1984,13544,8.7
Birdy,1984,26776,7.2
Blood Simple,1984,114754,7.5
Body Double,1984,45821,6.8
The Bounty,1984,35221,7.1
The Company of Wolves,1984,21170,6.6
The Cotton Club,1984,21310,6.6
The Falcon and the Snowman,1985,14243,6.8
Footloose,1984,102675,6.6
The Element of Crime,1984,12338,6.7
The Hit,1984,11552,7.0
The Karate Kid,1984,273714,7.4
The Killing Fields,1984,64132,7.8
The Muppets Take Manhattan,1984,24425,6.9
The Natural,1984,58204,7.4
1984,1984,89025,7.0
Once Upon a Time in America,1984,410812,8.3
"Paris, Texas",1984,143724,8.1
A Passage to India,1984,23404,7.3
Places in the Heart,1984,15808,7.4
Ronia: The Robber's Daughter,1984,13064,7.3
A Soldier's Story,1984,12717,7.2
Stranger Than Paradise,1984,43595,7.4
Streets of Fire,1984,27706,6.7
The NeverEnding Story,1984,171929,7.3
What Have I Done to Deserve This?,1984,12188,7.1
After Hours,1985,99885,7.6
Brazil,1985,222651,7.8
The Breakfast Club,1985,475866,7.8
Cocoon,1985,73868,6.7
The Color Purple,1985,105063,7.7
The Emerald Forest,1985,12189,6.9
Enemy Mine,1985,55154,6.9
Fandango,1985,9814,6.7
Flesh+Blood,1985,22456,6.7
The Official Story,1985,11872,7.7
Kiss of the Spider Woman,1985,19563,7.3
Ladyhawke,1985,55681,6.9
The Last Dragon,1985,18379,6.8
The Legend of Billie Jean,1985,13180,6.7
Mask,1985,35406,7.2
Mishima: A Life in Four Chapters,1985,17120,7.9
My Life as a Dog,1985,23012,7.6
When Father Was Away on Business,1985,10868,7.7
Out of Africa,1985,93838,7.2
Pale Rider,1985,71470,7.3
Prizzi's Honor,1985,28794,6.7
The Quiet Earth,1985,29657,6.7
Ran,1985,153767,8.2
Rocky IV,1985,248241,6.9
Runaway Train,1985,37430,7.2
Vagabond,1985,16049,7.6
Silverado,1985,54631,7.2
The Sure Thing,1985,24442,7.0
To Live and Die in L.A.,1985,49638,7.3
Vision Quest,1985,11847,6.7
When the Wind Blows,1986,15075,7.7
Witness,1985,115006,7.3
Year of the Dragon,1985,19919,6.8
Betty Blue,1986,24135,7.3
84 Charing Cross Road,1987,12420,7.4
At Close Range,1986,20832,6.9
Blue Velvet,1986,247771,7.7
Children of a Lesser God,1986,20162,7.2
The Color of Money,1986,102251,7.0
Crossroads,1986,19570,7.1
Down by Law,1986,59039,7.6
The Fly,1986,226504,7.6
Hannah and Her Sisters,1986,82022,7.8
Heartbreak Ridge,1986,52817,6.8
Hoosiers,1986,57638,7.4
Come and See,1985,125496,8.3
Jean de Florette,1986,29580,8.1
Kin-dza-dza!,1986,15512,7.8
Lucas,1986,18996,6.9
Manon of the Spring,1986,25955,8.0
Matador,1986,14225,6.9
Bad Blood,1986,10266,7.1
The Mission,1986,70134,7.4
Mona Lisa,1986,19550,7.3
The Mosquito Coast,1986,33890,6.6
My Beautiful Laundrette,1985,18893,6.8
The Name of the Rose,1986,128040,7.7
The Sacrifice,1986,35413,7.8
Platoon,1986,475477,8.0
Pretty in Pink,1986,96181,6.7
The Green Ray,1986,12166,7.6
River's Edge,1986,23672,6.8
A Room with a View,1986,52924,7.2
Salvador,1986,25620,7.3
Sid and Nancy,1986,37168,7.0
Stand by Me,1986,492406,8.1
Top Gun,1986,558870,7.0
A Better Tomorrow,1986,29471,7.4
StageFright,1987,10813,6.6
Au Revoir Les Enfants,1987,38796,8.0
Babette's Feast,1987,24152,7.7
Barfly,1987,23665,7.1
Bloodsport,1988,104284,6.8
Broadcast News,1987,37071,7.3
Can't Buy Me Love,1987,46453,6.8
Cry Freedom,1987,15421,7.4
The Dead,1987,10130,7.2
Dirty Dancing,1987,283168,7.1
Drowning by Numbers,1988,10620,7.1
Empire of the Sun,1987,144414,7.7
Extreme Prejudice,1987,10015,6.7
Fatal Attraction,1987,112484,6.9
Full Metal Jacket,1987,856573,8.2
"Good Morning, Vietnam",1987,166898,7.3
Hamburger Hill,1987,30202,6.7
Wings of Desire,1987,84572,7.9
Red Sorghum,1988,10758,7.3
Hope and Glory,1987,15991,7.3
House of Games,1987,25965,7.2
Ironweed,1987,10788,6.7
Where Is the Friend's House?,1987,23417,8.1
La Bamba,1987,38764,7.0
The Last Emperor,1987,120510,7.7
Law of Desire,1987,15546,7.1
Matewan,1987,10653,7.9
Maurice,1987,27476,7.6
Moonstruck,1987,78863,7.2
Nayakan,1987,28094,8.6
No Way Out,1987,56058,7.1
Pelle the Conqueror,1987,12752,7.7
"Planes, Trains & Automobiles",1987,181546,7.6
Some Kind of Wonderful,1987,37882,7.0
Stand and Deliver,1988,22640,7.3
Suspect,1987,13141,6.6
Tin Men,1987,10730,6.6
The Untouchables,1987,355767,7.8
Wall Street,1987,175585,7.3
Withnail and I,1987,52721,7.5
A Better Tomorrow II,1987,12927,7.1
The Accidental Tourist,1988,18670,6.7
The Accused,1988,43401,7.1
Akira,1988,229855,8.0
Another Woman,1988,16429,7.2
Ariel,1988,9969,7.4
Beaches,1988,31304,7.0
The Beast of War,1988,11751,7.3
Big,1988,262631,7.3
Biloxi Blues,1988,17589,6.7
Bird,1988,14455,7.1
Colors,1988,33795,6.7
A Cry in the Dark,1988,12238,6.9
Dangerous Liaisons,1988,80545,7.5
Dead Ringers,1988,59393,7.2
Eight Men Out,1988,24197,7.2
Frantic,1988,62012,6.8
Gorillas in the Mist,1988,31494,7.0
The Big Blue,1988,59170,7.5
Hairspray,1988,25643,7.0
Grave of the Fireflies,1988,393072,8.5
A Short Film About Love,1988,28526,8.1
A Short Film About Killing,1988,24598,7.9
The Land Before Time,1988,108125,7.4
The Last Temptation of Christ,1988,68715,7.5
Mississippi Burning,1988,128335,7.8
Women on the Verge of a Nervous Breakdown,1988,51154,7.5
Cinema Paradiso,1988,319390,8.5
The Bear,1988,20580,7.7
Bagdad Cafe,1987,16692,7.4
Qayamat Se Qayamat Tak,1988,11944,7.4
Rain Man,1988,588006,8.0
Running on Empty,1988,20199,7.6
Salaam Bombay!,1988,11273,7.9
Scrooged,1988,129433,6.9
Talk Radio,1988,15662,7.2
Landscape in the Mist,1988,11344,7.9
Tucker: The Man and His Dream,1988,22779,6.9
The Unbearable Lightness of Being,1988,40950,7.2
Willow,1988,139006,7.2
As Tears Go By,1988,14389,7.0
Working Girl,1988,68429,6.8
Young Guns,1988,74470,6.8
The Abyss,1989,210038,7.5
Black Rain,1989,65134,6.6
Born on the Fourth of July,1989,125595,7.2
Casualties of War,1989,52174,7.1
The Adventures of Milo and Otis,1986,13591,6.8
"The Cook, the Thief, His Wife & Her Lover",1989,45329,7.5
Crimes and Misdemeanors,1989,63611,7.8
Dead Poets Society,1989,664231,8.1
The Killer,1989,56023,7.7
Do the Right Thing,1989,125692,7.9
Time of the Gypsies,1988,34743,8.1
Driving Miss Daisy,1989,124230,7.3
Drugstore Cowboy,1989,43264,7.2
The Fabulous Baker Boys,1989,27973,6.9
Field of Dreams,1989,141337,7.5
Glory,1989,153770,7.8
Henry V,1989,33508,7.5
Lean on Me,1989,24956,7.4
Miracle Mile,1988,15271,7.0
My Left Foot,1989,85731,7.8
Mystery Train,1989,33234,7.5
Parenthood,1989,59409,7.1
Santa Sangre,1989,25803,7.5
Say Anything,1989,103570,7.3
Sea of Love,1989,49038,6.8
Shirley Valentine,1989,9970,7.3
The Seventh Continent,1989,19291,7.6
Violent Cop,1989,14287,7.1
Steel Magnolias,1989,70230,7.3
The Match Factory Girl,1990,13862,7.5
Valmont,1989,15493,7.0
When Harry Met Sally...,1989,274061,7.7
"Sex, Lies, and Videotape",1989,65060,7.2
Agneepath,1990,10042,7.6
Awakenings,1990,178167,7.8
Cyrano de Bergerac,1990,27716,7.5
Dances with Wolves,1990,312244,8.0
Bullet in the Head,1990,13485,7.5
Edward Scissorhands,1990,568738,7.8
Flatliners,1990,98852,6.6
Ghost,1990,258484,7.1
The Godfather Part III,1990,458974,7.5
GoodFellas,1990,1406286,8.7
The Grifters,1990,33631,6.8
Hamlet,1990,25187,6.7
Henry: Portrait of a Serial Killer,1986,44790,7.0
Europa Europa,1990,18730,7.5
Jacob's Ladder,1990,130410,7.4
Ju Dou,1990,9729,7.6
The Krays,1990,9796,6.6
Life Is Sweet,1990,12232,7.4
Maine Pyar Kiya,1989,14078,7.3
The Hairdresser's Husband,1990,11170,7.1
Memphis Belle,1990,32241,6.9
Mermaids,1990,41691,6.7
Metropolitan,1990,13841,7.2
Miller's Crossing,1990,148922,7.7
Misery,1990,268130,7.8
Mo' Better Blues,1990,15104,6.7
Music Box,1989,9798,7.4
Close-Up,1990,27230,8.2
La Femme Nikita,1990,82103,7.2
Postcards from the Edge,1990,22519,6.7
Pump Up the Volume,1990,33721,7.2
The Reflecting Skin,1990,10652,6.7
Reversal of Fortune,1990,21667,7.1
Rosencrantz & Guildenstern Are Dead,1990,25927,7.3
The Sheltering Sky,1990,14884,6.7
State of Grace,1990,29662,7.1
Wild at Heart,1990,112507,7.2
Dreams,1990,33115,7.7
Tie Me Up! Tie Me Down!,1989,33762,7.0
Days of Being Wild,1990,28801,7.4
The Lover,1992,25509,6.8
The Lovers on the Bridge,1991,17511,7.6
Backdraft,1991,94609,6.7
Barton Fink,1991,136236,7.6
La belle noiseuse,1991,10673,7.5
Until the End of the World,1991,12701,6.8
Boyz n the Hood,1991,170028,7.8
Bugsy,1991,33850,6.8
Cape Fear,1991,248386,7.3
The Commitments,1991,43463,7.6
Raise the Red Lantern,1991,38341,8.1
Thalapathi,1991,16127,8.5
Dead Again,1991,32847,6.8
Defending Your Life,1991,23759,7.2
Dogfight,1991,11400,7.3
The Doors,1991,107775,7.2
The Double Life of Véronique,1991,57439,7.6
Europa,1991,24807,7.5
The Fisher King,1991,97330,7.5
Frankie and Johnny,1991,39048,6.8
Fried Green Tomatoes,1991,93072,7.7
Grand Canyon,1991,17543,6.8
Guilty by Suspicion,1991,10555,6.6
A Brighter Summer Day,1991,15281,8.2
The Indian Runner,1991,10434,6.9
JFK,1991,182927,8.0
Jungle Fever,1991,21147,6.6
Kafka,1991,11169,6.8
L.A. Story,1991,34903,6.7
Light Sleeper,1992,11481,6.9
Little Man Tate,1991,18025,6.6
The Man in the Moon,1991,21914,7.2
Mediterraneo,1991,17901,7.4
A Midnight Clear,1992,10700,7.1
My Girl,1991,98958,6.9
My Own Private Idaho,1991,67701,6.9
Naked Lunch,1991,61240,6.9
New Jack City,1991,42648,6.7
Night on Earth,1991,71558,7.6
Not Without My Daughter,1991,17975,6.6
Only Yesterday,1991,42939,7.6
One False Move,1991,16825,7.1
The Prince of Tides,1991,21627,6.8
Quigley Down Under,1990,27602,6.9
Regarding Henry,1991,36457,6.7
Robin Hood: Prince of Thieves,1991,223570,6.9
Rush,1991,11257,6.7
The Silence of the Lambs,1991,1740837,8.6
Slacker,1990,25594,7.0
High Heels,1991,19035,7.0
Thelma & Louise,1991,195567,7.6
Toy Soldiers,1991,26521,6.6
Trust,1990,11869,7.3
White Fang,1991,24392,6.7
American Me,1992,11643,7.1
Bad Lieutenant,1992,52986,7.0
Basic Instinct,1992,245891,7.1
Belle Epoque,1992,12274,7.1
Benny's Video,1992,21017,7.1
Bob Roberts,1992,14997,7.0
Man Bites Dog,1992,45236,7.4
Chaplin,1992,65936,7.5
Like Water for Chocolate,1992,20603,7.1
Cronos,1992,36814,6.7
The Crying Game,1992,63727,7.2
The Cutting Edge,1992,25506,6.9
Wuthering Heights,1992,16593,6.6
Far and Away,1992,73164,6.6
Damage,1992,22854,6.7
A Few Good Men,1992,320337,7.8
Gladiator,1992,11929,6.6
Glengarry Glen Ross,1992,126838,7.6
The Hand That Rocks the Cradle,1992,56485,6.7
Hoffa,1992,26282,6.6
Howards End,1992,38938,7.3
Husbands and Wives,1992,33124,7.5
Indochine,1992,11818,7.0
Jo Jeeta Wohi Sikandar,1992,27747,8.1
Juice,1992,33693,7.0
The Last of the Mohicans,1992,208800,7.6
A League of Their Own,1992,131809,7.4
Lorenzo's Oil,1992,25610,7.3
Bitter Moon,1992,46656,7.2
Malcolm X,1992,112065,7.7
The Mighty Ducks,1992,77356,6.6
The Muppet Christmas Carol,1992,82514,7.8
Newsies,1992,24506,6.9
Of Mice and Men,1992,51660,7.4
Peter's Friends,1992,13179,7.0
The Player,1992,72768,7.5
The Power of One,1992,11493,7.1
Radio Flyer,1992,15283,6.9
Red Rock West,1993,28555,7.0
A River Runs Through It,1992,71793,7.2
Roja,1992,14855,8.1
Romper Stomper,1992,43757,6.8
Scent of a Woman,1992,374722,8.0
School Ties,1992,29626,6.9
Singles,1992,35683,6.8
Sneakers,1992,67917,7.1
Strictly Ballroom,1992,31186,7.2
Twin Peaks: Fire Walk with Me,1992,119395,7.3
A Heart in Winter,1992,11631,7.5
Unforgiven,1992,471266,8.2
The Age of Innocence,1993,75423,7.2
Alive,1993,69139,7.1
Arizona Dream,1993,47993,7.2
Farewell My Concubine,1993,37515,8.1
Baazigar,1993,32124,7.6
Bad Boy Bubby,1993,16220,7.3
Benny & Joon,1993,65675,7.1
Blood in Blood Out,1993,38123,7.9
A Bronx Tale,1993,188571,7.8
Carlito's Way,1993,249836,7.9
Dragon: The Bruce Lee Story,1993,34024,7.0
Falling Down,1993,228311,7.5
Fearless,1993,26352,7.0
The Firm,1993,163198,6.9
The Fugitive,1993,349195,7.8
Geronimo: An American Legend,1993,15490,6.6
Gettysburg,1993,32486,7.6
Groundhog Day,1993,739442,8.0
Grumpy Old Men,1993,57823,7.0
Heart and Souls,1993,20380,7.0
Heaven & Earth,1993,16248,6.8
Homeward Bound: The Incredible Journey,1993,55834,7.0
The House of the Spirits,1993,26686,6.9
The Wedding Banquet,1993,19082,7.6
In the Line of Fire,1993,124143,7.2
In the Name of the Father,1993,204121,8.1
"Faraway, So Close!",1993,9853,7.2
The Joy Luck Club,1993,19788,7.7
Judgment Night,1993,21253,6.6
Kalifornia,1993,63083,6.7
M. Butterfly,1993,11837,6.7
The Man Without a Face,1993,33089,6.7
Matinee,1993,13754,6.9
Menace II Society,1993,70768,7.5
Mrs. Doubtfire,1993,318909,7.1
Much Ado About Nothing,1993,56019,7.3
The Scent of Green Papaya,1993,11139,7.3
My Life,1993,13038,6.8
Naked,1993,49185,7.6
Orlando,1992,21225,7.1
The Pelican Brief,1993,104971,6.6
A Perfect World,1993,94303,7.5
Philadelphia,1993,275969,7.7
The Piano,1993,102163,7.5
The Remains of the Day,1993,93810,7.8
Rudy,1993,75251,7.5
The Sandlot,1993,117015,7.8
Schindler's List,1993,1597245,9.0
Searching for Bobby Fischer,1993,44948,7.3
The Secret Garden,1993,47601,7.3
Shadowlands,1993,21683,7.3
Short Cuts,1993,50213,7.6
Iron Monkey,1993,18235,7.5
Six Degrees of Separation,1993,24365,6.7
Sleepless in Seattle,1993,208979,6.8
Stalingrad,1993,39506,7.5
Swing Kids,1993,18384,6.8
Tai Chi Master,1993,11787,7.2
This Boy's Life,1993,62770,7.2
Tombstone,1993,194308,7.8
Three Colors: Blue,1993,118886,7.8
True Romance,1993,262651,7.9
Untamed Heart,1993,17125,6.8
What's Eating Gilbert Grape,1993,270478,7.7
What's Love Got to Do with It,1993,25850,7.4
71 Fragments of a Chronology of Chance,1994,9708,7.1
Above the Rim,1994,18368,6.6
Black Beauty,1994,11410,6.6
Dear Diary,1993,10167,7.2
Chungking Express,1994,113002,7.9
Clear and Present Danger,1994,117473,6.9
The Client,1994,87127,6.7
"Corrina, Corrina",1994,15424,6.6
Crooklyn,1994,12444,7.1
The Crow,1994,232795,7.5
Darr,1993,27256,7.6
Death and the Maiden,1994,29192,7.2
Dolores Claiborne,1995,53719,7.4
Ashes of Time,1994,18414,7.0
Ed Wood,1994,190732,7.8
Exotica,1994,22692,7.0
Forrest Gump,1994,2523019,8.8
Four Weddings and a Funeral,1994,183675,7.1
Fresh,1994,16357,7.5
Heavenly Creatures,1994,70147,7.2
Heavyweights,1995,33579,6.6
Pom Poko,1994,39327,7.2
Hoop Dreams,1994,29723,8.3
The Hudsucker Proxy,1994,90738,7.2
Hum Aapke Hain Koun..!,1994,24467,7.5
To Live,1994,22573,8.3
Immortal Beloved,1994,27712,7.4
Interview with the Vampire: The Vampire Chronicles,1994,379544,7.5
Fist of Legend,1994,26967,7.5
Kabhi Haan Kabhi Naa,1994,20463,7.6
The Last Seduction,1994,29017,7.0
Legends of the Fall,1994,201330,7.5
The Lion King,1994,1272106,8.5
Little Odessa,1994,10079,6.7
Little Women,1994,69658,7.3
Léon: The Professional,1994,1360894,8.5
The Madness of King George,1994,20227,7.2
Miracle on 34th Street,1994,51251,6.7
Muriel's Wedding,1994,45814,7.3
Nobody's Fool,1994,24850,7.3
Once Were Warriors,1994,39613,7.9
The Paper,1994,17499,6.7
The Postman,1994,41803,7.8
Before the Rain,1994,16778,7.8
Priest,1994,11820,7.1
Pulp Fiction,1994,2457658,8.8
A Pure Formality,1994,13709,7.5
Quiz Show,1994,78215,7.5
Reality Bites,1994,57920,6.6
The Ref,1994,28774,6.9
Queen Margot,1994,20460,7.4
The Santa Clause,1994,148219,6.6
Shallow Grave,1994,71308,7.2
The Shawshank Redemption,1994,3223047,9.3
Satantango,1994,14468,8.2
Three Colors: Red,1994,116547,8.0
Three Colors: White,1994,85161,7.6
Burnt by the Sun,1994,17379,7.8
The War,1994,14443,6.8
When a Man Loves a Woman,1994,25141,6.6
With Honors,1994,18337,6.8
Wyatt Earp,1994,59881,6.7
Eat Drink Man Woman,1994,25400,7.8
Through the Olive Trees,1994,12095,7.7
The American President,1995,65779,6.9
Antonia's Line,1995,10089,7.4
Apollo 13,1995,341324,7.7
Babe,1995,143335,6.9
Balto,1995,52290,7.1
The Basketball Diaries,1995,133885,7.3
Before Sunrise,1995,382238,8.1
Bombay,1995,15268,8.1
Braveheart,1995,1168980,8.3
The Bridges of Madison County,1995,97597,7.6
Casino,1995,625508,8.2
Circle of Friends,1995,9811,6.6
The City of Lost Children,1995,75191,7.4
Clockers,1995,25082,6.9
Copycat,1995,87595,6.6
Crimson Tide,1995,137610,7.4
The Cure,1995,12150,7.7
La cérémonie,1995,15388,7.5
Dead Man,1995,109670,7.5
Dead Man Walking,1995,109008,7.5
Dead Presidents,1995,26970,6.9
Desperado,1995,209550,7.1
Devil in a Blue Dress,1995,27843,6.8
Dilwale Dulhania Le Jayenge,1995,86472,8.0
Don Juan DeMarco,1994,55499,6.7
Fallen Angels,1995,60623,7.5
Empire Records,1995,71775,6.7
The Englishman Who Went Up a Hill But Came Down a Mountain,1995,19782,6.6
The Flower of My Secret,1995,13829,7.0
French Kiss,1995,56983,6.6
Friday,1995,138401,7.2
The Grass Harp,1995,20019,6.6
La haine,1995,230140,8.1
Heat,1995,814359,8.3
Home for the Holidays,1995,16287,6.6
In the Mouth of Madness,1994,91051,7.1
Karan Arjun,1995,17788,6.8
Kicking and Screaming,1995,16120,6.6
Kids,1995,92434,7.0
The Last Supper,1995,16471,6.7
Leaving Las Vegas,1995,146495,7.5
A Little Princess,1995,39377,7.6
Living in Oblivion,1995,21872,7.5
Love Letter,1995,13580,7.9
Memories,1995,26392,7.5
Whisper of the Heart,1995,84364,7.8
Mr. Holland's Opus,1995,44436,7.4
Murder in the First,1995,33130,7.3
Nixon,1995,34775,7.0
Now and Then,1995,35156,6.8
Othello,1995,10666,6.8
Outbreak,1995,146715,6.6
Pocahontas,1995,219389,6.7
Powder,1995,35247,6.6
Rangeela,1995,11191,7.4
Restoration,1995,10447,6.6
Richard III,1995,16440,7.3
Rob Roy,1995,49809,6.9
Safe,1995,19550,7.1
Seven,1995,2047701,8.6
Sense and Sensibility,1995,137431,7.7
Smoke,1995,38920,7.4
Strange Days,1995,86265,7.2
Tales from the Hood,1995,11260,6.6
Things to Do in Denver When You're Dead,1995,32116,6.7
Land and Freedom,1995,12945,7.5
To Die For,1995,60697,6.8
"To Wong Foo, Thanks for Everything! Julie Newmar",1995,42342,6.8
Underground,1995,64440,8.0
The Usual Suspects,1995,1248594,8.5
A Walk in the Clouds,1995,39352,6.7
Welcome to the Dollhouse,1995,40788,7.3
While You Were Sleeping,1995,128000,6.8
The Apartment,1996,17185,7.3
Basquiat,1996,24018,6.9
Beautiful Girls,1996,36474,7.1
Beautiful Thing,1996,27550,7.6
Big Night,1996,25202,7.3
Bottle Rocket,1996,88870,6.9
Brassed Off,1996,22451,7.2
Breaking the Waves,1996,76421,7.8
Citizen Ruth,1996,9814,7.0
A Summer's Tale,1996,12215,7.6
Courage Under Fire,1996,64064,6.6
The Crucible,1996,42985,6.8
Emma,1996,44284,6.6
The English Patient,1996,214762,7.4
The Bandit,1996,75742,8.1
Fargo,1996,793017,8.1
Fly Away Home,1996,29036,6.9
Freeway,1996,34528,6.8
The Frighteners,1996,103074,7.1
The Funeral,1996,10061,6.6
The Ghost and the Darkness,1996,71110,6.8
Ghosts of Mississippi,1996,13740,6.7
Hamlet,1996,42128,7.7
The Eighth Day,1996,10650,7.4
The Hunchback of Notre Dame,1996,185998,7.0
Indian,1996,16168,8.1
Irma Vep,1996,10815,7.0
Jane Eyre,1996,10825,6.8
Jerry Maguire,1996,314693,7.3
Jude,1996,11770,6.9
Drifting Clouds,1996,10768,7.6
Kolya,1996,17058,7.7
"Pretty Village, Pretty Flame",1996,19128,8.6
Lone Star,1996,36110,7.4
The Long Kiss Goodnight,1996,93535,6.8
Lost Highway,1997,172479,7.6
Marvin's Room,1996,32127,6.7
Michael Collins,1996,36366,7.1
The Mirror Has Two Faces,1996,25811,6.7
Mystery Science Theater 3000: The Movie,1996,19337,7.1
The People vs. Larry Flynt,1996,106499,7.3
Primal Fear,1996,293404,7.7
Ransom,1996,144966,6.7
Romeo + Juliet,1996,262679,6.7
Secrets & Lies,1996,50676,8.0
Set It Off,1996,20630,6.9
Shall We Dance?,1996,12586,7.7
Shine,1996,59235,7.6
Sleepers,1996,256146,7.5
Sling Blade,1996,104547,8.0
Star Trek: First Contact,1996,138613,7.6
Swingers,1996,91654,7.2
That Thing You Do!,1996,78926,7.0
A Time to Kill,1996,210608,7.5
Trainspotting,1996,772399,8.1
Trees Lounge,1996,17726,7.1
White Squall,1996,26185,6.6
One Eight Seven,1997,27194,6.6
Absolute Power,1997,65410,6.7
Affliction,1997,21839,6.9
Air Force One,1997,225372,6.6
Amistad,1997,88489,7.3
Anastasia,1997,148064,7.2
The Apostle,1997,16089,7.2
Apt Pupil,1998,44534,6.7
In the Mood for Love,2000,190588,8.0
Boogie Nights,1997,308433,7.9
Border,1997,20478,8.0
The Boxer,1997,23893,7.0
Brother,1997,29175,7.8
Breakdown,1997,71394,7.0
Buffalo '66,1998,67272,7.4
Bulworth,1998,28343,6.8
Life Is Beautiful,1997,819597,8.6
The Butcher Boy,1997,10797,7.1
Live Flesh,1997,35793,7.3
The Castle,1997,19048,7.7
Chasing Amy,1997,148928,7.2
Happy Together,1997,38729,7.6
Children of Heaven,1997,90913,8.2
Conspiracy Theory,1997,115063,6.7
Contact,1997,316173,7.5
Cop Land,1997,116578,7.0
Dangerous Beauty,1998,20856,7.1
The Devil's Advocate,1997,450134,7.5
Dil To Pagal Hai,1997,27199,7.0
Donnie Brasco,1997,359427,7.7
The Edge,1997,85429,7.0
Eve's Bayou,1997,13066,7.2
Fallen,1998,104804,7.0
Fever Pitch,1997,12645,6.7
The Full Monty,1997,120559,7.2
Funny Games,1997,98758,7.5
The Game,1997,475503,7.7
Gattaca,1997,349679,7.7
Good Will Hunting,1997,1234628,8.4
Great Expectations,1998,60724,6.8
Gridlock'd,1997,17570,6.9
Gummo,1997,42267,6.6
Fireworks,1997,35870,7.7
Hard Eight,1996,60250,7.1
Mrs. Brown,1997,16458,7.2
The Horse Whisperer,1998,46880,6.7
The Ice Storm,1997,63983,7.3
In the Company of Men,1997,14874,7.1
Jackie Brown,1997,407098,7.5
Character,1997,12035,7.6
Kiss the Girls,1997,101093,6.6
Kundun,1997,32401,7.0
L.A. Confidential,1997,661926,8.2
Lolita,1997,75381,6.8
Meet Joe Black,1998,302068,7.2
Midnight in the Garden of Good and Evil,1997,43991,6.6
The Mighty,1998,14978,7.2
Les Misérables,1998,44690,7.4
Night Falls on Manhattan,1996,9577,6.7
Nil by Mouth,1997,11134,7.3
Nowhere,1997,12547,6.6
As Good as It Gets,1997,339428,7.7
Pardes,1997,17268,6.9
Primary Colors,1998,31627,6.7
Private Parts,1997,40646,6.9
The Rainmaker,1997,92708,7.2
Savior,1998,12228,7.2
Selena,1997,34065,6.9
Seven Years in Tibet,1997,169492,7.1
The Barber of Siberia,1998,13424,7.6
Sliding Doors,1998,76475,6.7
Soul Food,1997,9852,7.0
The Spanish Prisoner,1997,26441,7.1
State and Main,2000,23625,6.7
SubUrbia,1996,11935,6.7
Suicide Kings,1997,30714,6.9
The Sweet Hereafter,1997,37100,7.4
Songs from the Second Floor,2000,21670,7.5
Taste of Cherry,1997,44798,7.7
Smoke Signals,1998,12247,7.2
A Simple Plan,1998,84690,7.5
Titanic,1997,1406772,8.0
The Truman Show,1998,1396318,8.2
U Turn,1997,57887,6.7
The Man Who Knew Too Little,1997,37433,6.6
Wilde,1997,17803,6.9
The Wings of the Dove,1997,12375,7.1
Yes Boss,1997,15239,6.7
American History X,1998,1282264,8.5
Being John Malkovich,1999,370641,7.7
A Walk on the Moon,1999,9882,6.6
Ever After: A Cinderella Story,1998,86776,7.1
City of Angels,1998,135628,6.7
A Civil Action,1998,32888,6.6
Dogma,1999,242151,7.3
Eyes Wide Shut,1999,435499,7.5
Fear and Loathing in Las Vegas,1998,320924,7.4
Frida,2002,101842,7.3
Gods and Monsters,1998,34430,7.3
Stepmom,1998,80819,6.8
The Green Mile,1999,1577612,8.6
The General,1998,9827,7.2
The Last Days of Disco,1998,15287,6.7
The Legend of 1900,1998,74070,8.0
The Lord of the Rings: The Fellowship of the Ring,2001,2227298,8.9
The Negotiator,1998,169828,7.3
One True Thing,1998,13437,6.9
Out of Sight,1998,106218,7.0
The Parent Trap,1998,175837,6.7
Payback,1999,154571,7.0
A Perfect Murder,1998,99179,6.6
Pleasantville,1998,145195,7.5
The Prince of Egypt,1998,163823,7.3
The Red Violin,1998,35869,7.6
Saving Private Ryan,1998,1655301,8.6
The Shipping News,2001,34928,6.7
Slums of Beverly Hills,1998,15958,6.7
Snow Falling on Cedars,1999,15009,6.7
Tea with Mussolini,1999,13908,6.9
The Thin Red Line,1998,213295,7.6
Titus,1999,22339,7.0
Velvet Goldmine,1998,40634,6.9
Wag the Dog,1997,93932,7.1
What Dreams May Come,1998,121408,7.0
Wild Things,1998,141663,6.6
The X Files,1998,115427,7.0
Zero Effect,1998,16145,6.8
Corpse Bride,2005,330942,7.4
Black Cat,1968,10005,7.7
Return to Me,2000,25268,7.0
Life,1999,61589,6.8
Blast from the Past,1999,78152,6.7
The Cider House Rules,1999,110020,7.4
Return to Paradise,1998,16147,6.9
He Got Game,1998,55134,6.9
Simon Birch,1998,23099,6.8
Notting Hill,1999,388643,7.2
Paulie,1998,17608,6.6
Open Your Eyes,1997,76247,7.7
Man on the Moon,1999,143984,7.4
Cookie's Fortune,1999,14374,6.8
For Love of the Game,1999,40546,6.6
Somersault in a Coffin,1996,12228,7.6
Elizabeth,1998,110746,7.4
Instinct,1999,35620,6.6
Innocence,1997,23139,8.0
Rounders,1998,172562,7.3
Rushmore,1998,209317,7.6
You've Got Mail,1998,247611,6.7
Patch Adams,1998,131058,6.9
Ravenous,1999,46913,6.9
October Sky,1999,112766,7.8
Ishq,1997,13007,6.8
SLC Punk!,1998,36086,7.3
Lovers of the Arctic Circle,1998,20931,7.6
The Talented Mr. Ripley,1999,274665,7.4
Ride with the Devil,1999,15323,6.7
8MM,1999,152321,6.6
"Mystery, Alaska",1999,29780,6.7
Arlington Road,1999,99743,7.2
Fight Club,1999,2646242,8.8
Shakespeare in Love,1998,243926,7.1
Pi,1998,193487,7.3
Cruel Intentions,1999,221925,6.8
High Art,1998,11768,6.6
Training Day,2001,522674,7.8
True Crime,1999,40253,6.6
Varsity Blues,1999,53799,6.6
Baasha,1995,13715,8.3
The Insider,1999,192739,7.8
Mumford,1999,9816,6.8
Central Station,1998,51317,8.0
The War Zone,1999,12106,7.2
American Psycho,2000,850794,7.6
Girl on the Bridge,1999,14948,7.4
Sunshine,1999,15285,7.4
Angela's Ashes,1999,24582,7.3
The Bone Collector,1999,201912,6.7
Playing by Heart,1998,21076,6.9
Thirteen Days,2000,65738,7.3
Any Given Sunday,1999,131953,6.9
High Fidelity,2000,200459,7.4
The Legend of Bagger Vance,2000,62670,6.7
Little Voice,1998,17869,7.0
Happiness,1998,80519,7.7
10 Things I Hate About You,1999,457964,7.4
Cholera Street,1997,12849,7.6
Cradle Will Rock,1999,9852,6.7
Show Me Love,1998,58217,7.5
Hilary and Jackie,1998,11326,7.3
Straight from the Heart,1999,21154,7.4
Topsy-Turvy,1999,14313,7.3
The Celebration,1998,100520,8.0
The Idiots,1998,36277,6.7
Last Night,1998,10578,7.1
Eternity and a Day,1998,16410,7.8
My Dog Skip,2000,22147,7.0
Perfect Blue,1997,125538,8.0
I Stand Alone,1998,27853,7.2
Sweet and Lowdown,1999,37119,7.2
Lady Snowblood,1973,19283,7.6
The Virgin Suicides,1999,187899,7.2
Cold Mountain,2003,164953,7.2
Croupier,1998,24939,7.0
What Lies Beneath,2000,146454,6.6
The Wood,1999,11248,7.0
Bleeder,1999,11374,6.8
Nowhere in Africa,2001,14850,7.5
Cast Away,2000,694038,7.8
Ghost World,2001,131555,7.3
Summer of Sam,1999,44397,6.7
Get Real,1998,14012,7.5
The Beach,2000,270507,6.6
Bringing Out the Dead,1999,81772,6.9
Dil Se..,1998,33651,7.5
After Life,1998,15873,7.6
The Wounds,1998,12610,8.0
Angst,1983,16785,7.1
Ghost Dog: The Way of the Samurai,1999,103451,7.5
Interstate 60,2002,41385,7.5
The Limey,1999,38456,6.9
East Is East,1999,19726,6.9
Anna and the King,1999,40520,6.7
Spirit: Stallion of the Cimarron,2002,95010,7.2
The Straight Story,1999,109214,8.0
Mulholland Drive,2001,432228,7.9
Music of the Heart,1999,13956,6.7
The Lord of the Rings: The Return of the King,2003,2184085,9.0
The Lord of the Rings: The Two Towers,2002,1975416,8.8
The Sixth Sense,1999,1155368,8.2
The Best Man,1999,12867,6.8
Dancer in the Dark,2000,124797,7.9
Antwone Fisher,2002,40908,7.3
Lagaan: Once Upon a Time in India,2001,130223,8.1
American Beauty,1999,1285331,8.3
Neon Genesis Evangelion: The End of Evangelion,1997,78386,8.1
Neon Genesis Evangelion: Death & Rebirth,1997,17183,7.2
Tigerland,2000,44345,6.9
Train of Life,1998,9965,7.6
Ratcatcher,1999,13459,7.5
Boys Don't Cry,1999,108084,7.5
The End of the Affair,1999,25681,7.0
"Girl, Interrupted",1999,235879,7.3
Gladiator,2000,1872237,8.5
Kuch Kuch Hota Hai,1998,63240,7.5
The Hurricane,1999,108639,7.6
Magnolia,1999,351962,8.0
Mansfield Park,1999,28029,7.0
Moonlight Mile,2002,15256,6.6
But I'm a Cheerleader,1999,52928,6.9
Quills,2000,59302,7.2
Requiem for a Dream,2000,981493,8.3
Finding Forrester,2000,95168,7.3
Traffic,2000,231585,7.5
Almost Famous,2000,316686,7.9
Boiler Room,2000,60663,7.0
Bicentennial Man,1999,135200,6.9
Pollock,2000,31112,7.0
A Knight's Tale,2001,221944,7.0
Mr. Muhsin,1987,12945,8.4
Wonder Boys,2000,69314,7.2
All About My Mother,1999,110399,7.8
Frequency,2000,124592,7.4
The Patriot,2000,315603,7.2
Butterfly,1999,10712,7.6
Shadow of the Vampire,2000,48089,6.9
"Crouching Tiger, Hidden Dragon",2000,296602,7.8
Ghulam,1998,12779,7.2
The Color of Paradise,1999,19499,8.1
Jin-Roh: The Wolf Brigade,1999,21295,7.3
Panic,2000,9692,6.6
Satya,1998,18657,8.2
Erin Brockovich,2000,248752,7.5
Where the Heart Is,2000,38509,6.7
Kikujiro,1999,23786,7.7
Love & Basketball,2000,26898,7.2
Rosetta,1999,17293,7.4
Sarfarosh,1999,28908,8.1
On Board,1998,17390,7.9
The Broken Landlord,1985,17838,8.6
The Way of the Gun,2000,37407,6.6
Moulin Rouge!,2001,316141,7.5
Men of Honor,2000,131224,7.2
Sexy Beast,2000,76549,7.3
Together,2000,24322,7.4
You Can Count on Me,2000,33657,7.5
The Princess and the Warrior,2000,15265,7.4
Animal Factory,2000,16235,6.6
The Dish,2000,18121,7.2
Children of Men,2006,569895,7.9
The Contender,2000,26147,6.9
The Son's Room,2001,21423,7.3
Not One Less,1999,9865,7.7
The Wind Will Carry Us,1999,14240,7.4
Beau Travail,1999,18585,7.3
Gangster No. 1,2000,15927,6.7
Ginger Snaps,2000,58122,6.8
Girlfight,2000,10741,6.7
Center Stage,2000,22856,6.7
Remember the Titans,2000,252032,7.8
Berlin Calling,2008,16121,7.2
2046,2004,64836,7.4
A.I. Artificial Intelligence,2001,341757,7.2
Hannibal,2001,315636,6.8
Malena,2000,125906,7.4
Mohabbatein,2000,37710,7.1
Padayappa,1999,9970,8.3
Bamboozled,2000,13147,6.7
Enemy at the Gates,2001,295034,7.5
Code Unknown,2000,16541,7.1
Vampire Hunter D: Bloodlust,2000,42131,7.7
The Taste of Others,2000,11254,7.2
With a Friend Like Harry...,2000,11243,7.1
Propaganda,1999,10723,7.1
Gangs of New York,2002,509014,7.5
Unbreakable,2000,470249,7.3
The Family Man,2000,131579,6.9
The Gift,2000,82038,6.7
Intacto,2001,14247,6.8
Vaastav: The Reality,1999,16129,8.0
Blow,2001,288536,7.5
Chopper,2000,44847,7.1
Hey Ram,2000,15268,8.0
Brother,2000,26053,7.1
Pay It Forward,2000,128166,7.2
The Score,2001,145047,6.8
Sweet November,2001,99441,6.7
Chachi 420,1997,14160,7.4
Baran,2001,9576,7.7
The Road Home,1999,14556,7.7
Audition,1999,100082,7.1
The Salton Sea,2002,33487,7.0
Kireedam,1989,9889,8.9
Brotherhood of the Wolf,2001,77354,7.0
The Pledge,2001,77890,6.7
101 Reykjavík,2000,10248,6.7
Equilibrium,2002,364113,7.3
Brother 2,2000,20626,7.6
The Dangerous Lives of Altar Boys,2002,14718,6.9
Devdas,2002,52631,7.6
Water,2005,15848,7.7
The Swamp,2001,9646,7.0
Under the Sand,2000,10769,7.0
Chocolat,2000,211204,7.2
Bully,2001,42367,6.9
L.I.E.,2001,11239,7.1
Waking Life,2001,69796,7.6
The Man Who Wasn't There,2001,121016,7.5
Bridget Jones's Diary,2001,288466,6.8
To End All Wars,2001,12349,6.9
Italian for Beginners,2000,14499,7.0
Yi Yi,2000,34760,8.1
Lost and Delirious,2001,23518,6.8
Y tu mamá también,2001,142706,7.7
Amores Perros,2000,272402,8.0
The Count of Monte Cristo,2002,161275,7.7
Donnie Darko,2001,917251,8.0
Heaven,2002,26003,6.9
Before Night Falls,2000,27391,7.1
The Believer,2001,43944,7.1
In the Bedroom,2001,44589,7.4
Nine Queens,2000,63450,7.9
Peppermint Candy,1999,12755,7.6
Kabhi Khushi Kabhie Gham...,2001,63585,7.5
Ali,2001,110793,6.7
Hedwig and the Angry Inch,2001,38146,7.7
Werckmeister Harmonies,2000,18329,7.9
Billy Elliot,2000,153252,7.7
Storytelling,2001,18959,6.8
The Experiment,2001,99088,7.7
Unfaithful,2002,108358,6.7
John Q,2002,155005,7.1
Buffalo Soldiers,2001,26455,6.7
Rabbit-Proof Fence,2002,31774,7.4
The Grey Zone,2001,12179,7.0
Hearts in Atlantis,2001,43667,6.9
"Feyzo, the Polite One",1978,18791,8.6
Manic,2001,11048,7.1
Ask Me If I'm Happy,2000,9749,7.2
The Pianist,2002,1020765,8.5
Sex and Lucía,2001,40780,7.0
Koi... Mil Gaya,2003,31773,7.2
The Piano Teacher,2001,82300,7.5
The Isle,2000,15757,6.9
The Devil's Backbone,2001,75999,7.3
Road to Perdition,2002,302198,7.6
About Schmidt,2002,137325,7.2
Panic Room,2002,316228,6.8
The Quiet American,2002,31238,7.0
Lantana,2001,20923,7.2
My Big Fat Greek Wedding,2002,151943,6.6
Paid in Full,2002,16571,7.0
Joint Security Area,2000,39337,7.7
Abbas in Flower,1982,12060,8.0
Everything's Gonna Be Great,1998,30719,8.1
The Girl with the Red Scarf,1977,18339,8.4
Catch Me If You Can,2002,1257718,8.1
Frailty,2001,101347,7.2
Life as a House,2001,47507,7.4
Black Hawk Down,2001,457995,7.7
The Girl Next Door,2004,265936,6.7
Monsoon Wedding,2001,26726,7.3
One Hour Photo,2002,140887,6.8
Ripley's Game,2002,20724,6.6
The Rookie,2002,39633,6.9
The Royal Tenenbaums,2001,338164,7.6
Battle Royale,2000,208438,7.5
My Dear Brother,1973,11345,8.6
K-19: The Widowmaker,2002,72704,6.7
Adaptation.,2002,214058,7.6
13 Conversations About One Thing,2001,10653,7.0
A Beautiful Mind,2001,1060617,8.2
The Majestic,2001,61125,6.9
Jalla! Jalla!,2000,15448,6.8
Barking Dogs Never Bite,2000,12103,6.9
Vizontele,2001,41504,8.0
A Dog's Will,2000,21952,8.6
The Last Castle,2001,91846,7.0
K-PAX,2001,203720,7.4
Narc,2002,45592,7.1
Punch-Drunk Love,2002,198994,7.3
Poolhall Junkies,2002,11605,6.8
Read My Lips,2001,16209,7.3
24 Hour Party People,2002,40692,7.3
The Ignorant Fairies,2001,10852,7.3
The Hours,2002,147759,7.5
Secretary,2002,109663,6.9
The Warrior,2001,11510,7.1
Bad Education,2004,66287,7.4
Tape,2001,22346,7.2
About a Boy,2002,199587,7.1
Dogville,2003,168485,8.0
I Am Sam,2001,163144,7.6
We Were Soldiers,2002,160684,7.2
The Importance of Being Earnest,2002,26111,6.8
Insomnia,2002,349494,7.2
Spider,2002,42184,6.7
Elling,2001,16755,7.4
Dark Blue,2002,25863,6.6
Better Luck Tomorrow,2002,11048,7.0
Bloody Sunday,2002,26831,7.6
Amen.,2002,15839,7.2
Gosford Park,2001,103160,7.2
Igby Goes Down,2002,37541,6.8
Iris,2001,19943,7.0
A Walk to Remember,2002,232479,7.3
Il Mare,2000,10203,7.5
Spun,2002,43071,6.7
Tuck Everlasting,2002,25778,6.6
White Oleander,2002,34949,7.1
No Man's Land,2001,50795,7.9
The Emperor's Club,2002,18500,6.9
The Spanish Apartment,2002,44164,7.3
Gadar: Ek Prem Katha,2001,16831,7.3
Monster's Ball,2001,97596,7.0
Owning Mahowny,2003,16253,7.0
Signs,2002,417209,6.8
All or Nothing,2002,12331,7.5
Bend It Like Beckham,2002,124082,6.7
Talk to Her,2002,120991,7.9
Bang Bang You're Dead,2002,13485,7.7
28 Days Later,2002,553364,7.5
Red Dragon,2002,313355,7.2
The Butterfly Effect,2004,559031,7.6
The Life of David Gale,2003,133084,7.5
Irreversible,2002,164745,7.3
The Son,2002,10614,7.5
Millennium Actress,2001,37422,7.8
Nayak: The Real Hero,2001,19348,7.8
Dil Chahta Hai,2001,80291,8.0
Son of the Bride,2001,17980,7.8
The Rules of Attraction,2002,55775,6.6
Before the Devil Knows You're Dead,2007,123459,7.3
Carandiru,2003,25063,7.6
Metropolis,2001,24081,7.2
The Phantom of the Opera,2004,139409,7.2
My Sassy Girl,2001,53291,7.9
Rent,2005,58399,6.9
Ichi the Killer,2001,64356,6.9
Company,2002,17318,7.9
All About Lily Chou-Chou,2001,14430,7.5
Far from Heaven,2002,51804,7.3
8 Mile,2002,354138,7.2
Whale Rider,2002,44466,7.5
Auto Focus,2002,16108,6.7
In America,2002,44463,7.6
Rehnaa Hai Terre Dil Mein,2001,10219,7.5
Roger Dodger,2002,18379,6.8
All the Real Girls,2003,11323,6.7
Hero,2002,195051,7.9
Lilya 4-Ever,2002,56215,7.8
Morvern Callar,2002,12583,6.8
Dirty Pretty Things,2002,45770,7.2
Good Bye Lenin!,2003,160553,7.7
Frozen Stiff,2002,11032,8.3
The United States of Leland,2003,25384,6.9
May,2002,43617,6.6
Mona Lisa Smile,2003,100179,6.6
American Splendor,2003,54956,7.4
Aankhen,2002,14900,7.4
Bad Guy,2001,11253,6.6
25th Hour,2002,191098,7.6
Bad Santa,2003,168313,7.0
Bobby,2006,44005,6.9
Dark Water,2002,37758,6.7
Finding Neverland,2004,217883,7.6
The Shape of Things,2003,12202,6.6
Luther,2003,16777,6.6
Nicholas Nickleby,2002,15120,7.1
The Dreamers,2003,141927,7.1
Sympathy for Mr. Vengeance,2002,82499,7.5
Bowling for Columbine,2002,152544,7.9
Master and Commander: The Far Side of the World,2003,258361,7.5
Holes,2003,111204,7.0
The Man Without a Past,2002,29206,7.6
Pieces of April,2003,23295,7.0
Veronica Guerin,2003,23133,6.8
Kannathil Muthamittal,2002,10858,8.3
The Crime of Padre Amaro,2002,15064,6.7
Runaway Jury,2003,122317,7.1
Sweet Sixteen,2002,15256,7.4
Philanthropy,2002,14776,8.4
Love Actually,2003,582994,7.5
Tears of the Sun,2003,137052,6.6
My Life Without Me,2003,26704,7.4
Open Hearts,2002,11726,7.5
Wazir,2016,20915,7.1
21 Grams,2003,253190,7.6
House of Sand and Fog,2003,76129,7.5
Open Range,2003,85150,7.4
Radio,2003,49314,6.9
City of God,2002,878591,8.6
Russian Ark,2002,23133,7.2
The Cooler,2003,37376,6.9
The Magdalene Sisters,2002,30173,7.7
The Motorcycle Diaries,2004,109637,7.7
Big Fish,2003,479094,7.9
The Legend of Bhagat Singh,2002,18444,8.2
Mondays in the Sun,2002,16522,7.5
Oasis,2002,11793,7.8
Kingdom of Heaven,2005,359165,7.3
Life Is a Miracle,2004,13934,7.5
Lakshya,2004,28281,7.8
Shattered Glass,2003,40283,7.1
Swimming Pool,2003,51740,6.7
Wicker Park,2004,60139,6.9
The Last Samurai,2003,507927,7.8
Matchstick Men,2003,146208,7.2
The Great Raid,2005,25361,6.6
I'm Not Scared,2003,18119,7.4
Mystic River,2003,528288,7.9
Secondhand Lions,2003,66538,7.5
Coraline,2009,304198,7.8
Man on Fire,2004,424495,7.7
Thirteen,2003,107658,6.8
Under the Tuscan Sun,2003,65724,6.8
Monsieur Ibrahim,2003,12029,7.3
Seabiscuit,2003,79328,7.3
Dolls,2002,18023,7.5
Day of the Wacko,2002,13479,8.1
Saathiya,2002,9666,6.8
11:14,2003,52789,7.1
If Only,2004,35389,7.0
The Notebook,2004,698700,7.8
Saved!,2004,51403,6.7
Intermission,2003,17427,6.8
Garden State,2004,228320,7.4
Girl with a Pearl Earring,2003,84709,6.9
Lost in Translation,2003,533422,7.7
The Passion of the Christ,2004,276181,7.3
Antibodies,2005,9621,6.9
Baghban,2003,19077,7.4
The Snow Walker,2003,12161,7.3
Something's Gotta Give,2003,140363,6.8
Calendar Girls,2003,28435,6.9
Eternal Sunshine of the Spotless Mind,2004,1191720,8.3
The Barbarian Invasions,2003,31010,7.5
Evil,2003,44976,7.7
Two Brothers,2004,16670,7.0
Infernal Affairs,2002,139007,8.0
The Aviator,2004,411592,7.5
Being Julia,2004,13430,7.0
The Station Agent,2003,81101,7.6
Monster,2003,172892,7.3
The Green Butchers,2003,27850,7.2
Manderlay,2005,26564,7.2
50 First Dates,2004,419066,6.8
The Good Shepherd,2006,113026,6.7
A Very Long Engagement,2004,78183,7.6
Last Life in the Universe,2003,11969,7.4
Latter Days,2003,19564,7.1
Distant,2002,24900,7.5
The Best of Youth,2003,28599,8.4
Blood and Bone,2009,38469,6.7
Head-On,2004,61197,7.8
Ghost in the Shell 2: Innocence,2004,42967,7.4
Kal Ho Naa Ho,2003,82303,7.9
Khakee,2004,17595,7.4
Main Hoon Na,2004,45306,7.1
The Classic,2003,11023,7.7
The Door in the Floor,2004,16697,6.6
Miracle,2004,64180,7.5
Ray,2004,166799,7.7
An Unfinished Life,2005,36515,7.0
Noi the Albino,2003,9870,7.3
The Twilight Samurai,2002,27213,8.0
Cinderella Man,2005,210393,8.0
De-Lovely,2004,12401,6.6
Facing Windows,2003,12220,7.2
The Life and Death of Peter Sellers,2004,15957,6.9
Memories of Murder,2003,272686,8.1
Five Times Two,2004,10855,6.6
Save the Green Planet!,2003,11741,7.1
The Science of Sleep,2006,72336,7.2
Lords of Dogtown,2005,61809,7.1
Walk the Line,2005,281976,7.8
A Home at the End of the World,2004,14386,6.6
The Secret Life of Walter Mitty,2013,375685,7.3
The Woodsman,2004,37023,7.1
Fahrenheit 9/11,2004,135276,7.5
Gozu,2003,13437,6.9
Inglourious Basterds,2009,1808854,8.4
The Machinist,2004,444880,7.6
Palindromes,2004,13523,6.7
Tell No One,2006,61781,7.5
The Terminal,2004,540054,7.4
Kinsey,2004,52742,7.0
Downfall,2004,402844,8.2
Beyond the Sea,2004,16108,6.7
Elephant,2003,105275,7.1
Lymelife,2008,14800,6.8
Love Me If You Dare,2003,74538,7.5
Oldboy,2003,728161,8.3
Virumandi,2004,9829,8.4
The Assassination of Richard Nixon,2004,26591,6.9
A Tale of Two Sisters,2003,74952,7.1
Syriana,2005,139002,6.8
The Upside of Anger,2005,24111,6.8
The Jacket,2005,125301,7.1
Millions,2004,27316,6.8
Mirrormask,2005,24394,6.7
Okkadu,2003,11703,8.0
The Squid and the Whale,2005,94932,7.3
Swades,2004,106922,8.2
Modigliani,2004,13190,7.1
Anbe Sivam,2003,28498,8.6
The Man Who Copied,2003,12851,7.6
The Manchurian Candidate,2004,123556,6.6
The Village,2004,298393,6.6
Stage Beauty,2004,11180,7.1
I'm Not There,2007,63668,6.8
Osama,2003,9935,7.3
Infernal Affairs II,2003,21379,7.2
Collateral,2004,472044,7.5
A Love Song for Bobby Long,2004,28269,7.1
The Sea Inside,2004,89274,7.9
Mysterious Skin,2004,86471,7.6
Stay,2005,94880,6.7
Hungama,2003,19301,7.6
House of D,2004,10291,6.8
The Chorus,2004,72590,7.9
Imaginary Heroes,2004,10441,7.0
Saints and Soldiers,2003,22115,6.6
Gangaajal,2003,19214,7.8
Control,2003,28531,7.6
In Your Name,2003,22770,7.2
Infernal Affairs III,2003,15920,6.8
The Memory of a Killer,2003,11040,7.2
"Spring, Summer, Fall, Winter... and Spring",2003,91303,8.0
Che: Part Two,2008,36580,6.8
Munna Bhai M.B.B.S.,2003,99293,8.2
Sideways,2004,218104,7.5
Tristan + Isolde,2006,56415,6.8
Black,2005,37677,8.1
Crash,2004,463588,7.7
Layer Cake,2004,208935,7.2
Anniyan,2005,26760,8.4
Closer,2004,252072,7.1
The Return,2003,49793,7.9
Ladies in Lavender,2004,13776,7.0
Mean Creek,2004,34921,7.1
Proof,2005,47936,6.6
Dear Frankie,2004,23157,7.6
Hum Tum,2004,16285,7.0
Machuca,2004,13267,7.7
Speak,2004,32717,7.2
A Touch of Spice,2003,15634,7.5
Coffee and Cigarettes,2003,71171,7.0
Maqbool,2003,16216,8.0
Touching the Void,2003,39935,7.9
Capote,2005,150213,7.3
The Merchant of Venice,2004,40205,7.0
Goal! The Dream Begins,2005,69177,6.7
The Lovely Bones,2009,193035,6.6
Oliver Twist,2005,35802,6.8
The Place Promised in Our Early Days,2004,16297,6.8
Before Sunset,2004,318447,8.1
3:10 to Yuma,2007,352906,7.6
My Summer of Love,2004,23107,6.7
As It Is in Heaven,2004,19361,7.5
Yuva,2004,9841,7.3
"Synecdoche, New York",2008,105582,7.5
Vera Drake,2004,28915,7.6
Before the Fall,2004,19790,7.4
Saving Face,2004,15480,7.4
Azumi,2003,15547,6.7
Green Street Hooligans,2005,172390,7.4
House of Flying Daggers,2004,120193,7.5
The Music Man,2007,10012,7.5
The Football Factory,2004,35063,6.7
Glory Road,2006,51585,7.2
Motherless Brooklyn,2019,66495,6.8
Sicko,2007,78209,8.0
Tae Guk Gi: The Brotherhood of War,2004,42469,8.0
Where the Wild Things Are,2009,112437,6.7
Brothers,2004,12452,7.5
The Constant Gardener,2005,156387,7.3
Caché,2005,90820,7.3
It's All Gone Pete Tong,2004,21351,7.2
King of California,2007,24263,6.6
Brokeback Mountain,2005,420602,7.7
The Greatest Game Ever Played,2005,36341,7.4
Black Book,2006,84260,7.7
Friday Night Lights,2004,71180,7.2
Maria Full of Grace,2004,37719,7.4
Primer,2004,122731,6.7
Waqt: The Race Against Time,2005,14525,6.8
36th Precinct,2004,19556,7.1
A Lot Like Love,2005,73810,6.6
Mozart and the Whale,2005,9683,6.7
Brick,2005,114426,7.1
Coach Carter,2005,194611,7.4
Hotel Rwanda,2004,393993,8.1
The Devil's Rejects,2005,111643,6.7
North Country,2005,47875,7.3
Perfume: The Story of a Murderer,2006,280395,7.5
Pusher II,2004,30022,7.3
Eight Below,2006,72038,7.3
Memoirs of a Geisha,2005,173799,7.3
Samaritan Girl,2004,14520,7.0
Derailed,2005,79270,6.6
Bridge to Terabithia,2007,193667,7.2
The Consequences of Love,2004,20853,7.4
Trade,2007,18977,7.3
A History of Violence,2005,276146,7.4
Lord of War,2005,361659,7.6
Black Friday,2004,26429,8.4
C.R.A.Z.Y.,2005,35262,7.8
The Diving Bell and the Butterfly,2007,113117,8.0
A Good Year,2006,107725,6.9
"Paris, Je T'aime",2006,76587,7.2
Breach,2007,64058,7.0
Ab Tak Chhappan,2004,10106,7.8
The New World,2005,94084,6.7
Everything Is Illuminated,2005,61548,7.4
The Exorcism of Emily Rose,2005,150219,6.7
Little Children,2006,122434,7.5
Running Scared,2006,107252,7.3
The Lives of Others,2006,445852,8.4
Million Dollar Baby,2004,771121,8.1
Rudo y Cursi,2008,9742,6.8
Rang De Basanti,2006,127154,8.1
Barefoot,2005,11654,7.1
The Chumscrubber,2005,19646,6.8
The Guardian,2006,103839,6.9
Transamerica,2005,43387,7.3
The Departed,2006,1570778,8.5
Everything About Mustafa,2004,10199,7.5
Sweeney Todd: The Demon Barber of Fleet Street,2007,408425,7.3
Munich,2005,255035,7.5
Nobody Knows,2004,35869,8.0
The Edukators,2004,33141,7.4
Last Holiday,2006,43152,6.6
Russian Dolls,2005,21992,6.9
Watchmen,2009,614653,7.6
Hustle & Flow,2005,45772,7.3
The Lake House,2006,166263,6.8
Breakfast on Pluto,2005,26607,7.2
The Beat That My Heart Skipped,2005,21708,7.2
Broken Flowers,2005,110598,7.1
The World's Fastest Indian,2005,64431,7.7
Brideshead Revisited,2008,14351,6.6
Mrs. Henderson Presents,2005,17146,7.0
Elizabeth: The Golden Age,2007,78390,6.8
Pride & Prejudice,2005,381303,7.8
The Fountain,2006,259143,7.1
Martian Child,2007,21509,6.7
Me and You and Everyone We Know,2005,38753,7.2
Mongol: The Rise of Genghis Khan,2007,51676,7.2
Resurrecting the Champ,2007,21837,6.7
The Secret Life of Bees,2008,29923,7.2
Match Point,2005,239998,7.6
300,2006,919131,7.6
Becoming Jane,2007,68586,7.0
The Lizard,2004,24646,8.4
Time to Leave,2005,9595,7.1
9th Company,2005,22621,7.0
Factotum,2005,15705,6.6
Rory O'Shea Was Here,2004,16746,7.7
Romanzo Criminale,2005,10242,7.2
Adam's Apples,2005,59700,7.7
Aitraaz,2004,11777,6.6
Dreamer,2005,14843,6.9
Flags of Our Fathers,2006,134893,7.1
Jarhead,2005,226463,7.0
Junebug,2005,24042,6.9
The Tiger and the Snow,2005,14870,7.0
The Three Burials of Melquiades Estrada,2005,43414,7.3
Dead Man's Shoes,2004,63658,7.5
The Kite Runner,2007,85479,7.5
A Prairie Home Companion,2006,24636,6.7
Summer Storm,2004,15058,7.2
Stranger Than Fiction,2006,246435,7.5
The Stanford Prison Experiment,2015,48288,6.8
Veer Zaara,2004,67129,7.8
The Aura,2005,15827,7.1
Infamous,2006,18962,7.0
Shooting Dogs,2005,12450,7.6
Control,2007,72028,7.6
Gridiron Gang,2006,83246,6.9
The Proposition,2005,58264,7.3
The Curious Case of Benjamin Button,2008,751882,7.8
Imagine Me & You,2005,39986,6.8
Ghilli,2004,19253,8.2
Sherrybaby,2006,12399,6.6
3-Iron,2004,61658,7.9
Charlie Bartlett,2007,68396,6.9
Hard Candy,2005,174964,7.0
Joyeux Noel,2005,34446,7.6
Turtles Can Fly,2004,22885,8.0
Candy,2006,50025,7.2
Copying Beethoven,2006,14492,6.7
Lovelorn,2005,11170,7.7
Just Like Heaven,2005,127786,6.7
Lucky Number Slevin,2006,340572,7.7
Outsourced,2006,12650,7.0
Pardon,2005,24737,8.1
Pusher III,2005,21335,7.3
Red Cliff,2008,50588,7.3
Sophie Scholl: The Final Days,2005,29969,7.6
Alpha Dog,2006,112121,6.9
August Rush,2007,115117,7.4
The Great Debaters,2007,66746,7.5
Hairspray,2007,146460,6.7
The Lookout,2007,62320,6.9
The Method,2005,12973,7.1
Thank You for Smoking,2005,236486,7.5
The Protector,2005,40505,7.0
A Moment to Remember,2004,27480,8.1
The Business,2005,16270,6.6
Four Brothers,2005,170475,6.8
The Secret Life of Words,2005,13720,7.4
The Kingdom,2007,137959,7.0
P.S. I Love You,2007,226530,7.0
Sarkar,2005,18906,7.6
Real Steel,2011,383350,7.1
"Good Night, and Good Luck.",2005,105587,7.4
Harsh Times,2005,71076,6.8
The Namesake,2006,23072,7.5
Election,2005,12489,7.1
Kinky Boots,2005,22952,7.1
V for Vendetta,2005,1253187,8.1
Conversations with Other Women,2005,13605,6.9
Keith,2008,38498,7.3
Kidulthood,2006,20393,6.7
The Queen,2006,120039,7.3
Catch a Fire,2006,11120,6.7
Hulchul,2004,11110,7.1
Parineeta,2005,10128,7.2
Something New,2006,15852,6.6
Akeelah and the Bee,2006,22942,7.4
Peaceful Warrior,2006,31743,7.2
Goodbye Bafana,2007,12518,7.1
Fanaa,2006,37279,7.1
Danger Close,2019,16802,6.8
Volver,2006,113456,7.6
Lincoln,2012,286525,7.3
Vantage Point,2008,158366,6.6
Before We Go,2014,69341,6.8
Dreamgirls,2006,81253,6.6
The Illusionist,2006,406134,7.5
The Assassination of Jesse James by the Coward Robert Ford,2007,205687,7.5
Zodiac,2007,683360,7.7
Days of Glory,2006,15669,7.0
"You, the Living",2007,17067,7.4
Paradise Now,2005,24944,7.4
Across the Universe,2007,118067,7.3
Invincible,2006,79801,7.0
Take the Lead,2006,27605,6.6
Fearless,2006,81663,7.5
Driving Lessons,2006,11240,6.6
The Painted Veil,2006,100447,7.4
Snow Cake,2006,13890,7.4
Little Miss Sunshine,2006,563726,7.8
Babel,2006,330411,7.4
The Valet,2006,11550,6.6
Ghajini,2005,17073,7.6
Jodhaa Akbar,2008,36787,7.5
La Vie En Rose,2007,94476,7.5
16 Blocks,2006,139057,6.6
Blood Diamond,2006,629413,8.0
Sympathy for Lady Vengeance,2005,94152,7.5
No Entry,2005,14191,6.6
Gone Baby Gone,2007,312770,7.6
The Time Traveler's Wife,2009,166888,7.1
Snow Angels,2007,13451,6.7
42,2013,109495,7.5
Iqbal,2005,18483,8.1
Amazing Grace,2006,26646,7.4
Inside Man,2006,427617,7.6
Life of Pi,2012,704129,7.9
The Pursuit of Happyness,2006,628035,8.0
The Last King of Scotland,2006,206777,7.6
The Hunting Party,2007,26896,6.7
Australia,2008,134145,6.6
Goya's Ghosts,2006,33319,6.9
Lage Raho Munna Bhai,2006,53800,8.0
The Death of Mr. Lazarescu,2005,17076,7.8
The Child,2005,20176,7.4
The Bow,2005,12247,7.1
A Bittersweet Life,2005,47758,7.5
Pan's Labyrinth,2006,751059,8.2
Fido,2006,31186,6.7
After the Wedding,2006,39412,7.6
The Devil Wears Prada,2006,567759,7.0
Pudhu Pettai,2006,9753,8.4
Cashback,2006,95159,7.1
Chaos Theory,2007,35214,6.6
The Fall,2006,130734,7.8
Inland Empire,2006,69670,6.8
The Wind That Shakes the Barley,2006,59523,7.5
Black Snake Moan,2006,69198,6.9
The Hoax,2006,17769,6.6
Freedom Writers,2007,93380,7.6
The History Boys,2006,22452,6.8
The Orphanage,2007,171393,7.4
Chup Chup Ke,2006,16065,7.1
Michael Clayton,2007,184836,7.2
Notes on a Scandal,2006,89748,7.4
Khosla Ka Ghosla!,2006,27402,8.2
Hallam Foe,2007,13665,6.9
The Other Boleyn Girl,2008,127559,6.7
Juno,2007,574421,7.4
The Road to Guantanamo,2006,11710,7.4
Half Nelson,2006,96382,7.1
The Host,2006,144116,7.1
Old Joy,2006,10092,6.8
Tsotsi,2005,32438,7.2
There Will Be Blood,2007,716020,8.2
Things We Lost in the Fire,2007,30752,7.1
The Express,2008,23692,7.2
Ex Machina,2014,643836,7.7
Red Road,2006,14351,6.8
Athadu,2005,16482,8.2
Apocalypto,2006,362939,7.9
Charlie Wilson's War,2007,131119,7.0
Notorious,2009,48196,6.7
Dumplings,2004,11284,6.7
Waitress,2007,51420,7.0
Jaane Tu... Ya Jaane Na,2008,29647,7.4
Curse of the Golden Flower,2006,47687,7.0
A Guide to Recognizing Your Saints,2006,28704,6.9
State of Play,2009,167097,7.1
Angel-A,2005,37541,7.1
13 Tzameti,2005,18696,7.3
United 93,2006,115948,7.6
Shinobi: Heart Under Blade,2005,13239,6.8
My Father and My Son,2005,101816,8.2
Taxi No. 9 2 11: Nau Do Gyarah,2006,11468,7.3
The Brave One,2007,68042,6.7
Starter for 10,2006,27143,6.7
Wristcutters: A Love Story,2006,59948,7.2
Extremely Loud & Incredibly Close,2011,108166,6.9
No Country for Old Men,2007,1206681,8.2
21,2008,282408,6.8
In the Valley of Elah,2007,77688,7.1
The Tree of Life,2011,193128,6.8
The Trap,2007,10998,7.9
Rocky Balboa,2006,244923,7.1
Seraphim Falls,2006,36899,6.6
Dasavatharam,2008,11649,7.3
Sivaji,2007,24118,7.6
This Is England,2006,135848,7.7
Dan in Real Life,2007,111512,6.8
I Am Legend,2007,885263,7.2
Interview,2007,14248,6.8
Bella,2006,11297,7.0
Miss Potter,2006,34082,7.0
The Prestige,2006,1614872,8.5
Pride and Glory,2008,65776,6.6
The Ultimate Gift,2006,23446,7.3
"Don't Worry, I'm Fine",2006,11801,7.3
Killing the Shadows,2006,14468,7.5
The Air I Breathe,2007,35587,6.7
Mr. Nobody,2009,258792,7.7
Disturbia,2007,275870,6.8
Fracture,2007,237868,7.2
Omkara,2006,24119,8.0
12,2007,16014,7.5
Welcome,2007,30103,7.2
The Banishment,2007,9686,7.5
Venus,2006,13875,7.1
Shattered,2007,35216,6.6
Reign Over Me,2007,105239,7.4
Silence,2016,135507,7.2
Away from Her,2006,23859,7.5
The Unknown Woman,2006,16895,7.4
Vivah,2006,12275,6.7
Golmaal: Fun Unlimited,2006,21891,7.5
"I'm a Cyborg, But That's OK",2006,27503,6.9
Vicky Cristina Barcelona,2008,281959,7.1
Time,2006,13364,7.1
Climates,2006,15319,7.0
Letters from Iwo Jima,2006,177830,7.8
We Own the Night,2007,97035,6.8
Takva: A Man's Fear of God,2006,14903,7.4
Guru,2007,26399,7.7
Offside,2006,9632,7.3
The Man from Earth,2007,220284,7.8
Death Note,2006,33505,7.5
Love & Other Drugs,2010,254610,6.7
Into the Wild,2007,698302,8.0
Body of Lies,2008,251614,7.0
We Are Marshall,2006,68137,7.1
He Was a Quiet Man,2007,23905,6.7
Thirst,2009,55537,7.1
The Nativity Story,2006,12260,6.8
Brothers,2009,175431,7.1
My Blueberry Nights,2007,58974,6.6
American Gangster,2007,491482,7.8
Eastern Promises,2007,278986,7.6
Happy Days,1978,13136,8.7
Memories of Matsuko,2006,9681,7.8
Grace Is Gone,2007,9989,6.7
The Illusionist,2010,37788,7.4
The Savages,2007,39911,7.1
Drive,2011,770932,7.8
Everybody's Fine,2009,67905,7.1
Flawless,2007,28600,6.7
In Bruges,2008,496692,7.9
Mr. Brooks,2007,164200,7.2
Atonement,2007,332356,7.8
Gangster's Paradise: Jerusalema,2008,11111,7.3
The Last Full Measure,2019,15528,6.8
Towelhead,2007,12351,6.9
The Man Who Knew Infinity,2015,67357,7.2
Dallas Buyers Club,2013,551329,7.9
The Messenger,2009,38703,7.1
Hunting and Gathering,2007,13013,6.7
Namastey London,2007,24357,7.1
Winter in Wartime,2008,14181,7.0
Cassandra's Dream,2007,55538,6.6
Exiled,2006,10398,7.2
Talk to Me,2007,10676,7.3
The Bridge,2006,12874,7.2
Forgetting Sarah Marshall,2008,321489,7.1
Transsiberian,2008,56801,6.6
Appaloosa,2008,68314,6.7
The Dirt,2019,61234,7.0
Life in a Metro,2007,15278,7.4
An American Crime,2007,40112,7.2
Red Dog,2011,21128,7.3
It's Kind of a Funny Story,2010,152221,7.1
Rendition,2007,60015,6.8
Bhagam Bhag,2006,17925,6.8
Lars and the Real Girl,2007,169874,7.3
The Bothersome Man,2006,19177,7.2
"Lust, Caution",2007,48187,7.5
Persepolis,2007,106833,8.0
Bright Star,2009,29965,6.9
The Danish Girl,2015,207132,7.1
Death Note: The Last Name,2006,18589,7.1
Shootout at Lokhandwala,2007,11702,7.1
Ex Drummer,2007,11606,6.9
The Counterfeiters,2007,48730,7.5
Seven Pounds,2008,327187,7.6
The Book Thief,2013,148202,7.5
Interstellar,2014,2586181,8.7
Flipped,2010,109294,7.6
Secret Sunshine,2007,10879,7.5
A Dirty Carnival,2006,9768,7.3
The Soloist,2009,56910,6.7
Marley & Me,2008,176522,7.0
Shooter,2007,378270,7.2
Changeling,2008,276061,7.7
The Last Station,2009,19868,6.9
The Bucket List,2007,274252,7.3
Caramel,2007,15358,7.1
Exam,2006,12689,6.7
The Magician,2006,36787,7.4
Reprise,2006,18298,7.3
Ten Inch Hero,2007,14584,7.3
A Mighty Heart,2007,28783,6.6
Reservation Road,2007,26071,6.6
"Definitely, Maybe",2008,182397,7.1
Arn: The Knight Templar,2007,24338,6.6
The Darjeeling Limited,2007,238001,7.2
Forever Strong,2008,11592,7.1
The Town,2010,451780,7.5
Two Days in Paris,2007,32718,6.7
The Kids Are All Right,2010,137746,7.0
Paranoid Park,2007,33107,6.6
Bommarillu,2006,10993,8.2
North Face,2008,17186,7.4
Fireworks Wednesday,2006,14875,7.6
Cargo 200,2007,14108,7.1
Battle in Seattle,2007,15611,6.6
The Island,2006,13372,7.8
Paprika,2006,114996,7.7
The Visitor,2007,46458,7.6
Evangelion: 2.0 You Can (Not) Advance,2009,29328,7.9
Evangelion: 3.0 You Can (Not) Redo,2012,22393,6.9
Elite Squad,2007,120642,8.0
Sunshine Cleaning,2008,76376,6.8
The Duchess,2008,91326,6.9
The Jane Austen Book Club,2007,30032,6.7
Water Lilies,2007,15472,6.7
Paris,2008,13251,6.8
City of Men,2007,17007,7.2
Frost/Nixon,2008,116239,7.6
Chak De! India,2007,92478,8.1
99 Francs,2007,21835,7.1
Destiny,2006,20871,7.7
The Blind Side,2009,390348,7.6
Please Give,2010,12009,6.6
Katyn,2007,18360,7.0
The Edge of Heaven,2007,35658,7.7
Luck by Chance,2009,11892,7.1
Burn After Reading,2008,378953,7.0
The Hurt Locker,2008,498754,7.5
The Children of Huang Shi,2008,10263,7.0
Che: Part One,2008,49971,7.1
The Whistleblower,2010,37361,7.1
The Road,2009,272776,7.2
Suite Française,2014,30757,7.0
At the Bar,2007,17297,7.0
Love & Mercy,2014,45925,7.4
Once,2006,126225,7.8
Broken Embraces,2009,44399,7.2
The Warlords,2007,28840,7.0
Bottle Shock,2008,19342,6.8
The Boy in the Striped Pajamas,2008,277018,7.7
Unthinkable,2010,101022,7.0
Doubt,2008,148314,7.5
Flame & Citron,2008,20983,7.2
Manorama: Six Feet Under,2007,9846,7.5
Evangelion: 1.0 You Are (Not) Alone,2007,32219,7.5
Crossing Over,2009,25577,6.7
The Boys Are Back,2009,10676,6.8
The First Day of the Rest of Your Life,2008,10492,7.5
Loft,2008,26123,7.2
Gomorrah,2008,53412,7.0
Precious,2009,121674,7.3
Rabbit Hole,2010,52959,6.9
Tokyo Sonata,2008,13996,7.6
Shelter,2007,25912,7.6
Source Code,2011,586319,7.5
Black Swan,2010,895068,8.0
Green Zone,2010,148370,6.8
Shotgun Stories,2007,12032,7.1
Ben X,2007,19803,7.3
Robin Hood,2010,297677,6.6
Revolutionary Road,2008,237824,7.3
The Escapist,2008,17921,6.7
The Young Victoria,2009,69446,7.2
Tetro,2009,14311,6.8
Fashion,2008,13797,6.9
The Fighter,2010,410240,7.8
The Conspirator,2010,31189,6.9
Hugo,2011,350810,7.5
Red,2008,13963,6.9
Creation,2009,15677,6.6
Elegy,2008,23925,6.7
Hitchcock,2012,83680,6.8
The Reader,2008,275058,7.6
Tokyo!,2008,12738,7.0
Fair Game,2010,52972,6.8
Frozen River,2008,27272,7.1
Mary and Max,2009,202836,8.1
The Lucky Ones,2008,15017,6.8
Nick and Norah's Infinite Playlist,2008,97605,6.6
5 Centimeters per Second,2007,71713,7.4
Valkyrie,2008,276399,7.1
Hunger,2008,76812,7.5
Like Stars on Earth,2007,235048,8.3
Traitor,2008,61054,6.9
The Class,2007,16749,7.9
Hanna,2011,215548,6.7
Ghost Town,2008,82774,6.7
No Smoking,2007,11597,7.3
XXY,2007,15547,7.0
Pele: Birth of a Legend,2016,23772,7.1
Love Songs,2007,10596,7.0
The Song of Sparrows,2008,12136,7.9
Gangubai Kathiawadi,2022,67727,7.8
The Tragedy of Macbeth,2021,44909,7.1
Jesus Revolution,2023,16830,7.1
Slumdog Millionaire,2008,913683,8.0
Redbelt,2008,22007,6.7
Milk,2008,186682,7.5
Bheja Fry,2007,12777,7.6
All Quiet on the Western Front,2022,343844,7.8
Bones and All,2022,75186,6.8
Race,2008,17384,6.7
A Boy Called Christmas,2021,31424,6.7
Soorarai Pottru,2020,132544,8.6
Causeway,2022,27362,6.6
A Serious Man,2009,159322,7.0
Atlantics,2019,11258,6.7
Les Misérables,2019,30747,7.6
Beanpole,2019,13239,7.2
The Boys in the Band,2020,19642,6.8
Selma,2014,99540,7.5
Certified Copy,2010,29213,7.2
Awarapan,2007,10191,7.4
500 Days of Summer,2009,625024,7.6
Never Back Down,2008,112094,6.6
The Way Back,2010,128085,7.3
Il Divo,2008,20627,7.2
The Girl with the Needle,2024,20758,7.5
Joy,2024,12053,7.1
Argo,2012,670990,7.7
Om Shanti Om,2007,56957,6.8
Compartment Number 6,2021,18685,7.2
Land,2021,17715,6.7
The Greatest Beer Run Ever,2022,37825,6.8
The Father,2020,248319,8.2
To Catch a Killer,2023,57661,6.6
Sardar Udham,2021,51149,8.3
Death Proof,2007,336042,7.0
Hachi: A Dog's Tale,2009,346706,8.1
Secretariat,2010,32946,7.2
Another Round,2020,229472,7.7
The Power of the Dog,2021,244375,6.8
Shershaah,2021,137202,8.3
Kadaisi Vivasayi,2021,11072,8.7
Article 15,2019,41770,8.1
"4 Months, 3 Weeks and 2 Days",2007,66349,7.9
The Band's Visit,2007,14701,7.5
Your Name Engraved Herein,2020,10119,7.3
The Descendants,2011,260528,7.3
Black Box,2021,20068,7.2
Defiance,2008,161576,7.1
Suspiria,2018,106090,6.7
Four Good Days,2020,16166,6.6
Coco Before Chanel,2009,43899,6.6
CODA,2021,231296,8.0
The Worst Person in the World,2021,131016,7.7
Flashbacks of a Fool,2008,13389,6.8
Supernova,2020,16203,6.9
Voicemails for Isabelle,2026,47081,7.3
The Book of Eli,2010,363252,6.8
Secret,2007,9952,7.5
Mammoth,2009,10757,6.8
Estomago: A Gastronomic Story,2007,10322,7.8
The Stronghold,2020,15805,6.9
The Proposal,2009,401654,6.8
Cadillac Records,2008,24657,7.0
Miracle in Cell No. 7,2019,63752,8.2
Nine Days,2020,13825,6.8
Silver Linings Playbook,2012,776404,7.7
Happy-Go-Lucky,2008,42774,7.0
Summer of 85,2020,16513,6.9
Last Chance Harvey,2008,23387,6.6
Howl,2010,13709,6.6
Ma Rainey's Black Bottom,2020,78562,6.9
The Blue Elephant 2,2019,12104,8.0
The Invisible Man,2020,288811,7.1
For Love and Honor,2007,26159,7.8
#Home,2021,20001,8.7
The Hunger Games: The Ballad of Songbirds & Snakes,2023,188229,6.6
Desert Flower,2009,15580,7.3
Flash of Genius,2008,18396,7.0
Dara of Jasenovac,2020,82440,8.0
Invictus,2009,175180,7.3
Master,2021,91428,7.4
One Night in Miami...,2020,36136,7.1
Mank,2020,105519,6.8
The Life Ahead,2020,16549,6.8
Minari,2020,126981,7.4
The Wave,2008,122538,7.6
Babylon,2022,208970,7.1
Boyhood,2014,383161,7.9
Water for Elephants,2011,124433,6.9
"Patrik, Age 1.5",2008,10785,6.9
The Burning Plain,2008,22319,6.7
The Class,2008,37599,7.5
I've Loved You So Long,2008,21109,7.6
Mandela,2021,9988,8.3
The Electrical Life of Louis Wain,2021,24039,6.8
In the Name of God,2007,9775,8.3
Departures,2008,57739,8.0
The Harder They Fall,2021,78313,6.6
Stillwater,2021,64746,6.6
K.G.F: Chapter 2,2022,171213,8.2
Ponniyin Selvan: Part I,2022,38715,7.5
The Trial of the Chicago 7,2020,206570,7.7
Ink,2009,22968,6.8
Arthur the King,2024,40432,7.0
Nothing But the Truth,2008,41906,7.1
Sherni,2021,12364,6.8
The Misfortunates,2009,12062,7.3
Shinjuku Incident,2009,14605,6.9
Johnny Gaddaar,2007,14277,7.8
Boy A,2007,40173,7.5
My Sister's Keeper,2009,103286,7.3
Sam Bahadur,2023,21998,7.7
The Kashmir Files,2022,579581,8.5
The Wackness,2008,31822,6.9
Rachel Getting Married,2008,54486,6.6
Missing,2023,72690,7.1
Maidaan,2024,23619,7.9
Still Walking,2008,21274,7.9
A Sun,2019,11642,7.6
Rashmi Rocket,2021,12817,7.1
Mimi,2021,46495,7.8
Lone Survivor,2013,325746,7.5
Tell Me Who I Am,2019,20245,7.6
Adventureland,2009,175218,6.8
Jab We Met,2007,66019,7.9
Bad Lieutenant: Port of Call New Orleans,2009,85086,6.6
Thappad,2020,27937,7.0
Fifty Dead Men Walking,2008,11962,6.8
C'mon C'mon,2021,43241,7.3
Foxcatcher,2014,155655,7.0
Pig,2021,106252,6.9
Haseen Dillruba,2021,35366,6.9
Two Lovers,2008,46194,7.0
One Week,2008,12328,7.0
Blue Bayou,2021,11869,7.1
Boiling Point,2021,57464,7.5
The Northman,2022,304501,7.0
Pagglait,2021,12082,6.9
Creed III,2023,110044,6.7
On the Count of Three,2021,10555,7.0
Pieces of a Woman,2020,60529,7.0
Felon,2008,88303,7.4
She Said,2022,50070,7.3
Blue Valentine,2010,227685,7.3
House of Gucci,2021,176272,6.6
Mother and Child,2009,13367,7.2
Detective Dee: Mystery of the Phantom Flame,2010,12466,6.6
The Unforgivable,2021,129327,7.2
The Ides of March,2011,240338,7.1
Free State of Jones,2016,68644,6.9
City of Life and Death,2009,12549,7.7
The Wrestler,2008,332204,7.9
Big Eyes,2014,105111,6.9
Adulthood,2008,13571,6.6
Licorice Pizza,2021,162576,7.1
Sin Nombre,2009,35138,7.5
Rescued by Ruby,2022,14094,7.2
Taking Woodstock,2009,30969,6.7
Love Exposure,2008,18305,8.0
Intoxicated by Love,2024,15544,6.8
Don't Look Up,2021,677833,7.1
Nowhere Special,2020,9680,7.4
Rebel Ridge,2024,104631,6.8
JCVD,2008,41502,7.0
Shiva Baby,2020,42845,7.1
Pirate Radio,2009,121023,7.3
Ayyappanum Koshiyum,2020,12597,8.0
The Girl with the Dragon Tattoo,2009,231477,7.8
Uncle Frank,2020,24980,7.3
Julie & Julia,2009,137139,7.0
Redeeming Love,2022,20920,6.8
Hridayam,2022,21355,8.0
Michael,2026,170140,7.4
Mass,2021,19906,7.5
Kingdom of the Planet of the Apes,2024,171277,6.8
The Ghost Writer,2010,177362,7.2
Viduthalai: Part 1,2023,12128,8.1
Let the Right One In,2008,241207,7.8
Frankenweenie,2012,127254,6.9
Billie Eilish: The World's a Little Blurry,2021,9896,7.7
Runway 34,2022,31751,7.0
The Social Dilemma,2020,94865,7.6
HIT,2020,10898,7.6
The White Ribbon,2009,81970,7.8
Public Enemies,2009,336428,6.9
Wendy and Lucy,2008,21269,7.1
Emergency Declaration,2021,12493,6.8
Relay,2024,39969,7.0
Farha,2021,91065,8.0
A Complete Unknown,2024,121236,7.3
Glass Onion,2022,530640,7.1
Undisputed III: Redemption,2010,48153,7.3
Anvil: The Story of Anvil,2008,17426,7.9
Sarpatta Parambarai,2021,28897,8.4
Karnan,2021,25276,8.0
Dune: Part One,2021,1082961,8.0
Undine,2020,10692,6.6
Biutiful,2010,98374,7.4
AK vs AK,2020,15942,6.9
Riders of Justice,2020,77128,7.5
The Last Stop in Yuma County,2023,25834,6.9
22 Bullets,2010,38212,6.6
The Outrun,2024,22995,6.9
Official Competition,2021,17904,7.0
The House,2022,26252,6.8
Downton Abbey: A New Era,2022,39209,7.4
The Breath,2009,37108,8.0
Demolition,2015,137958,7.0
Whip It,2009,72570,6.9
Bronson,2008,150995,7.0
American Underdog,2021,28609,7.1
The Company Men,2010,51266,6.7
Pathu Thala,2023,10359,6.7
The Bang Bang Club,2010,12016,6.9
Revanche,2008,17328,7.5
City Island,2009,33523,7.3
An Education,2009,141391,7.2
Me and Orson Welles,2008,12377,6.7
Away We Go,2009,56780,7.0
Thiruchitrambalam,2022,19130,7.9
Akhanda,2021,20417,6.7
A Hero,2021,33467,7.5
10 Cloverfield Lane,2016,387854,7.2
Vaaranam Aayiram,2008,15978,8.2
Rurouni Kenshin: Final Chapter Part I - The Final,2021,12365,7.2
The Banshees of Inisherin,2022,298771,7.6
Moon,2009,397561,7.8
Rab Ne Bana Di Jodi,2008,60098,7.2
Chocolate,2008,19838,6.9
Cracks,2009,22270,6.6
Welcome to the Rileys,2010,26071,6.9
The Fallout,2021,43749,7.0
Adam,2009,36907,7.1
The Creator,2023,203460,6.7
Agora,2009,76859,7.1
3 Idiots,2009,487471,8.4
My Name Is Khan,2010,123852,7.9
The Skin I Live In,2011,181688,7.6
The Lincoln Lawyer,2011,271979,7.3
The Stranger,2022,31021,6.6
The Chaser,2008,81939,7.8
Enter the Void,2009,95356,7.2
Alcarràs,2022,9573,7.0
Up in the Air,2009,362171,7.4
Badhaai Do,2022,23206,7.0
Polytechnique,2009,21514,7.2
Get Low,2009,24881,7.0
A Whisker Away,2020,18531,6.7
Cemetery Junction,2010,24732,6.8
One Chance,2013,14068,6.8
Law Abiding Citizen,2009,347920,7.4
You're Not You,2014,28712,7.3
Rurouni Kenshin: Final Chapter Part II - The Beginning,2021,12767,7.4
Saptha Sagaradaache Ello - Side A,2023,10181,8.2
The Color Purple,2023,20716,6.8
Vikrant Rona,2022,29654,6.9
Project Hail Mary,2026,499963,8.2
Tyrannosaur,2011,35575,7.5
Gran Torino,2008,867757,8.1
Out of the Furnace,2013,133206,6.7
Brooklyn's Finest,2009,69091,6.7
Moneyball,2011,514722,7.6
The Lost City of Z,2016,106699,6.6
Lawless,2012,263677,7.2
First Man,2018,218690,7.3
The Girl Who Played with Fire,2009,102396,7.1
Kill the Messenger,2014,50392,6.9
Mother,2009,81290,7.7
Anything for Her,2008,10367,7.1
Whitney Houston: I Wanna Dance with Somebody,2022,27320,6.6
Ip Man,2008,244777,8.0
Big George Foreman,2023,12928,6.7
Thirteen Lives,2022,80688,7.8
The Greatest,2009,9884,6.6
I Am Love,2009,25754,7.0
A Late Quartet,2012,15994,7.1
The Damned United,2009,48717,7.5
Edge of Darkness,2010,103930,6.6
The Debt,2010,74601,6.8
Beautiful Boy,2018,131605,7.4
Big Fan,2009,10250,6.6
Let Me In,2010,133795,7.1
Jane Eyre,2011,98180,7.3
Rock On!!,2008,23561,7.7
The Yellow Sea,2010,25237,7.3
It's Complicated,2009,104012,6.6
Fish Tank,2009,68608,7.3
Three Monkeys,2008,24326,7.3
A Prophet,2009,108064,7.8
Ondine,2009,23672,6.8
Chico & Rita,2009,10102,7.2
Sidewalls,2011,17550,7.5
Drishyam 2,2021,45702,8.4
Emily,2022,10453,6.8
Bulbbul,2020,16826,6.6
Aamir,2008,11974,7.6
Cell 211,2009,74267,7.6
We Need to Talk About Kevin,2011,182917,7.4
Looking for Eric,2009,18733,7.1
Soul Kitchen,2009,42872,7.2
Conviction,2010,48372,7.2
Mahaan,2022,19549,7.7
Shrink,2009,19694,6.6
Decision to Leave,2022,70789,7.3
Middle Men,2009,39037,6.8
The American,2023,11348,7.1
Incendies,2010,256840,8.3
Raat Akeli Hai,2020,22920,7.2
Sharper,2023,39674,6.7
Den of Thieves,2018,154922,7.0
Gulaal,2009,17462,8.0
Parallel Mothers,2021,40725,7.1
World's Greatest Dad,2009,42432,6.8
Crazy Heart,2009,99544,7.2
Nowhere Boy,2009,41065,7.1
Malcolm & Marie,2021,44090,6.6
The Hand of God,2021,54916,7.3
The Devil's Double,2011,65564,7.0
"Paris, 13th District",2021,11982,7.0
Old Henry,2021,48118,7.3
Kaminey,2009,19088,7.4
Tetris,2023,109645,7.4
Love Aaj Kal,2009,18505,6.8
Looper,2012,631235,7.4
A Royal Affair,2012,54352,7.5
The Stoning of Soraya M.,2008,23300,7.9
Belfast,2021,139088,7.2
Night in Paradise,2020,11001,6.8
A Wednesday,2008,86416,8.1
Cars of the Revolution,2008,13477,7.9
Easy A,2010,446468,7.0
The Social Network,2010,825983,7.8
Chandigarh Kare Aashiqui,2021,16044,6.7
Poetry,2010,14988,7.8
"Josee, the Tiger and the Fish",2020,12812,7.7
My Octopus Teacher,2020,72248,8.1
The Guernsey Literary and Potato Peel Pie Society,2018,58359,7.3
Harry Brown,2009,95103,7.2
The Life of Chuck,2024,76793,7.3
Raajneeti,2010,20321,7.1
The Vanishing of Sidney Hall,2017,13514,6.8
Behind the Candelabra,2013,47559,7.0
Warrior,2011,532221,8.1
Easy Money,2010,20870,6.7
Oye Lucky! Lucky Oye!,2008,19784,7.7
Eva,2011,10743,6.6
The Irishman,2019,477331,7.8
Khuda Haafiz: Chapter 2 - Agni Pariksha,2022,15453,7.4
A Thursday,2022,27415,7.6
Defendor,2009,38284,6.7
Paper Lives,2021,15195,6.6
Broker,2022,20968,7.1
The Secret in Their Eyes,2009,244428,8.2
The Good Boss,2021,16802,7.1
50/50,2011,355746,7.6
Seeking a Friend for the End of the World,2012,123627,6.7
I'm Your Man,2021,15543,7.1
One Life,2023,41096,7.5
Frankenstein,2025,331553,7.4
Hit: The First Case,2022,18635,6.8
Animal Kingdom,2010,63764,7.2
Mission Majnu,2023,45664,6.9
Vikram Vedha,2022,27541,7.1
My Policeman,2022,26047,6.6
A Single Man,2009,122572,7.5
The Turin Horse,2011,21631,7.7
Rise of the Planet of the Apes,2011,608696,7.6
Mufasa: The Lion King,2024,84130,6.6
The Concert,2009,19209,7.5
Petite Maman,2021,21123,7.3
Joji,2021,12976,7.7
Swan Song,2021,20083,6.8
In the Heights,2021,56182,7.2
The Beaver,2011,52357,6.6
Gangster Squad,2013,229751,6.7
August: Osage County,2013,100278,7.2
Submarino,2010,12570,7.5
Alone,2008,26131,6.8
God's Crooked Lines,2022,30112,7.1
About Dry Grasses,2023,20012,7.7
Past Lives,2023,176510,7.8
Wake Up Sid,2009,37703,7.6
Red Cliff II,2009,26613,7.5
Dev.D,2009,34608,7.9
Brian and Charles,2022,10422,6.7
Reptile,2023,111252,6.8
The Butler,2013,124238,7.2
New York,2009,13169,6.8
Gainsbourg: A Heroic Life,2010,10668,6.9
Slumberland,2022,36316,6.7
King of Devil's Island,2010,20805,7.4
Never Let Me Go,2010,160950,7.1
Shyam Singha Roy,2021,17135,7.6
"Good Luck to You, Leo Grande",2022,45103,7.2
Jana Gana Mana,2022,22206,8.3
In a Better World,2010,43201,7.6
Tinker Tailor Soldier Spy,2011,227533,7.0
Four Lions,2010,91712,7.3
The Lost King,2022,10759,6.7
Robot Dreams,2023,25560,7.6
The Great Gatsby,2013,647537,7.2
The Girl Who Kicked the Hornet's Nest,2009,77937,7.3
Fortress of War,2010,11287,7.4
Dhadak 2,2025,20605,6.7
Red Rocket,2021,43683,7.1
Ishqiya,2010,11475,7.3
I Saw the Sun,2009,11858,6.6
72 Hoorain,2019,16485,6.9
Dhamaka,2021,44093,6.7
Beau Is Afraid,2023,79848,6.6
The Wandering Earth II,2023,16634,6.7
Ayan,2009,12786,7.7
If I Stay,2014,131714,6.7
The Infiltrator,2016,85510,7.0
Passengers,2016,503096,7.0
Black Mass,2015,203252,6.8
About Elly,2009,61438,7.9
Beasts of No Nation,2015,91984,7.7
Belle,2021,20812,7.0
May December,2023,73723,6.7
Women Talking,2022,85575,6.9
Merantau Warrior,2009,12094,6.7
Nitram,2021,13206,7.1
Cloud Atlas,2012,387813,7.3
This Is Where I Leave You,2014,95841,6.7
Made in Dagenham,2010,16695,7.1
Karthik Calling Karthik,2010,16910,7.2
Dogtooth,2009,124427,7.1
Jaadugar,2022,12327,6.8
The Round Up,2010,9986,7.1
The Whale,2022,308526,7.6
The Adjustment Bureau,2011,284340,7.0
Ip Man 2,2010,117522,7.5
Happening,2021,14042,7.4
India Lockdown,2022,10398,7.1
Anweshippin Kandethum,2024,12655,7.4
We Bought a Zoo,2011,161781,7.0
Prisoners,2013,951465,8.2
Salaar,2023,79453,6.7
Aftershock,2010,10303,7.5
Once Upon a Time in Mumbaai,2010,21533,7.4
Dumb Money,2023,63915,6.8
Twice Born,2012,18083,7.3
Straight Outta Compton,2015,235414,7.8
Winter's Bone,2010,158521,7.1
Bheeshma Parvam,2022,15758,7.5
Hesher,2010,55839,6.9
Paradise: Love,2012,10933,7.0
Wheel of Fortune and Fantasy,2021,11474,7.5
True Grit,2010,378483,7.6
Drive My Car,2021,77635,7.5
Remember Me,2010,165346,7.1
Celeste & Jesse Forever,2012,35258,6.6
Loose Cannons,2010,14137,7.2
The Flowers of War,2011,58660,7.5
Dasvi,2022,62751,7.3
The Outfit,2022,87664,7.2
The Best Exotic Marigold Hotel,2011,104300,7.2
The Great Escaper,2023,10555,7.0
12 Strong,2018,101667,6.6
Rental Family,2025,63808,7.6
Darlings,2022,23512,6.7
A Good Person,2023,29575,7.1
7 Prisoners,2021,10522,7.1
In Darkness,2011,11563,7.3
The Invite,2026,29274,7.8
Bardo: False Chronicle of a Handful of Truths,2022,16647,6.7
The Fabelmans,2022,136525,7.5
Ferry,2021,15303,7.0
Dog Pound,2010,14576,7.0
Even the Rain,2010,15583,7.4
Io Capitano,2023,18191,7.6
Poor Things,2023,420275,7.7
Barney's Version,2010,27469,7.3
I Killed My Mother,2009,32800,7.4
Speak No Evil,2022,65284,6.7
HIT: The 2nd Case,2022,12022,7.2
Mrs. Chatterjee vs. Norway,2023,11309,7.3
Bank of Dave,2023,17198,7.1
Another Year,2010,32308,7.4
Mumbai Diaries,2010,14357,7.0
Disconnect,2012,80479,7.5
Rocket Singh: Salesman of the Year,2009,25279,7.5
Cabrini,2024,10237,7.3
13 Assassins,2010,72117,7.5
Wake Up Dead Man,2025,254988,7.3
Lady Chatterley's Lover,2022,28297,6.6
Sleep Tight,2011,50262,7.2
Cha Cha Real Smooth,2022,31838,7.3
Guzaarish,2010,20981,7.4
Perfect Sense,2011,67549,7.0
Empire of Light,2022,27579,6.7
Little White Lies,2010,28491,7.1
Submarine,2010,101529,7.3
This Must Be the Place,2011,38991,6.7
Last Breath,2025,38711,6.6
Martha Marcy May Marlene,2011,58924,6.8
State of Siege: Temple Attack,2021,10517,7.5
The Way,2010,38540,7.3
Broken,2012,15862,7.2
Quartet,2012,22307,6.8
Salmon Fishing in the Yemen,2011,69235,6.8
Testament of Youth,2014,32028,7.2
The Hedgehog,2009,10232,7.3
Goodbye,2022,12692,6.8
Tár,2022,110612,7.4
Magadheera,2009,28477,7.7
Peepli Live,2010,13302,7.4
The Help,2011,531477,8.1
Gravity,2013,904354,7.7
Boy Wonder,2010,9870,6.8
La Chimera,2023,22930,7.3
We Have a Pope,2011,15364,6.7
Goon,2011,94544,6.8
The Next Three Days,2010,216234,7.3
Outrage,2010,15715,6.8
Buried,2010,177173,7.0
The Odd Life of Timothy Green,2012,50471,6.6
The Grandmaster,2013,38947,6.6
The Eight Mountains,2022,19854,7.7
Swatantrya Veer Savarkar,2024,18294,7.7
Turnabout,2016,17090,6.9
The Art of Racing in the Rain,2019,49452,7.6
Happythankyoumoreplease,2010,31039,6.7
Vortex,2021,11120,7.4
Lebanon,2009,12336,6.9
The Holdovers,2023,272352,7.9
The Greatest Showman,2017,351657,7.5
Burning Days,2022,15057,7.4
Guillermo del Toro's Pinocchio,2022,166487,7.6
Hamnet,2025,129164,7.8
The Iceman,2012,84273,6.8
Satyaprem Ki Katha,2023,31881,6.6
I'm Still Here,2024,170875,8.1
Restless,2011,18791,6.7
Castaway on the Moon,2009,21182,7.9
The Beasts,2022,26242,7.5
The King's Speech,2010,735572,8.0
Le Havre,2011,25570,7.2
Jai Bhim,2021,235667,8.6
The Quiet Girl,2022,29558,7.7
"Monica, O My Darling",2022,24336,7.4
Freddy,2022,36814,7.3
A Star Is Born,2018,451652,7.6
Anonymous,2011,43470,6.8
Dune: Part Two,2024,784048,8.4
The First Slam Dunk,2022,13210,8.0
Emily the Criminal,2022,67898,6.7
Pain Hustlers,2023,56049,6.6
Mili,2022,11795,6.7
Melancholia,2011,209487,7.1
The Man from Nowhere,2010,81275,7.7
No Other Choice,2025,71891,7.5
Trust,2010,46351,6.8
"Argentina, 1985",2022,36750,7.6
The Disappearance of Eleanor Rigby: Him,2013,10788,6.8
Beginners,2010,97757,7.2
Kantara,2022,117722,8.1
Paa,2009,13134,7.1
Let the Bullets Fly,2010,14574,7.3
Shaolin,2011,20843,6.8
Marcel the Shell with Shoes On,2021,34275,7.6
Champions,2023,36890,6.8
20th Century Girl,2022,16151,7.4
Elysium,2013,493985,6.6
Jawan,2023,112345,6.9
Merry Christmas,2024,30699,6.9
Oppenheimer,2023,1083772,8.2
The Bengal Files,2025,12537,6.9
127 Hours,2010,426859,7.5
Vaathi,2023,12072,7.3
Jules,2023,19638,6.8
Kho Gaye Hum Kahan,2023,31832,7.3
Dasara,2023,12485,6.6
Athena,2022,25967,6.8
Cairo Conspiracy,2022,9731,6.9
Point Blank,2010,15197,6.8
Another Earth,2011,104826,6.9
Drishyam 2,2022,52811,8.2
Café de Flore,2011,17431,7.3
Chhatriwali,2023,11270,6.6
A Better Life,2011,17137,7.2
Elite Squad 2: The Enemy Within,2010,92862,8.0
Caddo Lake,2024,58792,6.8
Vavien,2009,14875,7.5
Boy,2010,31790,7.5
The Master,2012,202763,7.1
Zindagi Na Milegi Dobara,2011,96975,8.2
One Day,2011,180911,7.0
Dolphin Tale,2011,27008,6.8
Chup,2022,27747,7.4
Leo,2023,74659,7.2
Get the Gringo,2012,115098,6.9
The Girl with the Dragon Tattoo,2011,531560,7.8
War Horse,2011,174293,7.2
The Secret World of Arrietty,2010,118568,7.6
"Crazy, Stupid, Love.",2011,626373,7.4
The Skeleton Twins,2014,47060,6.8
OMG 2,2023,47850,7.5
Jaane Jaan,2023,16994,7.0
The Last Kingdom: Seven Kings Must Die,2023,44511,6.9
I Used to Be Famous,2022,12755,6.6
Puncture,2011,25717,6.8
Catfish,2010,43887,7.1
Maleficent,2014,427011,6.9
Of Gods and Men,2010,16833,7.2
Uncle Boonmee Who Can Recall His Past Lives,2010,19082,6.7
Rye Lane,2023,16513,7.2
Confessions,2010,45545,7.6
Ask Your Heart,2010,10163,7.9
Ghoomer,2023,12878,7.5
Pawn Sacrifice,2014,54679,7.0
Soul Surfer,2011,56097,7.0
The Big Short,2015,545177,7.8
Kishkindha Kaandam,2024,17375,8.0
Contagion,2011,333001,6.8
The Drop,2014,170942,7.0
Heartbeats,2010,31222,7.0
The Grey,2011,275635,6.7
Albert Nobbs,2011,26705,6.7
Amour,2012,111060,7.9
Frank,2014,84831,6.9
That's What I Am,2011,11310,7.0
My Way,2011,13540,7.6
The Vow,2012,215152,6.8
Win Win,2011,56392,7.1
Band Baaja Baaraat,2010,19894,7.2
Kon-Tiki,2012,54799,7.1
Margin Call,2011,163857,7.1
Jackie,2016,87379,6.6
Bleed for This,2016,33761,6.8
Monpura,2009,10022,8.8
North Sea Texas,2011,11056,7.1
Passages,2023,14895,6.6
Hector and the Search for Happiness,2014,53035,6.9
Society of the Snow,2023,176554,7.8
Tere Bin Laden,2010,11173,7.2
Miss Lovely,2012,19773,7.3
Chasing Mavericks,2012,36350,7.1
Courageous,2011,22903,6.9
F1: The Movie,2025,384946,7.6
Cold Fish,2010,16272,7.1
Montevideo: Taste of a Dream,2010,13787,8.1
Tallulah,2016,22514,6.7
Udaan,2010,50257,8.1
The Legend Is Born: Ip Man,2010,33328,7.0
Air,2023,197670,7.4
Challengers,2024,182876,7.0
Suzume,2022,65064,7.6
Bedevilled,2010,19715,7.2
Million Dollar Arm,2014,49560,7.0
Fisherman's Friends,2019,13089,7.0
Three Steps Above Heaven,2010,31480,6.7
The Impossible,2012,265938,7.5
Vedam,2010,9564,8.1
Laurence Anyways,2012,23309,7.6
Goodbye Christopher Robin,2017,31928,7.1
My Week with Marilyn,2011,91685,6.9
The Age of Adaline,2015,231123,7.2
The Artist,2011,256101,7.8
Freeheld,2015,13819,6.6
The Perks of Being a Wallflower,2012,603170,7.9
The Animal Kingdom,2023,12239,6.7
Cinderella,2015,206402,6.9
Their Finest,2016,22389,6.8
Polisse,2011,16405,7.3
The Revenant,2015,957756,8.0
Chicken with Plums,2011,10433,7.0
Hunting Season,2010,39744,7.4
Sarah's Key,2010,18760,7.5
The Sapphires,2012,15990,7.1
Hannah Arendt,2012,12596,7.1
Take Shelter,2011,116862,7.3
The Intouchables,2011,1037628,8.5
Stoker,2013,121219,6.7
Bully,2011,10707,7.3
Detachment,2011,113327,7.7
The Fall Guy,2024,271686,6.8
Simple Simon,2010,10921,7.0
Life in a Day,2011,15792,7.6
Hell,2010,14049,7.7
Carnage,2011,138936,7.1
Tanu Weds Manu,2011,18123,6.8
The Night of the 12th,2022,13479,7.0
DogMan,2023,23229,6.8
Anatomy of a Fall,2023,235909,7.6
Day of the Falcon,2011,13235,6.6
The Way He Looks,2014,29823,7.9
Safe Haven,2013,122065,6.7
The Hunter,2011,42910,6.7
Chinese Take-Away,2011,20869,7.3
Chronicle,2012,279319,7.0
Snowpiercer,2013,423989,7.1
Les Misérables,2012,364070,7.5
13 Minutes,2015,10658,7.0
The Spectacular Now,2013,169260,7.0
Weekend,2011,34823,7.6
Only Lovers Left Alive,2013,116357,7.2
People Like Us,2012,45160,7.0
Dragon,2011,16541,7.0
Shame,2011,218379,7.2
Killer Joe,2011,89100,6.7
The Way Way Back,2013,164710,7.4
Jeanne du Barry,2023,16853,6.7
Bohemian Rhapsody,2018,652238,7.9
Hara-Kiri: Death of a Samurai,2011,10232,7.3
The Zookeeper's Wife,2017,49417,7.0
No One Killed Jessica,2011,13270,7.2
Eden,2012,10023,6.6
Saltburn,2023,269797,7.0
"Oslo, August 31st",2011,34543,7.6
The Trip,2010,24272,7.0
Troll Hunter,2010,83731,6.9
Jersey Boys,2014,38583,6.8
Your Sister's Sister,2011,29214,6.7
The Tribe,2014,12760,6.9
Top Gun: Maverick,2022,898790,8.2
Moonrise Kingdom,2012,384420,7.7
Horizon: An American Saga - Chapter 1,2024,46024,6.6
The Substance,2024,456562,7.2
A Dog's Purpose,2017,87523,7.3
Dookudu,2011,15000,7.4
Starbuck,2011,17555,7.2
Avatar: Fire and Ash,2025,203392,7.2
Like Crazy,2011,64762,6.6
Daman,2022,14284,8.5
Ill Manors,2012,11649,7.1
The First Time,2012,75907,6.8
Arbitrage,2012,58048,6.6
The Giant Mechanical Man,2012,11261,6.7
The Hidden Face,2011,49868,7.3
Stonehearst Asylum,2014,65290,6.8
Danny Collins,2015,35117,7.0
Where Do We Go Now?,2011,14165,7.4
United,2011,14007,7.3
Anna Karenina,2012,112771,6.6
Hands of Stone,2016,18769,6.6
No Escape,2015,99336,6.8
The Parade,2011,13819,7.3
CBGB,2013,12073,6.6
Talaash: The Answer Lies Within,2012,48940,7.3
Zero Dark Thirty,2012,343388,7.4
Inherent Vice,2014,120343,6.6
Wild Bill,2011,15260,7.2
I Want You,2012,17856,6.7
From Up on Poppy Hill,2011,60148,7.4
Rudderless,2014,20235,7.4
Southpaw,2015,281309,7.3
Her,2013,731638,8.0
American Hustle,2013,520975,7.2
Gold,2016,74737,6.7
The Lady,2011,11702,7.0
Love Likes Coincidences,2011,20697,7.2
Losers' Club,2011,27155,7.4
Suicide Room,2011,12658,6.6
Unbroken,2014,199940,7.2
Little Boy,2015,25076,7.3
The Place Beyond the Pines,2012,311775,7.3
Nebraska,2013,129193,7.7
Bullhead,2011,25221,7.3
To Strike,2013,30027,7.4
Chappie,2015,285345,6.8
Once Upon a Time in Anatolia,2011,54377,7.8
The Kid with a Bike,2011,29609,7.4
Delicacy,2011,14425,6.6
A Separation,2011,279609,8.3
The Informer,2019,46609,6.6
If I Had Legs I'd Kick You,2025,39930,6.6
Last Love,2013,14118,6.7
Ruby Sparks,2012,109654,7.2
Children Who Chase Lost Voices,2011,18714,7.1
Rockstar,2011,55987,7.8
The Magic of Belle Isle,2012,22412,7.0
Divergent,2014,521444,6.6
The Words,2012,84985,7.0
Kathal: A Jackfruit Mystery,2023,10770,6.7
Like Someone in Love,2012,13875,7.0
Metro Manila,2013,9646,7.6
Tomboy,2011,23435,7.4
Agneepath,2012,29000,6.9
Django Unchained,2012,1904694,8.5
You're Next,2011,120205,6.6
Snow White,2012,12194,7.5
Holy Spider,2022,32416,7.3
End of Watch,2012,294690,7.6
My Old Ass,2024,48284,6.9
The Boys in the Boat,2023,30635,7.0
Blade Runner 2049,2017,764064,8.0
Kaun Pravin Tambe?,2022,11803,8.3
Kiss Me,2011,12877,6.8
The Highwaymen,2019,114621,6.9
Deepwater Horizon,2016,201362,7.1
Safety Not Guaranteed,2012,135619,6.9
Song of the Sea,2014,68768,8.0
The Sessions,2012,45111,7.2
The East,2013,54231,6.8
The Judge,2014,220431,7.4
Liberal Arts,2012,42238,6.7
Into the White,2012,23550,7.1
The Batman,2022,942364,7.8
The Edge of Seventeen,2016,152669,7.3
Operation Mincemeat,2021,44521,6.6
Kodachrome,2017,21811,6.9
Sick of Myself,2022,24156,7.1
A Pigeon Sat on a Branch Reflecting on Existence,2014,20633,6.9
Pearl,2022,162894,7.0
The Last Letter from Your Lover,2021,25516,6.7
Brimstone,2016,49697,7.0
Spotlight,2015,539048,8.1
Fly Me to the Moon,2024,59903,6.6
Flight,2012,399823,7.3
The Chef,2012,18950,6.6
The Call,2013,135428,6.7
God Bless America,2011,74719,7.1
Trash,2014,23777,7.1
The Angels' Share,2012,28358,7.0
The Best Offer,2013,138149,7.7
Trance,2013,121306,6.9
Elena,2011,16162,7.3
Pyaar Ka Punchnama,2011,23722,7.6
Seven Psychopaths,2012,289730,7.1
What Maisie Knew,2012,29499,7.4
Mud,2012,200910,7.3
Miss Peregrine's Home for Peculiar Children,2016,210251,6.7
Chinese Puzzle,2013,15935,6.9
The Body,2012,80177,7.6
Now Is Good,2012,35775,7.0
Nymphomaniac: Vol. I,2013,139658,6.9
Indie Game: The Movie,2012,21746,7.6
Singham,2011,22679,6.8
Ford v Ferrari,2019,582225,8.1
The Immigrant,2013,35346,6.6
Borgman,2013,19956,6.7
A Coffee in Berlin,2012,18352,7.3
Inside,2012,12296,7.0
Godland,2022,9844,7.1
Love Lies Bleeding,2024,65192,6.6
In the House,2012,36131,7.3
EO,2022,17243,6.7
Leila's Brothers,2022,19352,7.9
Labor Day,2013,56956,6.9
Infinitely Polar Bear,2014,17873,6.9
Return to Seoul,2022,10793,6.9
A Most Wanted Man,2014,85152,6.7
King Arthur: Legend of the Sword,2017,249014,6.7
Into the Abyss,2011,18115,7.3
The Best of Me,2014,81623,6.7
Bawaal,2023,17704,6.6
The Taste of Things,2023,21442,7.4
Aftersun,2022,131853,7.6
Rurouni Kenshin Part I: Origins,2012,31626,7.4
Rush,2013,564507,8.1
Begin Again,2013,177662,7.4
The Young and Prodigious T.S. Spivet,2013,21640,7.0
Wicked: For Good,2025,72532,6.6
Memory,2023,10689,6.7
The Upside,2017,70636,7.1
The Old Oak,2023,14977,7.1
Robot & Frank,2012,67437,7.0
Lore,2012,16564,7.1
The 33,2015,41994,6.9
Behzat Ç.: I Buried You in My Heart,2011,10998,7.5
Knox Goes Away,2023,31109,7.0
Monsieur Lazhar,2011,21941,7.5
The Wind Rises,2013,114652,7.8
All Is Lost,2013,88161,6.9
Conclave,2024,285690,7.4
The Broken Circle Breakdown,2012,45440,7.7
12 Years a Slave,2013,792287,8.1
The Finest Hours,2016,75076,6.7
The Reluctant Fundamentalist,2012,15340,6.8
Starlet,2012,10938,7.0
You Are the Apple of My Eye,2011,12484,7.5
Inside Llewyn Davis,2013,172807,7.4
Rust and Bone,2012,73205,7.4
Side Effects,2013,206521,7.0
The Promised Land,2023,41610,7.7
Eye in the Sky,2015,96559,7.3
The Railway Man,2013,44663,7.1
No,2012,27258,7.4
To the Forest of Firefly Lights,2011,25724,7.8
Smashed,2012,18509,6.7
Rocketman,2019,211240,7.3
Silenced,2011,28102,8.0
Business Man,2012,12579,7.2
Shanghai,2012,11340,7.2
Holy Motors,2012,51560,7.0
Ip Man 4: The Finale,2019,41427,7.0
Sleepwalk with Me,2012,12432,6.7
The Phantom of the Opera at the Royal Albert Hall,2011,10927,8.8
Steve Jobs,2015,188014,7.2
Always,2011,12765,7.7
Barfi!,2012,94547,8.1
The Best Man Holiday,2013,17935,6.6
Trouble with the Curve,2012,72561,6.8
The Imitation Game,2014,882956,8.0
Sita Ramam,2022,85047,8.5
Promised Land,2012,41129,6.6
Much Ado About Nothing,2012,17457,7.0
"McFarland, USA",2015,46885,7.4
The Physician,2013,45745,7.2
Fallen Leaves,2023,37132,7.2
Dawn of the Planet of the Apes,2014,514056,7.6
The Iron Claw,2023,121069,7.5
The Hunt,2012,415623,8.3
A Different Man,2024,39403,6.9
The Lost Bus,2025,56097,6.8
All of Us Strangers,2023,80491,7.6
Hacksaw Ridge,2016,692397,8.1
Force Majeure,2014,73322,7.2
Beasts of the Southern Wild,2012,86975,7.2
Mission Raniganj,2023,20480,7.2
I Was a Stranger,2024,13197,8.1
Born to Be Blue,2015,9850,6.8
Wolf Children,2012,55524,8.1
Saving Mr. Banks,2013,176355,7.5
Tanu Weds Manu Returns,2015,30807,7.6
The Accountant,2016,400960,7.3
How to Blow Up a Pipeline,2022,12633,6.8
The Bikeriders,2023,79110,6.6
My Grandfather's People,2011,12412,8.0
Lost Ladies,2023,61660,8.3
Sector 36,2024,27365,7.1
Drug War,2012,11561,7.0
Tracks,2013,33308,7.1
Bad Words,2013,58491,6.7
St. Vincent,2014,114220,7.2
The Life List,2025,42356,6.8
Jab Tak Hai Jaan,2012,63051,6.7
Yeh Jawaani Hai Deewani,2013,58708,7.3
Barbara,2012,17302,7.2
The Kings of Summer,2013,87869,7.1
What's in a Name?,2012,20323,7.3
American Sniper,2014,574117,7.3
There's Still Tomorrow,2023,18671,7.7
Nanban,2012,18428,7.8
Saw X,2023,99607,6.6
Shahid,2012,21658,8.2
English Vinglish,2012,45354,7.8
A Real Pain,2024,165099,7.0
Love at First Sight,2023,43693,6.8
BlackBerry,2023,71938,7.3
The Coffee Table,2022,14899,6.7
Neighboring Sounds,2012,9810,7.1
A Million Miles Away,2023,26759,7.3
Dream Scenario,2023,96135,6.8
About Time,2013,439683,7.8
Zwigato,2022,11244,6.6
Snack Shack,2024,18333,7.0
Aashiqui 2,2013,38824,7.1
Stuck in Love.,2012,96008,7.2
Before Midnight,2013,187614,7.9
Kai Po Che,2013,40189,7.8
A Hijacking,2012,18047,7.1
Captain Miller,2024,14398,7.1
Louder Than Bombs,2015,15448,6.6
Ustad Hotel,2012,19008,8.2
Draft Day,2014,73686,6.8
Robber,2013,18367,7.4
Chor Nikal Ke Bhaga,2023,56614,7.2
Table No. 21,2013,16182,7.2
Calvary,2014,68421,7.4
Ponniyin Selvan: Part Two,2023,19979,7.2
Miss You Already,2015,20748,6.8
When the Game Stands Tall,2014,17759,6.6
Love Today,2022,18663,8.0
Zulu,2013,20989,6.7
Maaveeran,2023,11790,7.4
Beyond the Hills,2012,13977,7.5
Eega,2012,30807,7.7
Wadjda,2012,22539,7.5
The Gilded Cage,2013,10983,7.1
Gone Girl,2014,1182015,8.1
These Final Hours,2013,20473,6.6
Hunger,2023,22665,6.6
The Grand Budapest Hotel,2014,982971,8.1
Blue Is the Warmest Colour,2013,174324,7.6
OMG: Oh My God!,2012,71755,8.1
Pieta,2012,16847,7.1
The Dance of Reality,2013,10035,7.4
I,2015,25845,7.4
The Selfish Giant,2013,13280,7.3
Mandela: Long Walk to Freedom,2013,30163,7.1
Wild,2014,147100,7.1
Nickel Boys,2024,24542,6.9
Big Bad Wolves,2013,18489,6.8
A Werewolf Boy,2012,9833,7.2
Enemy,2013,243283,6.8
Vicky Donor,2012,48164,7.7
Out in the Dark,2012,9995,7.5
My Life as a Zucchini,2016,33323,7.8
The Babadook,2014,271995,6.8
A Girl Walks Home Alone at Night,2014,41613,6.9
Godzilla Minus One,2023,229197,7.6
"Like Father, Like Son",2013,31242,7.8
Fruitvale Station,2013,92780,7.5
Blue Jasmine,2013,220671,7.3
PK,2014,225193,8.1
Sarfira,2024,14206,6.9
Frances Ha,2012,103097,7.4
The Lunchbox,2013,69410,7.8
Flu,2013,15950,6.6
True Spirit,2023,12540,6.8
The Vaccine War,2023,25426,7.1
American Fiction,2023,156382,7.5
Bhaag Milkha Bhaag,2013,79673,8.2
Lucia,2013,13929,8.3
The Great Beauty,2013,106947,7.7
Blue Ruin,2013,87367,7.1
Raanjhanaa,2013,38439,7.6
The Intern,2015,313147,7.1
We Are the Best!,2013,11812,7.1
A Private War,2018,22737,6.7
Short Term 12,2013,95945,7.9
2 States,2014,28621,6.9
Monster,2023,42908,7.8
Memoir of a Snail,2024,26365,7.8
Special 26,2013,62795,8.0
Nr. 24,2024,20796,7.5
Instructions Not Included,2013,34678,7.5
The Glass Castle,2017,41434,7.1
Srikanth,2024,14730,7.4
Coco,2017,721482,8.4
Words and Pictures,2013,12037,6.6
Brooklyn,2015,159186,7.5
Focus,2015,296699,6.6
Nymphomaniac: Vol. II,2013,104356,6.6
Joe,2013,53746,6.8
12th Fail,2023,175609,8.7
Cheap Thrills,2013,21593,6.7
Enough Said,2013,70580,7.0
Still Life,2013,9851,7.4
Gully Boy,2019,47781,7.9
Mudbound,2017,57914,7.4
Predestination,2014,338153,7.4
An Officer and a Spy,2019,23437,7.2
The Homesman,2014,38776,6.6
The Invitation,2015,130691,6.6
Anomalisa,2015,79049,7.2
Carol,2015,154638,7.3
Belle,2013,35077,7.3
Woman in Gold,2015,66324,7.3
The Magnificent Seven,2016,247870,6.9
The Past,2013,52615,7.7
Troop Zero,2019,13118,6.9
Venus in Fur,2013,22146,7.1
Reality,2023,30969,6.7
Humanist Vampire Seeking Consenting Suicidal Person,2023,12521,7.0
Jigarthanda Double X,2023,12031,8.0
Gabbar Is Back,2015,29791,7.0
Gloria,2013,9916,6.9
The Kerala Story,2023,80650,6.7
Tom at the Farm,2013,20272,6.9
Philomena,2013,107594,7.6
Department Q: The Keeper of Lost Causes,2013,36529,7.2
The Six Triple Eight,2024,32617,6.7
Joy,2015,153025,6.6
Sirf Ek Bandaa Kaafi Hai,2023,31275,8.0
Respect,2021,19719,6.6
Clouds of Sils Maria,2014,32672,6.7
The Fundamentals of Caring,2016,87874,7.3
Evangelion: 3.0+1.0 Thrice Upon a Time,2021,18753,8.0
Copenhagen,2014,14317,7.0
Human Capital,2013,14192,7.2
The Mountain,2012,26259,7.5
Get on Up,2014,27397,6.9
Mr. Turner,2014,28786,6.8
"Extremely Wicked, Shockingly Evil and Vile",2019,113196,6.7
5 to 7,2014,22498,7.1
The Square,2013,9592,8.0
Bone Tomahawk,2015,141707,7.1
Eternity,2025,65746,6.9
Burnt,2015,144032,6.6
Kannur Squad,2023,12566,7.6
Arrival,2016,874843,7.9
Hi Nanna,2023,26975,8.3
Wonder,2017,198537,7.9
Viduthalai Part 2,2024,18351,7.5
The Admiral,2015,11115,7.0
Blackfish,2013,76882,8.1
The Light Between Oceans,2016,63366,7.2
Arrambam,2013,11038,7.0
Birdman or (The Unexpected Virtue of Ignorance),2014,701805,7.7
Starred Up,2013,51788,7.3
The Tale of The Princess Kaguya,2013,62796,8.0
Me and Earl and the Dying Girl,2015,145110,7.7
Fathers & Daughters,2015,31113,7.0
Hell or High Water,2016,280539,7.6
Whiplash,2014,1173768,8.5
The Fault in Our Stars,2014,426966,7.6
Jojo Rabbit,2019,492292,7.9
The Garden of Words,2013,61205,7.4
The Butterfly's Dream,2013,26317,7.6
Virgin Mountain,2015,10455,7.4
'71,2014,65176,7.2
Blind,2014,9542,6.8
Free Fall,2013,24701,7.5
Jolly LLB,2013,25541,7.5
The Diplomat,2025,17039,7.0
New World,2013,29095,7.5
Baahubali: The Beginning,2015,155827,8.0
Love Is Strange,2014,13804,6.7
Code 3,2025,20936,7.2
Kantara: A Legend - Chapter 1,2025,58334,8.1
Afire,2023,11477,7.0
The Count of Monte Cristo,2024,49882,7.6
Manjummel Boys,2024,34664,8.2
Midnight Special,2016,86991,6.6
The Dark Valley,2014,15339,7.1
The Good Lie,2014,36003,7.4
Maharaja,2024,84438,8.3
Miracle in Cell No. 7,2013,26383,8.1
Forgotten Love,2023,14171,7.5
The Teachers' Lounge,2023,31219,7.4
The Order,2024,63972,6.8
Amar Singh Chamkila,2024,17862,7.8
The Penguin Lessons,2024,12262,7.1
Fences,2016,126167,7.2
Homebound,2025,14264,7.9
Me Before You,2016,341160,7.4
Madgaon Express,2024,42932,7.0
Meiyazhagan,2024,23597,8.5
Saripodhaa Sanivaaram,2024,13782,7.1
Locke,2013,170255,7.1
Vettaiyan,2024,41334,6.8
Sky Force,2025,14011,6.8
Life of a King,2013,9829,6.9
Amaran,2024,24371,8.1
We Live in Time,2024,74613,7.0
Fury,2014,615764,7.6
Ida,2013,63440,7.4
Small Things Like These,2024,39356,6.7
Everest,2015,248793,7.1
The Salvation,2014,46776,6.7
Sitaare Zameen Par,2025,34161,6.9
What We Did on Our Holiday,2014,26247,6.9
The Longest Ride,2015,95282,7.0
Kneecap,2024,25699,7.6
"Two Days, One Night",2014,52464,7.3
Juror #2,2024,129654,7.0
Bramayugam,2024,18412,7.7
Chandu Champion,2024,36696,7.8
Perfect Days,2023,109843,7.9
Young & Beautiful,2013,41184,6.7
Rosewater,2014,11180,6.6
Speak No Evil,2024,145296,6.8
Chithha,2023,9605,8.2
Lucky Baskhar,2024,43082,8.0
The Housemaid,2025,185864,6.7
The One I Love,2014,47690,7.0
Winter Sleep,2014,59327,8.0
Bacurau,2019,35255,7.3
T2 Trainspotting,2017,142360,7.1
Phoenix,2014,22270,7.3
Saturday Night,2024,40017,6.8
The Ballad of Wallis Island,2025,25367,7.4
Veronica Mars,2014,57149,6.7
Sentimental Value,2025,86462,7.7
Kaiva,2023,69656,7.7
Left-Handed Girl,2025,9599,7.3
Thank You for Your Service,2017,17429,6.6
The Last Viking,2025,16279,7.1
The Secret Agent,2025,61130,7.2
The Little Death,2014,28754,7.0
Deva,2025,30217,6.6
Kaalidhar Laapata,2025,10266,7.6
Chhaava,2025,45145,7.3
Agni,2024,15463,7.1
Annihilation,2018,397161,6.8
Leviathan,2014,60432,7.6
Fukrey,2013,14379,6.9
September 5,2024,37739,7.1
Is This Thing On?,2025,18888,6.7
Raid 2,2025,36873,6.6
Punjab '95,2026,105953,8.9
Parking,2023,14078,7.8
Surongo,2023,30806,6.9
Madharaasi,2025,10628,6.7
Kill,2023,47463,7.4
Bird,2024,13116,7.0
Nonnas,2025,48840,6.8
Neru,2023,11332,7.5
White God,2014,17719,6.8
Oficina do Diabo,2025,35405,7.9
Sing Sing,2023,30418,7.6
Evil Does Not Exist,2023,13583,7.0
His Three Daughters,2023,22204,7.1
Stolen,2023,9838,7.5
Kaantha,2025,10010,7.2
A Touch of Sin,2013,14052,7.1
Omar,2013,16331,7.5
Stranger by the Lake,2013,17829,6.9
Madras Cafe,2013,26764,7.6
Anora,2024,302444,7.4
Wish I Was Here,2014,39857,6.6
Mistress America,2015,29766,6.7
Nightcrawler,2014,677514,7.8
Red Sparrow,2018,219117,6.6
Ugly,2013,25552,7.9
Black or White,2014,14574,6.7
Chef,2014,253193,7.3
Macbeth,2015,61999,6.6
I Origins,2014,142067,7.3
99 Homes,2014,41877,7.1
Thou Gild'st the Even,2013,11388,7.6
Obvious Child,2014,27247,6.7
The Dressmaker,2015,71335,7.0
"20,000 Days on Earth",2014,12365,7.4
The Children's Train,2024,10318,7.4
Manam,2014,13351,8.0
The Ugly Stepsister,2025,47711,7.0
Far from the Madding Crowd,2015,57948,7.1
Far from Men,2014,9540,7.2
A Most Violent Year,2014,82146,6.9
Maareesan,2025,9955,7.4
The Room Next Door,2024,28613,6.8
Nuremberg,2025,113114,7.3
The Road Within,2014,17176,7.0
Comet,2014,20429,6.7
The Trip to Italy,2014,16547,6.6
Train Dreams,2025,113123,7.5
The Theory of Everything,2014,509789,7.7
The Hundred-Foot Journey,2014,91783,7.3
Highway,2014,33041,7.6
Patema Inverted,2013,11412,7.3
Carrie Pilby,2016,14340,6.7
Tangerines,2013,51952,8.1
Camp X-Ray,2014,44525,6.8
Mary Kom,2014,12199,6.8
The Water Diviner,2014,81265,7.0
Ponman,2025,9811,7.5
Wild Tales,2014,240596,8.1
Faults,2014,11630,6.7
Rurouni Kenshin: The Legend Ends,2014,16364,7.5
Rurouni Kenshin Part II: Kyoto Inferno,2014,20266,7.5
Dìdi,2024,16561,7.3
Song Sung Blue,2025,30601,7.3
Dacoit: A Love Story,2026,9978,7.4
Who Am I,2014,67338,7.4
Attarintiki Daredi,2013,10706,7.3
Before I Disappear,2014,10796,7.2
Man Up,2015,59723,6.8
Creed,2015,338450,7.6
Suffragette,2015,46676,6.9
Miss Violence,2013,12003,7.0
Kaam Chalu Hai,2024,14172,7.0
Crazxy,2025,18073,6.6
The Treatment,2014,10961,7.1
Article 370,2024,28828,7.8
Black Bag,2025,96996,6.7
My Favourite Cake,2024,10582,7.4
Crazy Rich Asians,2018,210792,6.9
The Tender Bar,2021,37606,6.7
Eddington,2025,63997,6.6
Beyond the Lights,2014,18304,6.8
Twinless,2025,15938,7.3
The Miracle,2015,15826,7.6
Raja Shivaji,2026,23554,6.7
How to Make Millions Before Grandma Dies,2024,22994,7.9
Department Q: The Absent One,2014,29093,7.1
A Small September Affair,2014,11858,7.1
Warfare,2025,115516,7.1
Tamasha,2015,36834,7.4
A Brilliant Young Mind,2014,31377,7.1
I Swear,2025,57360,8.4
Hope,2013,12339,8.2
Tanvi: The Great,2025,11970,6.8
Mr. Holmes,2015,70478,6.8
Nouvelle Vague,2025,11840,7.3
Pride,2014,65542,7.8
Room,2015,483390,8.1
Theeb,2014,12000,7.1
Look Back,2024,23503,7.8
The Diary of a Teenage Girl,2015,35696,6.8
The Villain,2014,25529,6.6
"Men, Women & Children",2014,35075,6.6
The Wonderful Story of Henry Sugar and Three More,2024,13272,7.1
Downton Abbey: The Grand Finale,2025,19464,7.3
Springsteen: Deliver Me from Nowhere,2025,28637,6.6
Thudarum,2025,15424,7.5
Palm Trees in the Snow,2015,13221,7.3
Trumbo,2015,87897,7.4
Slow West,2015,50403,6.9
Black '47,2018,14333,6.8
Dragon,2025,19205,7.8
All We Imagine as Light,2024,14208,7.0
The Seed of the Sacred Fig,2024,20950,7.5
Late Shift,2025,10886,7.7
A Beautiful Day in the Neighborhood,2019,95271,7.2
Rekhachithram,2025,18120,7.8
Sirat,2025,36300,7.0
Pillion,2025,22772,6.9
Christy,2025,18553,6.6
Spare Parts,2015,12452,7.3
I'll See You in My Dreams,2015,9872,6.7
Crime 101,2026,91270,6.8
Blue Moon,2025,25629,6.8
Pressure,2026,21425,7.3
Loving Vincent,2017,68731,7.8
"Kumiko, The Treasure Hunter",2014,13070,6.6
Sully,2016,324914,7.4
Trial by Fire,2018,16350,7.1
The Rip,2026,141690,6.8
Sipahi,2024,13879,7.1
The Assessment,2024,24823,6.6
Little Women,2019,287271,7.7
Behzat Ç.: Ankara Is on Fire,2013,15825,7.4
"Sorry, Baby",2025,25554,7.1
Marty Supreme,2025,210683,7.6
Rams,2015,15803,7.2
The 12th Man,2017,32517,7.3
The Drama,2026,107895,7.1
Remarkably Bright Creatures,2026,46445,7.7
Youth,2015,89137,7.3
Logan,2017,935577,8.1
Still Alice,2014,151367,7.5
Concussion,2015,105500,7.1
Queen,2013,71662,8.1
Tuner,2025,22145,7.2
Court - State Vs. A Nobody,2025,12400,7.9
Stand by Me Doraemon,2014,11293,7.4
The Secret Scripture,2016,9734,6.7
Tolkien,2019,51736,6.8
Max,2015,31272,6.6
Stan & Ollie,2018,41807,7.2
A United Kingdom,2016,17820,6.9
Haider,2014,61483,8.0
Ulidavaru Kandanthe,2014,10248,8.3
Spring,2014,34262,6.7
Sicario,2015,546078,7.7
When Marnie Was There,2014,56013,7.6
Samba,2014,18054,6.7
Raees,2017,55207,6.6
Timbuktu,2014,19068,7.1
Rocky Handsome,2016,10121,6.8
A Monster Calls,2016,99471,7.4
The End of the Tour,2015,34949,7.2
Drishyam,2013,49458,8.4
Finch,2021,113129,6.9
Mahavatar Narsimha,2024,48404,8.5
Heel,2025,15254,6.8
Detective Byomkesh Bakshy!,2015,25759,7.6
Matilda: The Musical,2022,33703,7.0
Manjhi: The Mountain Man,2015,21375,8.0
War for the Planet of the Apes,2017,329185,7.4
The Hateful Eight,2015,728184,7.8
The Shadow's Edge,2025,13713,7.0
The Blue Elephant,2014,31309,8.0
The Lobster,2015,336820,7.1
"Black Coal, Thin Ice",2014,10375,6.7
My King,2015,15216,7.1
La Grazia,2025,10788,7.3
The Walk,2015,142089,7.3
Tourist Family,2025,16124,8.2
Mardaani,2014,15753,7.3
Fan,2016,53943,6.8
Dum Laga Ke Haisha,2015,22668,7.4
The Perfect Neighbor,2025,33242,7.1
Race,2016,44215,7.1
Cocktail 2,2026,26475,7.6
Richard Jewell,2019,107945,7.5
The Disaster Artist,2017,172565,7.3
The Admiral: Roaring Currents,2014,14213,7.1
45 Years,2015,36812,7.1
Sing Street,2016,108631,7.9
The Bélier Family,2014,31528,7.3
Whiskey Tango Foxtrot,2016,59223,6.6
Captain Fantastic,2016,252480,7.8
The Fool,2014,18709,7.9
Kesari Chapter 2: The Untold Story of Jallianwala Bagh,2025,16147,7.9
Legend,2015,225905,6.9
Jigarthanda,2014,14889,8.2
Goodbye June,2025,10597,6.7
A Perfect Day,2015,24731,6.8
West Side Story,2021,144570,7.1
A Street Cat Named Bob,2016,37274,7.3
Mommy,2014,65976,8.0
Ankhon Dekhi,2013,13871,7.9
The Wave,2015,46684,6.6
Kilo Two Bravo,2014,15738,7.1
Closet Monster,2015,9792,7.0
Allied,2016,181150,7.1
Let's Sin,2014,14626,7.7
It Was Just an Accident,2025,38257,7.4
Girlhood,2014,10603,6.9
The Martian,2015,1024752,8.0
The Dig,2021,90216,7.1
The One and Only Ivan,2020,14272,6.6
Ohh My Dog,2026,14529,8.6
Haq,2025,16754,7.8
The Red Turtle,2016,42516,7.5
Bangalore Days,2014,28535,8.3
Holding the Man,2015,14321,7.5
Badlapur,2015,28991,7.4
Bridge of Spies,2015,346476,7.6
Heaven Knows What,2014,10569,6.8
The Voice of Hind Rajab,2025,20422,8.2
Coming Soon,2014,37453,7.3
Remember,2015,30010,7.5
Elvis,2022,263840,7.3
Brain on Fire,2016,26337,6.6
The Hollars,2016,15744,6.6
Irrational Man,2015,70900,6.6
Elle,2016,74869,7.1
The Disappearance of Eleanor Rigby: Her,2013,10154,6.8
American Honey,2016,50206,7.0
Maudie,2016,25957,7.6
The Lady in the Van,2015,34926,6.7
Experimenter,2015,20959,6.6
Bajirao Mastani,2015,42826,7.3
The Leisure Seeker,2017,10769,6.7
Lion,2016,268215,8.0
NH 10,2015,15051,7.2
The Second Mother,2015,19547,7.8
The Wife,2017,45270,7.2
Yan Yana,2025,11155,7.4
Truman,2015,14807,7.3
Our Little Sister,2015,19209,7.6
Jungle,2017,72228,6.7
"Hello, My Name Is Doris",2015,23566,6.6
Piku,2015,37149,7.6
Snowden,2016,173982,7.3
They Call Me Jeeg Robot,2015,17666,7.0
Journey's End,2017,12531,6.7
La La Land,2016,773448,8.0
The Brand New Testament,2015,37252,7.1
Blast,2026,16630,7.3
Kaththi,2014,33242,8.1
Mission Muh Dikhayi,2025,10837,8.5
Son of Saul,2015,54756,7.4
Velaiyilla Pattathari,2014,9666,7.9
Tangerine,2015,43444,7.1
Big Time Adolescence,2019,17763,6.9
Labyrinth of Lies,2014,14705,7.3
Only the Brave,2017,93249,7.6
A War,2015,11698,7.0
The Outpost,2019,48490,6.9
Land of Mine,2015,49636,7.8
To All the Boys I've Loved Before,2018,142359,7.0
Truth,2015,22769,6.8
Bajrangi Bhaijaan,2015,112891,8.1
Men & Chicken,2015,16136,6.7
Stronger,2017,54508,6.9
Baby Driver,2017,691892,7.5
Leave No Trace,2018,70814,7.1
The Breadwinner,2017,31157,7.7
All the Bright Places,2020,45591,6.6
Worlds Apart,2015,9601,7.3
Jockey,2026,14727,7.8
Brian Banks,2018,10898,7.2
Muhammad: The Messenger of God,2015,13098,7.2
The Siege of Jadotville,2016,48612,7.2
Popstar: Never Stop Never Stopping,2016,74636,6.7
Mustang,2015,43298,7.6
Okja,2017,142825,7.3
4th Man Out,2015,11496,6.7
The House That Jack Built,2018,107406,6.8
Colonia,2015,59950,7.0
The Tale,2018,21704,7.2
The Book of Vision,2020,18165,7.1
The Handmaiden,2016,207088,8.1
Suburra,2015,23316,7.4
The Innocents,2021,30297,7.0
Manchester by the Sea,2016,361223,7.8
Swiss Army Man,2016,142255,6.9
Toni Erdmann,2016,55509,7.3
Firebird,2021,15201,7.1
The Unknown Soldier,2017,14917,7.7
The Nightingale,2018,41312,7.3
Ali and Nino,2016,11718,6.8
A Man Called Ove,2015,75389,7.7
The Valet,2022,19044,6.7
Dheepan,2015,18053,7.2
Battle for Sevastopol,2015,15480,7.0
Department Q: A Conspiracy of Faith,2016,24974,7.0
Forever My Girl,2018,25753,6.6
Dil Dhadakne Do,2015,22277,7.1
Whisper If I Forget,2014,19245,7.5
Things to Come,2016,15454,6.9
Florence Foster Jenkins,2016,62549,6.8
The Legend of Maula Jatt,2022,11739,8.4
Other People,2016,13077,6.8
M.S. Dhoni: The Untold Story,2016,76877,8.0
13 Hours,2016,181739,7.3
Look Who's Back,2015,54404,7.0
The Gift,2015,186978,7.0
Anthropoid,2016,60363,7.2
Lemonade,2015,15426,7.3
Indignation,2016,13057,6.7
The Birth of a Nation,2016,22734,6.6
Mr. Church,2016,34583,7.6
Molly's Game,2017,205263,7.4
Widows,2018,109576,6.8
Victoria,2015,67711,7.5
The Last Duel,2021,209144,7.3
Alpha,2018,72257,6.6
Miracles from Heaven,2016,32135,7.1
Yennai Arindhaal,2015,11181,7.3
Shin Godzilla,2016,46655,6.9
The Witch,2015,357472,7.0
Krisha,2015,10944,7.1
Grandma,2015,18090,6.7
Under the Shadow,2016,32856,6.8
The Good Nurse,2022,91755,6.8
The Founder,2016,207887,7.2
Embrace of the Serpent,2015,26033,7.8
Lady Macbeth,2016,30183,6.8
Sweet Bean,2015,14342,7.4
Ivy,2015,14881,7.9
Uttar Da Puttar,2026,12628,9.1
I'm No Longer Here,2019,10525,7.3
Julieta,2016,35597,7.1
Queen of Katwe,2016,20216,7.4
The Last Black Man in San Francisco,2019,23216,7.2
The King's Choice,2016,11174,7.1
Taxi,2015,18512,7.3
The Peanut Butter Falcon,2019,120770,7.6
The Innocents,2016,12329,7.3
The Club,2015,12710,7.2
20th Century Women,2016,52739,7.3
Airlift,2016,61734,7.9
The Clan,2015,15301,6.9
The Secret: Dare to Dream,2020,20340,6.6
Papanasam,2015,9593,8.4
Pyaar Ka Punchnama 2,2015,17669,7.2
Drishyam,2015,110361,8.2
Udta Punjab,2016,34386,7.7
Giant Little Ones,2018,11121,7.2
Gifted,2017,161105,7.6
Gran Turismo,2023,137935,7.1
Café Society,2016,85076,6.6
Miss Sloane,2016,89479,7.5
The Girl with All the Gifts,2016,69589,6.6
Nocturnal Animals,2016,341264,7.4
Darkest Hour,2017,245019,7.4
This Beautiful Fantastic,2016,14614,6.9
The Distinguished Citizen,2016,14456,7.5
Patriots Day,2016,122923,7.3
The Book of Henry,2017,30866,6.6
Christopher Robin,2018,91419,7.2
The Resistance Banker,2018,11764,6.9
Purple Hearts,2022,73771,6.7
Like Crazy,2016,10790,7.1
Battle of the Sexes,2017,64084,6.7
Roofman,2025,84954,6.9
Shot Caller,2017,114930,7.3
Masaan,2015,35919,8.1
Denial,2016,25454,6.8
It's Only the End of the World,2016,26414,6.8
Harriet,2019,36856,6.8
Please Stand By,2017,17429,6.7
Christine,2016,18047,6.9
Lords of Chaos,2018,22723,6.6
On the Basis of Sex,2018,42626,7.1
Loving,2016,38683,7.0
Premam,2015,28677,8.3
Collateral Beauty,2016,109813,6.8
The Death of Stalin,2017,127778,7.3
Neruda,2016,11527,6.8
Hunt for the Wilderpeople,2016,155264,7.8
The Exception,2016,17112,6.8
Srimanthudu,2015,14476,7.5
Divines,2016,11082,7.3
Fatherhood,2021,47178,6.6
The Mauritanian,2021,72543,7.5
In This Corner of the World,2016,14064,7.8
The Fury of a Patient Man,2016,13165,6.7
Maleficent: Mistress of Evil,2019,133646,6.6
Midnight Sun,2018,40183,6.6
The Best of Enemies,2019,22293,7.3
Te3n,2016,15182,7.2
Tigers Are Not Afraid,2017,10598,6.9
Sultan,2016,59917,7.1
Good Time,2017,158097,7.3
Hidden Figures,2016,292642,7.8
Baahubali 2: The Conclusion,2017,135907,8.2
Maheshinte Prathikaaram,2016,11982,8.3
The Invisible Guest,2016,215967,8.0
Then Came You,2018,14963,6.9
The Covenant,2023,214232,7.5
First They Killed My Father,2017,22372,7.2
Megan Leavey,2017,30408,7.1
Kapoor & Sons,2016,34063,7.7
Perfect Strangers,2016,77946,7.7
Goodbye Berlin,2016,12148,6.9
Just Mercy,2019,85545,7.6
Lady Bird,2017,367155,7.4
Talvar,2015,43834,8.1
Graduation,2016,15644,7.3
May God Save Us,2016,13547,7.1
The Command,2018,23924,6.6
Raw,2016,97296,6.9
Till,2022,18056,7.2
Everybody Knows,2018,40521,6.9
The Sisters Brothers,2018,75791,6.9
Don't Think Twice,2016,18791,6.7
Moonlight,2016,354811,7.4
24,2016,26999,7.9
Rebel in the Rye,2017,11645,6.7
Thani Oruvan,2015,24340,8.4
Visaaranai,2015,15837,8.4
The Red Sea Diving Resort,2019,35376,6.6
The Square,2017,83287,7.1
Ordinary Angels,2024,22433,7.4
The New Classmate,2015,9869,8.2
Dunkirk,2017,821886,7.8
Handsome Devil,2016,18897,7.0
The Last Word,2017,10193,6.6
"Three Billboards Outside Ebbing, Missouri",2017,613454,8.1
Frantz,2016,18891,7.5
Our Souls at Night,2017,16868,6.9
Sicario: Day of the Soldado,2018,193961,7.1
Dangal,2016,246694,8.3
Delibal,2015,13417,6.7
Two Is a Family,2016,30458,7.3
Charlie,2015,15267,8.1
The Favourite,2018,260498,7.5
Blade of the Immortal,2017,20758,6.7
Nannaku Prematho,2016,12085,7.5
Mother!,2017,270005,6.6
Super Dark Times,2017,27693,6.6
Lee,2023,35905,6.9
Togo,2019,62900,7.9
Wild Rose,2018,17126,7.1
The Pirates of Somalia,2017,12121,6.7
At the End of the Tunnel,2016,16905,7.0
The Dry,2020,41377,6.8
Mrs. Harris Goes to Paris,2022,37859,7.1
"Love, Simon",2018,135668,7.5
Rustom,2016,31663,7.0
"I, Daniel Blake",2016,68707,7.8
Young Woman and the Sea,2024,20545,7.5
The Salesman,2016,69218,7.7
South Wind,2018,13239,7.8
Operation Finale,2018,54720,6.6
The Wailing,2016,101313,7.4
Aquarius,2016,22268,7.4
The Other Me,2016,14334,7.9
The Other Side of Hope,2017,14906,7.2
61 Days,2016,17433,7.3
Paterson,2016,96267,7.3
Sanam Teri Kasam,2016,23203,7.6
See You Up There,2017,12270,7.4
Neerja,2016,25299,7.6
All the Money in the World,2017,96932,6.8
After the Storm,2016,14377,7.4
Marshall,2017,29212,7.3
Jersey,2022,15788,7.3
Nyad,2023,45222,7.1
Happy End,2017,18128,6.6
Irudhi Suttru,2016,13014,7.6
Your Name.,2016,401077,8.4
Never Look Away,2018,28423,7.7
Sairat,2016,16531,8.3
A Silent Voice: The Movie,2016,147768,8.2
Twin Peaks: The Missing Pieces,2014,15849,7.5
Lean on Pete,2017,14948,7.1
Wind River,2017,318687,7.7
Sound of Metal,2019,188066,7.7
Detroit,2017,59267,7.3
Official Secrets,2019,61255,7.3
Woman Walks Ahead,2017,9615,6.7
Colette,2018,28321,6.7
Theri,2016,26748,7.4
303,2018,9897,7.5
Kaabil,2017,33509,7.2
Life and a Day,2016,19803,8.1
Hotel Mumbai,2018,80033,7.6
The Big Sick,2017,151236,7.5
Husband Material,2018,9793,6.8
Hostiles,2017,108422,7.2
Border,2018,37679,7.0
The Goat Life,2024,50544,7.1
Private Life,2018,23910,7.2
The Meyerowitz Stories,2017,56999,6.9
Killers of the Flower Moon,2023,311547,7.5
The Nile Hilton Incident,2017,10501,6.8
To the Bone,2017,59803,6.7
The African Doctor,2016,12299,7.0
The Good Liar,2019,54699,6.7
Pink,2016,52554,8.0
"I, Tonya",2017,263101,7.5
The Hate U Give,2018,44030,7.5
The Shape of Water,2017,478976,7.3
Doctor Sleep,2019,247092,7.3
"Juliet, Naked",2018,26580,6.6
On Body and Soul,2017,31713,7.5
Tully,2018,66846,6.9
Mid90s,2018,89336,7.4
Beast,2017,18755,6.8
God's Own Country,2017,41983,7.6
A Fantastic Woman,2017,28614,7.1
The Burial,2023,43442,7.1
Thoroughbreds,2017,49691,6.6
The Florida Project,2017,148574,7.6
Brawl in Cell Block 99,2017,83817,7.1
Psycho Raman,2016,17548,7.3
Mardaani 2,2019,12269,7.3
Sorry to Bother You,2018,95361,6.9
Mom,2017,13395,7.2
C'est la vie!,2017,13888,6.9
I Don't Feel at Home in This World Anymore,2017,67982,6.9
Film Stars Don't Die in Liverpool,2017,11235,6.7
Madaari,2016,16341,7.6
The Killing of a Sacred Deer,2017,217724,7.0
Breathe,2017,26742,7.2
In the Fade,2017,38001,7.1
Call Me by Your Name,2017,363191,7.8
Uncut Gems,2019,360262,7.4
Borg vs. McEnroe,2017,36652,6.9
You Were Never Really Here,2017,136185,6.7
Small Town Crime,2017,13377,6.6
Hindi Medium,2017,36397,7.9
Summer of 84,2018,51995,6.7
Phantom Thread,2017,163467,7.4
Toilet: A Love Story,2017,26202,7.2
Brigsby Bear,2017,18923,7.3
The Mountain II,2016,112982,8.1
The Party,2017,23005,6.6
Victoria & Abdul,2017,40226,6.8
Pelli Choopulu,2016,12588,8.2
A Hidden Life,2019,32569,7.4
Lucky,2017,28680,7.3
Aruvi,2016,15159,8.3
Marrowbone,2017,51202,6.7
Tunnel,2016,12277,6.8
Blue Jay,2016,23130,7.2
Gantz: O,2016,18008,7.1
Wildlife,2018,33941,6.8
The Professor and the Madman,2019,55441,7.2
Padmaavat,2018,41524,7.1
Dear Zindagi,2016,47781,7.4
The Mustang,2019,15378,6.8
Vada Chennai,2018,24722,8.4
Ingrid Goes West,2017,52311,6.6
The Angel,2018,16727,6.7
The Battleship Island,2017,9587,7.1
Jolly LLB 2,2017,31186,7.2
Life Itself,2018,27337,6.9
Columbus,2017,24691,7.2
Custody,2017,11445,7.5
Last Flag Flying,2017,30951,6.9
The Children Act,2017,17022,6.7
Skin,2018,21383,6.8
Greyhound,2020,135859,7.0
First Reformed,2017,68220,7.1
Monos,2019,19960,6.8
Light of My Life,2019,17238,6.6
Lucifer,2019,16200,7.5
Perfect Strangers,2017,16586,6.9
The Lion King,2019,294476,6.8
Secret Superstar,2017,32565,7.7
Disobedience,2017,40480,6.6
Bhavesh Joshi Superhero,2018,11636,7.6
Professor Marston & the Wonder Women,2017,30645,7.0
120 BPM (Beats Per Minute),2017,17765,7.4
The Aeronauts,2019,40325,6.6
Vikram Vedha,2017,55882,8.2
Roma,2018,179345,7.6
Gold,2018,15623,7.3
Trapped,2016,15160,7.5
American Animals,2018,53572,7.0
The Rider,2017,22300,7.4
Calibre,2018,39219,6.8
The Man Who Invented Christmas,2017,22167,7.0
The Miseducation of Cameron Post,2018,27822,6.6
Kesari,2019,26493,7.4
A Ghost Story,2017,87319,6.8
Vice,2018,176132,7.2
The Banker,2020,43462,7.3
"Don't Worry, He Won't Get Far on Foot",2018,33459,6.8
Patti Cake$,2017,10863,6.8
I Am Mother,2019,106895,6.7
The Post,2017,173285,7.2
The Ghazi Attack,2017,16141,7.5
Pandora,2016,9718,6.7
Thelma,2017,40117,6.9
Loveless,2017,37904,7.6
Ayla: The Daughter of War,2017,48914,8.2
Penguin Bloom,2020,13755,6.8
Creed II,2018,173136,7.1
Raajakumara,2017,10218,7.9
Dhuruvangal Pathinaaru,2016,19169,8.2
Birds of Passage,2018,13981,7.5
Invisible Life,2019,10884,7.7
Bombshell,2019,137021,6.8
Downton Abbey,2019,71937,7.4
The Ballad of Buster Scruggs,2018,186154,7.2
Moxie,2021,30911,6.7
I Can Only Imagine,2018,21023,7.3
Sanju,2018,67990,7.6
Five Feet Apart,2019,98465,7.2
Clouds,2020,13011,7.5
Newton,2017,22532,7.6
Dragged Across Concrete,2018,62816,6.9
Fighting with My Family,2019,93750,7.0
Salyut-7: The True Story of the Soviet 'Apollo 13',2017,13141,7.2
Cold War,2018,65876,7.5
The White Tiger,2021,70529,7.1
Blame!,2017,10141,6.6
The Boy and the Heron,2023,150209,7.3
Hichki,2018,15552,7.5
The Wild Pear Tree,2018,31157,8.0
Bad Times at the El Royale,2018,180162,7.1
A Quiet Place,2018,666192,7.5
Transit,2018,12959,6.9
Outlaw King,2018,89021,6.9
Ladies in Black,2018,9645,6.8
The Photographer of Mauthausen,2018,14212,6.8
Trance,2020,10590,7.3
Scenes from a Marriage,1974,10583,8.3
The Guilty,2018,69708,7.5
Parasite,2019,1186221,8.5
Happy as Lazzaro,2018,23445,7.5
The Captain,2017,24361,7.3
Dogman,2018,31817,7.2
Hillbilly Elegy,2020,61667,6.7
Bad Genius,2017,25707,7.6
Champions,2018,13130,7.2
The Vast of Night,2019,50857,6.7
Arctic,2018,63880,6.8
Benedetta,2021,30452,6.7
Glass,2019,306337,6.6
Parmanu: The Story of Pokhran,2018,26809,7.6
Mr. Jones,2019,18719,6.9
Summerland,2020,10847,7.1
Palmer,2021,52151,7.3
The Professor,2018,41907,6.7
A Taxi Driver,2017,38849,7.9
News of the World,2020,101805,6.8
The Girl in the Fog,2017,14822,6.8
Mirai,2018,19993,7.0
Mirage,2018,72432,7.4
Bergman Island,2021,11753,6.6
Resistance,2020,10229,6.6
Midway,2019,106377,6.7
Puzzle,2018,9573,6.7
At Eternity's Gate,2018,44719,6.9
The Kindergarten Teacher,2018,18957,6.7
Sweet Country,2017,10158,6.9
Green Book,2018,698515,8.2
Blackmail,2018,13569,7.2
Bharath Ane Nenu,2018,20250,7.4
Boy Erased,2018,46479,6.9
Eighth Grade,2018,87302,7.3
The Summit of the Gods,2021,11578,7.5
96,2018,46109,8.5
Super Deluxe,2019,20203,8.2
Kurup,2021,18367,7.0
Kedarnath,2018,16381,6.8
The Insult,2017,19195,7.6
Ratsasan,2018,60675,8.3
The Place,2017,13766,7.0
The Accountant 2,2025,134486,6.6
The Candidate,2018,10386,7.1
Raazi,2018,37655,7.7
On My Skin: The Last Seven Days of Stefano Cucchi,2018,10918,7.3
Balloon,2018,15099,7.5
If Beale Street Could Talk,2018,55358,7.1
Once Upon a Time in... Hollywood,2019,973228,7.6
Sir,2018,9710,7.7
Sui Dhaaga: Made in India,2018,11466,6.8
Hearts Beat Loud,2018,12515,6.9
Along With the Gods: The Two Worlds,2017,22425,7.2
The Zone of Interest,2023,191532,7.3
The Brawler,2017,9599,8.0
El Angel,2018,12453,6.9
Ludo,2020,46407,7.6
Pad Man,2018,32978,7.8
I Want to Eat Your Pancreas,2018,37590,8.1
Blindspotting,2018,34407,7.4
Minnal Murali,2021,35381,7.8
Woman at War,2018,12144,7.4
22 July,2018,41150,6.8
Burning,2018,86933,7.4
Joker,2019,1716088,8.3
Arjun Reddy,2017,30365,7.9
Ash Is Purest White,2018,11651,7.0
Butterflies,2018,21399,7.3
Triangle of Sadness,2022,219139,7.2
Maquia: When the Promised Flower Blooms,2018,11153,7.4
Raid,2018,24027,7.4
Khuda Haafiz,2020,22925,7.1
"Paul, Apostle of Christ",2018,11615,6.7
C/o Kancharapalem,2018,11015,8.8
Rangasthalam,2018,31440,8.2
The Devil All the Time,2020,172158,7.1
Instant Family,2018,137091,7.3
A Man Called Otto,2022,214533,7.5
Daddio,2023,16590,6.7
Mahanati,2018,16731,8.4
777 Charlie,2022,48221,8.7
Shaadi Mein Zaroor Aana,2017,20123,7.5
Munich: The Edge of War,2021,40060,6.8
Sink or Swim,2018,13246,6.9
Super 30,2019,42663,7.9
Nothing to Hide,2018,18748,6.8
The Call of the Wild,2020,64823,6.7
'83,2021,43280,7.5
The Boy Who Harnessed the Wind,2019,53220,7.6
Ben Is Back,2018,25695,6.7
Judy,2019,58812,6.8
Saint Maud,2019,56601,6.6
Sound of Freedom,2023,138893,7.6
Luce,2019,16293,6.6
A Dog's Way Home,2019,22969,6.7
Mulk,2018,22601,7.2
Plus One,2019,20230,6.6
Marriage Story,2019,374216,7.9
Three Identical Strangers,2018,45274,7.6
Searching,2018,194183,7.6
The Golden Glove,2019,22458,6.7
Brittany Runs a Marathon,2019,24037,6.8
A Call to Spy,2019,10040,6.7
October,2018,21220,7.6
Sarkar,2018,24073,6.7
Badhaai Ho,2018,41066,7.9
Viswasam,2019,15287,7.1
The Traitor,2019,14662,7.1
Woman of the Hour,2023,76149,6.6
Thunder Road,2018,20831,7.0
Resurrection,2018,18881,8.6
Nightmare Alley,2021,184005,7.0
Aravindha Sametha,2018,10744,7.3
Never Rarely Sometimes Always,2020,29912,7.3
Spoiler Alert,2022,9782,7.4
Hereditary,2018,465967,7.3
Thadam,2019,10022,8.1
Marighella,2019,48357,7.1
Müslüm,2018,21903,7.6
K.G.F: Chapter 1,2018,112611,8.1
Enola Holmes,2020,253869,6.7
Stranger in My Pocket,2018,11195,6.8
Nobody,2021,401557,7.4
One Cut of the Dead,2017,36000,7.6
Karwaan,2018,20765,7.6
The Mule,2018,170159,7.0
Utoya: July 22,2018,17269,7.2
Apollo 10½: A Space Age Childhood,2022,13635,7.2
The Lighthouse,2019,307383,7.4
The King,2019,181560,7.3
Hustle,2022,166437,7.3
Worth,2020,20866,6.8
Laila Majnu,2018,10216,7.6
Paddleton,2019,16584,7.2
Words on Bathroom Walls,2020,15877,7.2
The Hill,2023,9872,6.7
The Man Who Feels No Pain,2018,9910,7.3
Shoplifters,2018,96222,7.9
The Woman King,2022,83938,6.9
Flamin' Hot,2023,21684,6.8
Sonchiriya,2019,13657,7.9
The Tashkent Files,2019,39443,8.0
Tanhaji: The Unsung Warrior,2020,38862,7.5
Dil Bechara,2020,138157,8.3
Along With the Gods: The Last 49 Days,2018,10847,7.1
To Leslie,2022,19640,7.1
Badla,2019,35130,7.8
Section 375,2019,21607,8.1
Honey Boy,2019,43209,7.2
Pariyerum Perumal,2018,20660,8.6
Flavors of Youth,2018,9766,6.6
RRR,2022,226209,7.8
Long Day's Journey Into Night,2018,10978,7.1
Deerskin,2019,13214,6.6
The Report,2019,57371,7.2
Tumbbad,2018,76767,8.2
Girl,2018,18154,7.2
Blinded by the Light,2019,28719,6.9
Capernaum,2018,126109,8.4
Vakeel Saab,2021,13020,6.9
Uri: The Surgical Strike,2019,85010,8.2
Pain and Glory,2019,67568,7.5
Jerry & Marge Go Large,2022,36326,6.9
A Quiet Place Part II,2020,327284,7.2
Maharshi,2019,11382,7.1
Sorry We Missed You,2019,28428,7.6
Climax,2018,90768,6.9
The Apprentice,2024,74960,7.1
The Courier,2020,82381,7.2
Queen of Hearts,2019,17270,7.0
A Dog's Journey,2019,33495,7.5
Dear Comrade,2019,11710,7.3
Babyteeth,2019,20831,7.2
The Two Popes,2019,147602,7.6
Kumbalangi Nights,2019,22022,8.5
12 Mighty Orphans,2021,10035,6.9
Hamilton,2020,141864,8.3
Good Newwz,2019,23767,6.8
Dolemite Is My Name,2019,68441,7.2
System Crasher,2019,16767,7.8
The Way Back,2020,57195,6.7
1917,2019,781677,8.2
Geetha Govindam,2018,17906,7.7
Portrait of a Lady on Fire,2019,129402,8.0
"Quo Vadis, Aida?",2020,42208,8.0
After Yang,2021,26605,6.6
Run,2020,114670,6.7
The Farewell,2019,75977,7.5
Corpus Christi,2019,24324,7.7
Waves,2019,38975,7.5
Violet Evergarden: The Movie,2020,14983,8.3
The Specials,2019,12506,7.4
"tick, tick... BOOM!",2021,129688,7.5
Jallikattu,2019,9664,7.3
Queen & Slim,2019,37509,7.1
Toma,2021,13401,8.6
The Collini Case,2019,15589,7.3
The Swimmers,2022,40865,7.4
Chaman Bahaar,2020,11316,6.9
Matthias & Maxime,2019,10408,6.8
Midsommar,2019,494079,7.1
Freaks,2018,45089,6.7
Ema,2019,10036,6.7
The French Dispatch,2021,169971,7.1
Guava Island,2019,12243,6.7
Batla House,2019,13362,7.2
Passing,2021,17816,6.6
The Sky Is Pink,2019,10850,7.6
Angrezi Medium,2020,19145,7.2
Knives Out,2019,886553,7.9
Jersey,2019,30170,8.5
Petta,2019,15212,7.2
And Then We Danced,2019,15781,7.6
The Kid Detective,2020,26458,7.0
Chhalaang,2020,20546,6.6
Kabir Singh,2019,46089,7.0
Jhund,2022,26254,7.4
The Brutalist,2024,161560,7.2
2018,2023,16977,8.3
Living,2022,40295,7.2
Chhichhore,2019,73912,8.3
Doctor G,2022,19678,6.6
Dinner in America,2020,17119,7.5
Dark Waters,2019,122857,7.6
Sharmaji Namkeen,2022,13846,7.4
The Lost Daughter,2021,82510,6.7
Black Panther: Wakanda Forever,2022,397886,6.6
The Eyes of Tammy Faye,2021,79615,6.6
Champion,2018,14437,8.2
Cherry,2021,42743,6.6
The Shadow in My Eye,2021,19355,7.3
La belle époque,2019,22039,7.4
Minamata,2020,25183,7.2
"Are You There God? It's Me, Margaret.",2023,38981,7.3
Three Thousand Years of Longing,2022,73515,6.7
Emma.,2020,72763,6.7
First Cow,2019,24766,7.1
El Camino,2019,350121,7.3
Mission Mangal,2019,20884,6.6
Mosul,2019,33529,7.1
Bigil,2019,27462,6.7
Rocketry: The Nambi Effect,2022,62466,8.6
The Wonder,2022,50118,6.6
Let Him Go,2020,41326,6.7
Pushpa: The Rise - Part 1,2021,101062,7.6
Where the Crawdads Sing,2022,160326,7.2
Weathering with You,2019,71751,7.5
Asuran,2019,37605,8.4
Black Mirror: Bandersnatch,2018,143707,7.1
Pocket Hercules: Naim Süleymanoglu,2019,15793,8.2
The Hater,2020,18799,7.1
Ala Vaikunthapurramuloo,2020,26945,7.3
Kaagaz,2021,9974,7.3
Better Days,2019,17363,7.6
Our Friend,2019,18253,7.3
King Richard,2021,192970,7.5
Promising Young Woman,2020,257935,7.5
Last Night in Soho,2021,201483,7.0
Close,2022,48856,7.8
Nerkonda Paarvai,2019,11408,7.7
The Half of It,2020,47874,6.9
The King of Staten Island,2020,82713,7.1
Fear Street: Part Two - 1978,2021,91953,6.7
Narvik: Hitler's First Defeat,2022,21111,6.6
Persian Lessons,2020,15835,7.4
Nomadland,2020,221165,7.3
The Tomorrow War,2021,256571,6.6
Judas and the Black Messiah,2021,115892,7.4
Athiran,2019,10531,6.7
I Lost My Body,2019,38975,7.5
Law of Tehran,2019,21309,7.7
Major,2022,34489,8.1
Rascal Does Not Dream of a Dreaming Girl,2019,10648,8.3
